W0420 22:55:47.069000 25196 torch\_higher_order_ops\triton_kernel_wrap.py:1151] [0/0] Encountered an exception in identify_accessed_tensors, assuming every input is mutated
W0420 22:55:47.069000 25196 torch\_higher_order_ops\triton_kernel_wrap.py:1151] [0/0] Traceback (most recent call last):
W0420 22:55:47.069000 25196 torch\_higher_order_ops\triton_kernel_wrap.py:1151] [0/0]   File "C:\Users\adars\AppData\Roaming\Python\Python314\site-packages\torch\_higher_order_ops\triton_kernel_wrap.py", line 1111, in identify_accessed_tensors
W0420 22:55:47.069000 25196 torch\_higher_order_ops\triton_kernel_wrap.py:1151] [0/0]     ttir_module, ordered_arg_names = generate_ttir(
W0420 22:55:47.069000 25196 torch\_higher_order_ops\triton_kernel_wrap.py:1151] [0/0]                                      ~~~~~~~~~~~~~^
W0420 22:55:47.069000 25196 torch\_higher_order_ops\triton_kernel_wrap.py:1151] [0/0]         kernel, kwargs, tma_descriptor_metadata
W0420 22:55:47.069000 25196 torch\_higher_order_ops\triton_kernel_wrap.py:1151] [0/0]         ^^^^^^^^^^^^^^^^^^^^^^^^^^^^^^^^^^^^^^^
W0420 22:55:47.069000 25196 torch\_higher_order_ops\triton_kernel_wrap.py:1151] [0/0]     )
W0420 22:55:47.069000 25196 torch\_higher_order_ops\triton_kernel_wrap.py:1151] [0/0]     ^
W0420 22:55:47.069000 25196 torch\_higher_order_ops\triton_kernel_wrap.py:1151] [0/0]   File "C:\Users\adars\AppData\Roaming\Python\Python314\site-packages\torch\_higher_order_ops\triton_kernel_wrap.py", line 293, in generate_ttir
W0420 22:55:47.069000 25196 torch\_higher_order_ops\triton_kernel_wrap.py:1151] [0/0]     raise ValueError(
W0420 22:55:47.069000 25196 torch\_higher_order_ops\triton_kernel_wrap.py:1151] [0/0]     ...<2 lines>...
W0420 22:55:47.069000 25196 torch\_higher_order_ops\triton_kernel_wrap.py:1151] [0/0]     )
W0420 22:55:47.069000 25196 torch\_higher_order_ops\triton_kernel_wrap.py:1151] [0/0] ValueError: Incorrect number of arguments passed to kernel: passed ['a_ptr', 'b_ptr', 'c_ptr', 'M', 'N', 'K', 'stride_am', 'stride_ak', 'stride_bk', 'stride_bn', 'stride_cm', 'stride_cn'], expected ['a_ptr', 'b_ptr', 'c_ptr', 'M', 'N', 'K', 'stride_am', 'stride_ak', 'stride_bk', 'stride_bn', 'stride_cm', 'stride_cn', 'BLOCK_M', 'BLOCK_N', 'BLOCK_K', 'GROUP_SIZE_M'].
W0420 22:55:47.103000 25196 torch\_higher_order_ops\triton_kernel_wrap.py:1151] [0/0] Encountered an exception in identify_accessed_tensors, assuming every input is mutated
W0420 22:55:47.103000 25196 torch\_higher_order_ops\triton_kernel_wrap.py:1151] [0/0] Traceback (most recent call last):
W0420 22:55:47.103000 25196 torch\_higher_order_ops\triton_kernel_wrap.py:1151] [0/0]   File "C:\Users\adars\AppData\Roaming\Python\Python314\site-packages\torch\_higher_order_ops\triton_kernel_wrap.py", line 1111, in identify_accessed_tensors
W0420 22:55:47.103000 25196 torch\_higher_order_ops\triton_kernel_wrap.py:1151] [0/0]     ttir_module, ordered_arg_names = generate_ttir(
W0420 22:55:47.103000 25196 torch\_higher_order_ops\triton_kernel_wrap.py:1151] [0/0]                                      ~~~~~~~~~~~~~^
W0420 22:55:47.103000 25196 torch\_higher_order_ops\triton_kernel_wrap.py:1151] [0/0]         kernel, kwargs, tma_descriptor_metadata
W0420 22:55:47.103000 25196 torch\_higher_order_ops\triton_kernel_wrap.py:1151] [0/0]         ^^^^^^^^^^^^^^^^^^^^^^^^^^^^^^^^^^^^^^^
W0420 22:55:47.103000 25196 torch\_higher_order_ops\triton_kernel_wrap.py:1151] [0/0]     )
W0420 22:55:47.103000 25196 torch\_higher_order_ops\triton_kernel_wrap.py:1151] [0/0]     ^
W0420 22:55:47.103000 25196 torch\_higher_order_ops\triton_kernel_wrap.py:1151] [0/0]   File "C:\Users\adars\AppData\Roaming\Python\Python314\site-packages\torch\_higher_order_ops\triton_kernel_wrap.py", line 293, in generate_ttir
W0420 22:55:47.103000 25196 torch\_higher_order_ops\triton_kernel_wrap.py:1151] [0/0]     raise ValueError(
W0420 22:55:47.103000 25196 torch\_higher_order_ops\triton_kernel_wrap.py:1151] [0/0]     ...<2 lines>...
W0420 22:55:47.103000 25196 torch\_higher_order_ops\triton_kernel_wrap.py:1151] [0/0]     )
W0420 22:55:47.103000 25196 torch\_higher_order_ops\triton_kernel_wrap.py:1151] [0/0] ValueError: Incorrect number of arguments passed to kernel: passed ['a_ptr', 'b_ptr', 'c_ptr', 'M', 'N', 'K', 'stride_am', 'stride_ak', 'stride_bk', 'stride_bn', 'stride_cm', 'stride_cn'], expected ['a_ptr', 'b_ptr', 'c_ptr', 'M', 'N', 'K', 'stride_am', 'stride_ak', 'stride_bk', 'stride_bn', 'stride_cm', 'stride_cn', 'BLOCK_M', 'BLOCK_N', 'BLOCK_K', 'GROUP_SIZE_M'].
W0420 22:55:48.365000 25196 torch\_higher_order_ops\triton_kernel_wrap.py:1151] [0/0] Encountered an exception in identify_accessed_tensors, assuming every input is mutated
W0420 22:55:48.365000 25196 torch\_higher_order_ops\triton_kernel_wrap.py:1151] [0/0] Traceback (most recent call last):
W0420 22:55:48.365000 25196 torch\_higher_order_ops\triton_kernel_wrap.py:1151] [0/0]   File "C:\Users\adars\AppData\Roaming\Python\Python314\site-packages\torch\_higher_order_ops\triton_kernel_wrap.py", line 1111, in identify_accessed_tensors
W0420 22:55:48.365000 25196 torch\_higher_order_ops\triton_kernel_wrap.py:1151] [0/0]     ttir_module, ordered_arg_names = generate_ttir(
W0420 22:55:48.365000 25196 torch\_higher_order_ops\triton_kernel_wrap.py:1151] [0/0]                                      ~~~~~~~~~~~~~^
W0420 22:55:48.365000 25196 torch\_higher_order_ops\triton_kernel_wrap.py:1151] [0/0]         kernel, kwargs, tma_descriptor_metadata
W0420 22:55:48.365000 25196 torch\_higher_order_ops\triton_kernel_wrap.py:1151] [0/0]         ^^^^^^^^^^^^^^^^^^^^^^^^^^^^^^^^^^^^^^^
W0420 22:55:48.365000 25196 torch\_higher_order_ops\triton_kernel_wrap.py:1151] [0/0]     )
W0420 22:55:48.365000 25196 torch\_higher_order_ops\triton_kernel_wrap.py:1151] [0/0]     ^
W0420 22:55:48.365000 25196 torch\_higher_order_ops\triton_kernel_wrap.py:1151] [0/0]   File "C:\Users\adars\AppData\Roaming\Python\Python314\site-packages\torch\_higher_order_ops\triton_kernel_wrap.py", line 293, in generate_ttir
W0420 22:55:48.365000 25196 torch\_higher_order_ops\triton_kernel_wrap.py:1151] [0/0]     raise ValueError(
W0420 22:55:48.365000 25196 torch\_higher_order_ops\triton_kernel_wrap.py:1151] [0/0]     ...<2 lines>...
W0420 22:55:48.365000 25196 torch\_higher_order_ops\triton_kernel_wrap.py:1151] [0/0]     )
W0420 22:55:48.365000 25196 torch\_higher_order_ops\triton_kernel_wrap.py:1151] [0/0] ValueError: Incorrect number of arguments passed to kernel: passed ['a_ptr', 'b_ptr', 'c_ptr', 'M', 'N', 'K', 'stride_am', 'stride_ak', 'stride_bk', 'stride_bn', 'stride_cm', 'stride_cn'], expected ['a_ptr', 'b_ptr', 'c_ptr', 'M', 'N', 'K', 'stride_am', 'stride_ak', 'stride_bk', 'stride_bn', 'stride_cm', 'stride_cn', 'BLOCK_M', 'BLOCK_N', 'BLOCK_K', 'GROUP_SIZE_M'].
W0420 22:55:48.367000 25196 torch\_higher_order_ops\triton_kernel_wrap.py:1151] [0/0] Encountered an exception in identify_accessed_tensors, assuming every input is mutated
W0420 22:55:48.367000 25196 torch\_higher_order_ops\triton_kernel_wrap.py:1151] [0/0] Traceback (most recent call last):
W0420 22:55:48.367000 25196 torch\_higher_order_ops\triton_kernel_wrap.py:1151] [0/0]   File "C:\Users\adars\AppData\Roaming\Python\Python314\site-packages\torch\_higher_order_ops\triton_kernel_wrap.py", line 1111, in identify_accessed_tensors
W0420 22:55:48.367000 25196 torch\_higher_order_ops\triton_kernel_wrap.py:1151] [0/0]     ttir_module, ordered_arg_names = generate_ttir(
W0420 22:55:48.367000 25196 torch\_higher_order_ops\triton_kernel_wrap.py:1151] [0/0]                                      ~~~~~~~~~~~~~^
W0420 22:55:48.367000 25196 torch\_higher_order_ops\triton_kernel_wrap.py:1151] [0/0]         kernel, kwargs, tma_descriptor_metadata
W0420 22:55:48.367000 25196 torch\_higher_order_ops\triton_kernel_wrap.py:1151] [0/0]         ^^^^^^^^^^^^^^^^^^^^^^^^^^^^^^^^^^^^^^^
W0420 22:55:48.367000 25196 torch\_higher_order_ops\triton_kernel_wrap.py:1151] [0/0]     )
W0420 22:55:48.367000 25196 torch\_higher_order_ops\triton_kernel_wrap.py:1151] [0/0]     ^
W0420 22:55:48.367000 25196 torch\_higher_order_ops\triton_kernel_wrap.py:1151] [0/0]   File "C:\Users\adars\AppData\Roaming\Python\Python314\site-packages\torch\_higher_order_ops\triton_kernel_wrap.py", line 293, in generate_ttir
W0420 22:55:48.367000 25196 torch\_higher_order_ops\triton_kernel_wrap.py:1151] [0/0]     raise ValueError(
W0420 22:55:48.367000 25196 torch\_higher_order_ops\triton_kernel_wrap.py:1151] [0/0]     ...<2 lines>...
W0420 22:55:48.367000 25196 torch\_higher_order_ops\triton_kernel_wrap.py:1151] [0/0]     )
W0420 22:55:48.367000 25196 torch\_higher_order_ops\triton_kernel_wrap.py:1151] [0/0] ValueError: Incorrect number of arguments passed to kernel: passed ['a_ptr', 'b_ptr', 'c_ptr', 'M', 'N', 'K', 'stride_am', 'stride_ak', 'stride_bk', 'stride_bn', 'stride_cm', 'stride_cn'], expected ['a_ptr', 'b_ptr', 'c_ptr', 'M', 'N', 'K', 'stride_am', 'stride_ak', 'stride_bk', 'stride_bn', 'stride_cm', 'stride_cn', 'BLOCK_M', 'BLOCK_N', 'BLOCK_K', 'GROUP_SIZE_M'].
W0420 22:55:48.371000 25196 torch\_inductor\utils.py:1707] [0/0] Not enough SMs to use max_autotune_gemm mode
E0420 22:55:48.719000 25196 torch\_inductor\runtime\triton_heuristics.py:893] [0/0] Triton compilation failed: _fused_mlp_up_proj_kernel_0
E0420 22:55:48.719000 25196 torch\_inductor\runtime\triton_heuristics.py:893] [0/0] def _fused_mlp_up_proj_kernel(
E0420 22:55:48.719000 25196 torch\_inductor\runtime\triton_heuristics.py:893] [0/0]     a_ptr, b_ptr, c_ptr, M, N, K,
E0420 22:55:48.719000 25196 torch\_inductor\runtime\triton_heuristics.py:893] [0/0]     stride_am, stride_ak, stride_bk, stride_bn, stride_cm, stride_cn,
E0420 22:55:48.719000 25196 torch\_inductor\runtime\triton_heuristics.py:893] [0/0]     BLOCK_M: tl.constexpr = 128, BLOCK_N: tl.constexpr = 128, BLOCK_K: tl.constexpr = 32, GROUP_SIZE_M: tl.constexpr = 8,
E0420 22:55:48.719000 25196 torch\_inductor\runtime\triton_heuristics.py:893] [0/0] ):
E0420 22:55:48.719000 25196 torch\_inductor\runtime\triton_heuristics.py:893] [0/0]     pid = tl.program_id(0)
E0420 22:55:48.719000 25196 torch\_inductor\runtime\triton_heuristics.py:893] [0/0]     num_pid_m = tl.cdiv(M, BLOCK_M)
E0420 22:55:48.719000 25196 torch\_inductor\runtime\triton_heuristics.py:893] [0/0]     num_pid_n = tl.cdiv(N, BLOCK_N)
E0420 22:55:48.719000 25196 torch\_inductor\runtime\triton_heuristics.py:893] [0/0]     num_pid_in_group = GROUP_SIZE_M * num_pid_n
E0420 22:55:48.719000 25196 torch\_inductor\runtime\triton_heuristics.py:893] [0/0]     group_id = pid // num_pid_in_group
E0420 22:55:48.719000 25196 torch\_inductor\runtime\triton_heuristics.py:893] [0/0]     first_pid_m = group_id * GROUP_SIZE_M
E0420 22:55:48.719000 25196 torch\_inductor\runtime\triton_heuristics.py:893] [0/0]     group_size_m = min(num_pid_m - first_pid_m, GROUP_SIZE_M)
E0420 22:55:48.719000 25196 torch\_inductor\runtime\triton_heuristics.py:893] [0/0]     pid_m = first_pid_m + ((pid % num_pid_in_group) % group_size_m)
E0420 22:55:48.719000 25196 torch\_inductor\runtime\triton_heuristics.py:893] [0/0]     pid_n = (pid % num_pid_in_group) // group_size_m
E0420 22:55:48.719000 25196 torch\_inductor\runtime\triton_heuristics.py:893] [0/0]     offs_am = (pid_m * BLOCK_M + tl.arange(0, BLOCK_M)) % M
E0420 22:55:48.719000 25196 torch\_inductor\runtime\triton_heuristics.py:893] [0/0]     offs_bn = (pid_n * BLOCK_N + tl.arange(0, BLOCK_N)) % N
E0420 22:55:48.719000 25196 torch\_inductor\runtime\triton_heuristics.py:893] [0/0]     offs_k = tl.arange(0, BLOCK_K)
E0420 22:55:48.719000 25196 torch\_inductor\runtime\triton_heuristics.py:893] [0/0]     a_ptrs = a_ptr + (offs_am[:, None] * stride_am + offs_k[None, :] * stride_ak)
E0420 22:55:48.719000 25196 torch\_inductor\runtime\triton_heuristics.py:893] [0/0]     b_ptrs = b_ptr + (offs_k[:, None] * stride_bk + offs_bn[None, :] * stride_bn)
E0420 22:55:48.719000 25196 torch\_inductor\runtime\triton_heuristics.py:893] [0/0]     acc = tl.zeros((BLOCK_M, BLOCK_N), dtype=tl.float32)
E0420 22:55:48.719000 25196 torch\_inductor\runtime\triton_heuristics.py:893] [0/0]     for k in range(0, tl.cdiv(K, BLOCK_K)):
E0420 22:55:48.719000 25196 torch\_inductor\runtime\triton_heuristics.py:893] [0/0]         a = tl.load(a_ptrs)
E0420 22:55:48.719000 25196 torch\_inductor\runtime\triton_heuristics.py:893] [0/0]         b = tl.load(b_ptrs)
E0420 22:55:48.719000 25196 torch\_inductor\runtime\triton_heuristics.py:893] [0/0]         acc += tl.dot(a, b)
E0420 22:55:48.719000 25196 torch\_inductor\runtime\triton_heuristics.py:893] [0/0]         a_ptrs += BLOCK_K * stride_ak
E0420 22:55:48.719000 25196 torch\_inductor\runtime\triton_heuristics.py:893] [0/0]         b_ptrs += BLOCK_K * stride_bk
E0420 22:55:48.719000 25196 torch\_inductor\runtime\triton_heuristics.py:893] [0/0]     acc = tl.where(acc > 0, acc, acc * 0.5)  # LeakyReLU(0.5)
E0420 22:55:48.719000 25196 torch\_inductor\runtime\triton_heuristics.py:893] [0/0]     acc = acc * acc                           # square
E0420 22:55:48.719000 25196 torch\_inductor\runtime\triton_heuristics.py:893] [0/0]     c = acc.to(tl.bfloat16)
E0420 22:55:48.719000 25196 torch\_inductor\runtime\triton_heuristics.py:893] [0/0]     offs_cm = pid_m * BLOCK_M + tl.arange(0, BLOCK_M)
E0420 22:55:48.719000 25196 torch\_inductor\runtime\triton_heuristics.py:893] [0/0]     offs_cn = pid_n * BLOCK_N + tl.arange(0, BLOCK_N)
E0420 22:55:48.719000 25196 torch\_inductor\runtime\triton_heuristics.py:893] [0/0]     c_ptrs = c_ptr + stride_cm * offs_cm[:, None] + stride_cn * offs_cn[None, :]
E0420 22:55:48.719000 25196 torch\_inductor\runtime\triton_heuristics.py:893] [0/0]     c_mask = (offs_cm[:, None] < M) & (offs_cn[None, :] < N)
E0420 22:55:48.719000 25196 torch\_inductor\runtime\triton_heuristics.py:893] [0/0]     tl.store(c_ptrs, c, mask=c_mask)
E0420 22:55:48.719000 25196 torch\_inductor\runtime\triton_heuristics.py:893] [0/0] 
E0420 22:55:48.719000 25196 torch\_inductor\runtime\triton_heuristics.py:893] [0/0] metadata: {'signature': {'a_ptr': '*bf16', 'b_ptr': '*bf16', 'c_ptr': '*bf16', 'M': 'i32', 'N': 'i32', 'K': 'i32', 'stride_am': 'i32', 'stride_ak': 'constexpr', 'stride_bk': 'constexpr', 'stride_bn': 'i32', 'stride_cm': 'i32', 'stride_cn': 'constexpr', 'BLOCK_M': 'constexpr', 'BLOCK_N': 'constexpr', 'BLOCK_K': 'constexpr', 'GROUP_SIZE_M': 'constexpr'}, 'device': 0, 'constants': {'stride_ak': 1, 'stride_bk': 1, 'stride_cn': 1}, 'configs': [{(0,): [['tt.divisibility', 16]], (1,): [['tt.divisibility', 16]], (2,): [['tt.divisibility', 16]], (3,): [['tt.divisibility', 16]], (4,): [['tt.divisibility', 16]], (5,): [['tt.divisibility', 16]], (6,): [['tt.divisibility', 16]], (9,): [['tt.divisibility', 16]], (10,): [['tt.divisibility', 16]]}], 'device_type': 'cuda', 'num_warps': 4, 'num_stages': 3, 'debug': True, 'cc': 120}
E0420 22:55:48.719000 25196 torch\_inductor\runtime\triton_heuristics.py:893] [0/0] Traceback (most recent call last):
E0420 22:55:48.719000 25196 torch\_inductor\runtime\triton_heuristics.py:893] [0/0]   File "C:\Users\adars\AppData\Roaming\Python\Python314\site-packages\triton\language\core.py", line 234, in __sub__
E0420 22:55:48.719000 25196 torch\_inductor\runtime\triton_heuristics.py:893] [0/0]     return constexpr(self.value - _unwrap_if_constexpr(other))
E0420 22:55:48.719000 25196 torch\_inductor\runtime\triton_heuristics.py:893] [0/0]                      ~~~~~~~~~~~^~~~~~~~~~~~~~~~~~~~~~~~~~~~~
E0420 22:55:48.719000 25196 torch\_inductor\runtime\triton_heuristics.py:893] [0/0] TypeError: unsupported operand type(s) for -: 'NoneType' and 'int'
E0420 22:55:48.719000 25196 torch\_inductor\runtime\triton_heuristics.py:893] [0/0] 
E0420 22:55:48.719000 25196 torch\_inductor\runtime\triton_heuristics.py:893] [0/0] The above exception was the direct cause of the following exception:
E0420 22:55:48.719000 25196 torch\_inductor\runtime\triton_heuristics.py:893] [0/0] 
E0420 22:55:48.719000 25196 torch\_inductor\runtime\triton_heuristics.py:893] [0/0] triton.compiler.errors.CompilationError: at 10:17:
E0420 22:55:48.719000 25196 torch\_inductor\runtime\triton_heuristics.py:893] [0/0] def cdiv(x, div):
E0420 22:55:48.719000 25196 torch\_inductor\runtime\triton_heuristics.py:893] [0/0]     """
E0420 22:55:48.719000 25196 torch\_inductor\runtime\triton_heuristics.py:893] [0/0]     Computes the ceiling division of :code:`x` by :code:`div`
E0420 22:55:48.719000 25196 torch\_inductor\runtime\triton_heuristics.py:893] [0/0] 
E0420 22:55:48.719000 25196 torch\_inductor\runtime\triton_heuristics.py:893] [0/0]     :param x: the input number
E0420 22:55:48.719000 25196 torch\_inductor\runtime\triton_heuristics.py:893] [0/0]     :type x: Block
E0420 22:55:48.719000 25196 torch\_inductor\runtime\triton_heuristics.py:893] [0/0]     :param div: the divisor
E0420 22:55:48.719000 25196 torch\_inductor\runtime\triton_heuristics.py:893] [0/0]     :type div: Block
E0420 22:55:48.719000 25196 torch\_inductor\runtime\triton_heuristics.py:893] [0/0]     """
E0420 22:55:48.719000 25196 torch\_inductor\runtime\triton_heuristics.py:893] [0/0]     return (x + (div - 1)) // div
E0420 22:55:48.719000 25196 torch\_inductor\runtime\triton_heuristics.py:893] [0/0]                  ^
E0420 22:55:48.719000 25196 torch\_inductor\runtime\triton_heuristics.py:893] [0/0] unsupported operand type(s) for -: 'NoneType' and 'int'
E0420 22:55:48.719000 25196 torch\_inductor\runtime\triton_heuristics.py:893] [0/0] 
E0420 22:55:48.719000 25196 torch\_inductor\runtime\triton_heuristics.py:893] [0/0] The above exception was the direct cause of the following exception:
E0420 22:55:48.719000 25196 torch\_inductor\runtime\triton_heuristics.py:893] [0/0] 
E0420 22:55:48.719000 25196 torch\_inductor\runtime\triton_heuristics.py:893] [0/0] Traceback (most recent call last):
E0420 22:55:48.719000 25196 torch\_inductor\runtime\triton_heuristics.py:893] [0/0]   File "C:\Users\adars\AppData\Roaming\Python\Python314\site-packages\torch\_inductor\runtime\triton_heuristics.py", line 891, in _precompile_config
E0420 22:55:48.719000 25196 torch\_inductor\runtime\triton_heuristics.py:893] [0/0]     binary = triton.compile(*compile_args, **compile_kwargs)
E0420 22:55:48.719000 25196 torch\_inductor\runtime\triton_heuristics.py:893] [0/0]   File "C:\Users\adars\AppData\Roaming\Python\Python314\site-packages\triton\compiler\compiler.py", line 304, in compile
E0420 22:55:48.719000 25196 torch\_inductor\runtime\triton_heuristics.py:893] [0/0]     module = src.make_ir(target, options, codegen_fns, module_map, context)
E0420 22:55:48.719000 25196 torch\_inductor\runtime\triton_heuristics.py:893] [0/0]   File "C:\Users\adars\AppData\Roaming\Python\Python314\site-packages\triton\compiler\compiler.py", line 80, in make_ir
E0420 22:55:48.719000 25196 torch\_inductor\runtime\triton_heuristics.py:893] [0/0]     return ast_to_ttir(self.fn, self, context=context, options=options, codegen_fns=codegen_fns,
E0420 22:55:48.719000 25196 torch\_inductor\runtime\triton_heuristics.py:893] [0/0]                        module_map=module_map)
E0420 22:55:48.719000 25196 torch\_inductor\runtime\triton_heuristics.py:893] [0/0] triton.compiler.errors.CompilationError: at 7:16:
E0420 22:55:48.719000 25196 torch\_inductor\runtime\triton_heuristics.py:893] [0/0] def _fused_mlp_up_proj_kernel(
E0420 22:55:48.719000 25196 torch\_inductor\runtime\triton_heuristics.py:893] [0/0]     a_ptr, b_ptr, c_ptr, M, N, K,
E0420 22:55:48.719000 25196 torch\_inductor\runtime\triton_heuristics.py:893] [0/0]     stride_am, stride_ak, stride_bk, stride_bn, stride_cm, stride_cn,
E0420 22:55:48.719000 25196 torch\_inductor\runtime\triton_heuristics.py:893] [0/0]     BLOCK_M: tl.constexpr = 128, BLOCK_N: tl.constexpr = 128, BLOCK_K: tl.constexpr = 32, GROUP_SIZE_M: tl.constexpr = 8,
E0420 22:55:48.719000 25196 torch\_inductor\runtime\triton_heuristics.py:893] [0/0] ):
E0420 22:55:48.719000 25196 torch\_inductor\runtime\triton_heuristics.py:893] [0/0]     pid = tl.program_id(0)
E0420 22:55:48.719000 25196 torch\_inductor\runtime\triton_heuristics.py:893] [0/0]     num_pid_m = tl.cdiv(M, BLOCK_M)
E0420 22:55:48.719000 25196 torch\_inductor\runtime\triton_heuristics.py:893] [0/0]                 ^
W0420 22:55:48.922000 25196 torch\_higher_order_ops\triton_kernel_wrap.py:1151] [0/0] Encountered an exception in identify_accessed_tensors, assuming every input is mutated
W0420 22:55:48.922000 25196 torch\_higher_order_ops\triton_kernel_wrap.py:1151] [0/0] Traceback (most recent call last):
W0420 22:55:48.922000 25196 torch\_higher_order_ops\triton_kernel_wrap.py:1151] [0/0]   File "C:\Users\adars\AppData\Roaming\Python\Python314\site-packages\torch\_higher_order_ops\triton_kernel_wrap.py", line 1111, in identify_accessed_tensors
W0420 22:55:48.922000 25196 torch\_higher_order_ops\triton_kernel_wrap.py:1151] [0/0]     ttir_module, ordered_arg_names = generate_ttir(
W0420 22:55:48.922000 25196 torch\_higher_order_ops\triton_kernel_wrap.py:1151] [0/0]                                      ~~~~~~~~~~~~~^
W0420 22:55:48.922000 25196 torch\_higher_order_ops\triton_kernel_wrap.py:1151] [0/0]         kernel, kwargs, tma_descriptor_metadata
W0420 22:55:48.922000 25196 torch\_higher_order_ops\triton_kernel_wrap.py:1151] [0/0]         ^^^^^^^^^^^^^^^^^^^^^^^^^^^^^^^^^^^^^^^
W0420 22:55:48.922000 25196 torch\_higher_order_ops\triton_kernel_wrap.py:1151] [0/0]     )
W0420 22:55:48.922000 25196 torch\_higher_order_ops\triton_kernel_wrap.py:1151] [0/0]     ^
W0420 22:55:48.922000 25196 torch\_higher_order_ops\triton_kernel_wrap.py:1151] [0/0]   File "C:\Users\adars\AppData\Roaming\Python\Python314\site-packages\torch\_higher_order_ops\triton_kernel_wrap.py", line 293, in generate_ttir
W0420 22:55:48.922000 25196 torch\_higher_order_ops\triton_kernel_wrap.py:1151] [0/0]     raise ValueError(
W0420 22:55:48.922000 25196 torch\_higher_order_ops\triton_kernel_wrap.py:1151] [0/0]     ...<2 lines>...
W0420 22:55:48.922000 25196 torch\_higher_order_ops\triton_kernel_wrap.py:1151] [0/0]     )
W0420 22:55:48.922000 25196 torch\_higher_order_ops\triton_kernel_wrap.py:1151] [0/0] ValueError: Incorrect number of arguments passed to kernel: passed ['a_ptr', 'b_ptr', 'c_ptr', 'scale_ptr', 'res_ptr', 'M', 'N', 'K', 'stride_am', 'stride_ak', 'stride_bk', 'stride_bn', 'stride_cm', 'stride_cn', 'stride_rm', 'stride_rn'], expected ['a_ptr', 'b_ptr', 'c_ptr', 'scale_ptr', 'res_ptr', 'M', 'N', 'K', 'stride_am', 'stride_ak', 'stride_bk', 'stride_bn', 'stride_cm', 'stride_cn', 'stride_rm', 'stride_rn', 'BLOCK_M', 'BLOCK_N', 'BLOCK_K', 'GROUP_SIZE_M'].
W0420 22:55:48.956000 25196 torch\_higher_order_ops\triton_kernel_wrap.py:1151] [0/0] Encountered an exception in identify_accessed_tensors, assuming every input is mutated
W0420 22:55:48.956000 25196 torch\_higher_order_ops\triton_kernel_wrap.py:1151] [0/0] Traceback (most recent call last):
W0420 22:55:48.956000 25196 torch\_higher_order_ops\triton_kernel_wrap.py:1151] [0/0]   File "C:\Users\adars\AppData\Roaming\Python\Python314\site-packages\torch\_higher_order_ops\triton_kernel_wrap.py", line 1111, in identify_accessed_tensors
W0420 22:55:48.956000 25196 torch\_higher_order_ops\triton_kernel_wrap.py:1151] [0/0]     ttir_module, ordered_arg_names = generate_ttir(
W0420 22:55:48.956000 25196 torch\_higher_order_ops\triton_kernel_wrap.py:1151] [0/0]                                      ~~~~~~~~~~~~~^
W0420 22:55:48.956000 25196 torch\_higher_order_ops\triton_kernel_wrap.py:1151] [0/0]         kernel, kwargs, tma_descriptor_metadata
W0420 22:55:48.956000 25196 torch\_higher_order_ops\triton_kernel_wrap.py:1151] [0/0]         ^^^^^^^^^^^^^^^^^^^^^^^^^^^^^^^^^^^^^^^
W0420 22:55:48.956000 25196 torch\_higher_order_ops\triton_kernel_wrap.py:1151] [0/0]     )
W0420 22:55:48.956000 25196 torch\_higher_order_ops\triton_kernel_wrap.py:1151] [0/0]     ^
W0420 22:55:48.956000 25196 torch\_higher_order_ops\triton_kernel_wrap.py:1151] [0/0]   File "C:\Users\adars\AppData\Roaming\Python\Python314\site-packages\torch\_higher_order_ops\triton_kernel_wrap.py", line 293, in generate_ttir
W0420 22:55:48.956000 25196 torch\_higher_order_ops\triton_kernel_wrap.py:1151] [0/0]     raise ValueError(
W0420 22:55:48.956000 25196 torch\_higher_order_ops\triton_kernel_wrap.py:1151] [0/0]     ...<2 lines>...
W0420 22:55:48.956000 25196 torch\_higher_order_ops\triton_kernel_wrap.py:1151] [0/0]     )
W0420 22:55:48.956000 25196 torch\_higher_order_ops\triton_kernel_wrap.py:1151] [0/0] ValueError: Incorrect number of arguments passed to kernel: passed ['a_ptr', 'b_ptr', 'c_ptr', 'scale_ptr', 'res_ptr', 'M', 'N', 'K', 'stride_am', 'stride_ak', 'stride_bk', 'stride_bn', 'stride_cm', 'stride_cn', 'stride_rm', 'stride_rn'], expected ['a_ptr', 'b_ptr', 'c_ptr', 'scale_ptr', 'res_ptr', 'M', 'N', 'K', 'stride_am', 'stride_ak', 'stride_bk', 'stride_bn', 'stride_cm', 'stride_cn', 'stride_rm', 'stride_rn', 'BLOCK_M', 'BLOCK_N', 'BLOCK_K', 'GROUP_SIZE_M'].
W0420 22:55:49.140000 25196 torch\_higher_order_ops\triton_kernel_wrap.py:1151] [0/0] Encountered an exception in identify_accessed_tensors, assuming every input is mutated
W0420 22:55:49.140000 25196 torch\_higher_order_ops\triton_kernel_wrap.py:1151] [0/0] Traceback (most recent call last):
W0420 22:55:49.140000 25196 torch\_higher_order_ops\triton_kernel_wrap.py:1151] [0/0]   File "C:\Users\adars\AppData\Roaming\Python\Python314\site-packages\torch\_higher_order_ops\triton_kernel_wrap.py", line 1111, in identify_accessed_tensors
W0420 22:55:49.140000 25196 torch\_higher_order_ops\triton_kernel_wrap.py:1151] [0/0]     ttir_module, ordered_arg_names = generate_ttir(
W0420 22:55:49.140000 25196 torch\_higher_order_ops\triton_kernel_wrap.py:1151] [0/0]                                      ~~~~~~~~~~~~~^
W0420 22:55:49.140000 25196 torch\_higher_order_ops\triton_kernel_wrap.py:1151] [0/0]         kernel, kwargs, tma_descriptor_metadata
W0420 22:55:49.140000 25196 torch\_higher_order_ops\triton_kernel_wrap.py:1151] [0/0]         ^^^^^^^^^^^^^^^^^^^^^^^^^^^^^^^^^^^^^^^
W0420 22:55:49.140000 25196 torch\_higher_order_ops\triton_kernel_wrap.py:1151] [0/0]     )
W0420 22:55:49.140000 25196 torch\_higher_order_ops\triton_kernel_wrap.py:1151] [0/0]     ^
W0420 22:55:49.140000 25196 torch\_higher_order_ops\triton_kernel_wrap.py:1151] [0/0]   File "C:\Users\adars\AppData\Roaming\Python\Python314\site-packages\torch\_higher_order_ops\triton_kernel_wrap.py", line 293, in generate_ttir
W0420 22:55:49.140000 25196 torch\_higher_order_ops\triton_kernel_wrap.py:1151] [0/0]     raise ValueError(
W0420 22:55:49.140000 25196 torch\_higher_order_ops\triton_kernel_wrap.py:1151] [0/0]     ...<2 lines>...
W0420 22:55:49.140000 25196 torch\_higher_order_ops\triton_kernel_wrap.py:1151] [0/0]     )
W0420 22:55:49.140000 25196 torch\_higher_order_ops\triton_kernel_wrap.py:1151] [0/0] ValueError: Incorrect number of arguments passed to kernel: passed ['a_ptr', 'b_ptr', 'c_ptr', 'scale_ptr', 'res_ptr', 'M', 'N', 'K', 'stride_am', 'stride_ak', 'stride_bk', 'stride_bn', 'stride_cm', 'stride_cn', 'stride_rm', 'stride_rn'], expected ['a_ptr', 'b_ptr', 'c_ptr', 'scale_ptr', 'res_ptr', 'M', 'N', 'K', 'stride_am', 'stride_ak', 'stride_bk', 'stride_bn', 'stride_cm', 'stride_cn', 'stride_rm', 'stride_rn', 'BLOCK_M', 'BLOCK_N', 'BLOCK_K', 'GROUP_SIZE_M'].
W0420 22:55:49.142000 25196 torch\_higher_order_ops\triton_kernel_wrap.py:1151] [0/0] Encountered an exception in identify_accessed_tensors, assuming every input is mutated
W0420 22:55:49.142000 25196 torch\_higher_order_ops\triton_kernel_wrap.py:1151] [0/0] Traceback (most recent call last):
W0420 22:55:49.142000 25196 torch\_higher_order_ops\triton_kernel_wrap.py:1151] [0/0]   File "C:\Users\adars\AppData\Roaming\Python\Python314\site-packages\torch\_higher_order_ops\triton_kernel_wrap.py", line 1111, in identify_accessed_tensors
W0420 22:55:49.142000 25196 torch\_higher_order_ops\triton_kernel_wrap.py:1151] [0/0]     ttir_module, ordered_arg_names = generate_ttir(
W0420 22:55:49.142000 25196 torch\_higher_order_ops\triton_kernel_wrap.py:1151] [0/0]                                      ~~~~~~~~~~~~~^
W0420 22:55:49.142000 25196 torch\_higher_order_ops\triton_kernel_wrap.py:1151] [0/0]         kernel, kwargs, tma_descriptor_metadata
W0420 22:55:49.142000 25196 torch\_higher_order_ops\triton_kernel_wrap.py:1151] [0/0]         ^^^^^^^^^^^^^^^^^^^^^^^^^^^^^^^^^^^^^^^
W0420 22:55:49.142000 25196 torch\_higher_order_ops\triton_kernel_wrap.py:1151] [0/0]     )
W0420 22:55:49.142000 25196 torch\_higher_order_ops\triton_kernel_wrap.py:1151] [0/0]     ^
W0420 22:55:49.142000 25196 torch\_higher_order_ops\triton_kernel_wrap.py:1151] [0/0]   File "C:\Users\adars\AppData\Roaming\Python\Python314\site-packages\torch\_higher_order_ops\triton_kernel_wrap.py", line 293, in generate_ttir
W0420 22:55:49.142000 25196 torch\_higher_order_ops\triton_kernel_wrap.py:1151] [0/0]     raise ValueError(
W0420 22:55:49.142000 25196 torch\_higher_order_ops\triton_kernel_wrap.py:1151] [0/0]     ...<2 lines>...
W0420 22:55:49.142000 25196 torch\_higher_order_ops\triton_kernel_wrap.py:1151] [0/0]     )
W0420 22:55:49.142000 25196 torch\_higher_order_ops\triton_kernel_wrap.py:1151] [0/0] ValueError: Incorrect number of arguments passed to kernel: passed ['a_ptr', 'b_ptr', 'c_ptr', 'scale_ptr', 'res_ptr', 'M', 'N', 'K', 'stride_am', 'stride_ak', 'stride_bk', 'stride_bn', 'stride_cm', 'stride_cn', 'stride_rm', 'stride_rn'], expected ['a_ptr', 'b_ptr', 'c_ptr', 'scale_ptr', 'res_ptr', 'M', 'N', 'K', 'stride_am', 'stride_ak', 'stride_bk', 'stride_bn', 'stride_cm', 'stride_cn', 'stride_rm', 'stride_rn', 'BLOCK_M', 'BLOCK_N', 'BLOCK_K', 'GROUP_SIZE_M'].
E0420 22:55:49.383000 25196 torch\_inductor\runtime\triton_heuristics.py:893] [0/0] Triton compilation failed: _fused_mlp_down_proj_kernel_0
E0420 22:55:49.383000 25196 torch\_inductor\runtime\triton_heuristics.py:893] [0/0] def _fused_mlp_down_proj_kernel(
E0420 22:55:49.383000 25196 torch\_inductor\runtime\triton_heuristics.py:893] [0/0]     a_ptr, b_ptr, c_ptr, scale_ptr, res_ptr, M, N, K,
E0420 22:55:49.383000 25196 torch\_inductor\runtime\triton_heuristics.py:893] [0/0]     stride_am, stride_ak, stride_bk, stride_bn, stride_cm, stride_cn, stride_rm, stride_rn,
E0420 22:55:49.383000 25196 torch\_inductor\runtime\triton_heuristics.py:893] [0/0]     BLOCK_M: tl.constexpr = 128, BLOCK_N: tl.constexpr = 64, BLOCK_K: tl.constexpr = 64, GROUP_SIZE_M: tl.constexpr = 8,
E0420 22:55:49.383000 25196 torch\_inductor\runtime\triton_heuristics.py:893] [0/0] ):
E0420 22:55:49.383000 25196 torch\_inductor\runtime\triton_heuristics.py:893] [0/0]     pid = tl.program_id(0)
E0420 22:55:49.383000 25196 torch\_inductor\runtime\triton_heuristics.py:893] [0/0]     num_pid_m = tl.cdiv(M, BLOCK_M)
E0420 22:55:49.383000 25196 torch\_inductor\runtime\triton_heuristics.py:893] [0/0]     num_pid_n = tl.cdiv(N, BLOCK_N)
E0420 22:55:49.383000 25196 torch\_inductor\runtime\triton_heuristics.py:893] [0/0]     num_pid_in_group = GROUP_SIZE_M * num_pid_n
E0420 22:55:49.383000 25196 torch\_inductor\runtime\triton_heuristics.py:893] [0/0]     group_id = pid // num_pid_in_group
E0420 22:55:49.383000 25196 torch\_inductor\runtime\triton_heuristics.py:893] [0/0]     first_pid_m = group_id * GROUP_SIZE_M
E0420 22:55:49.383000 25196 torch\_inductor\runtime\triton_heuristics.py:893] [0/0]     group_size_m = min(num_pid_m - first_pid_m, GROUP_SIZE_M)
E0420 22:55:49.383000 25196 torch\_inductor\runtime\triton_heuristics.py:893] [0/0]     pid_m = first_pid_m + ((pid % num_pid_in_group) % group_size_m)
E0420 22:55:49.383000 25196 torch\_inductor\runtime\triton_heuristics.py:893] [0/0]     pid_n = (pid % num_pid_in_group) // group_size_m
E0420 22:55:49.383000 25196 torch\_inductor\runtime\triton_heuristics.py:893] [0/0]     offs_am = (pid_m * BLOCK_M + tl.arange(0, BLOCK_M)) % M
E0420 22:55:49.383000 25196 torch\_inductor\runtime\triton_heuristics.py:893] [0/0]     offs_bn = (pid_n * BLOCK_N + tl.arange(0, BLOCK_N)) % N
E0420 22:55:49.383000 25196 torch\_inductor\runtime\triton_heuristics.py:893] [0/0]     offs_k = tl.arange(0, BLOCK_K)
E0420 22:55:49.383000 25196 torch\_inductor\runtime\triton_heuristics.py:893] [0/0]     a_ptrs = a_ptr + (offs_am[:, None] * stride_am + offs_k[None, :] * stride_ak)
E0420 22:55:49.383000 25196 torch\_inductor\runtime\triton_heuristics.py:893] [0/0]     b_ptrs = b_ptr + (offs_k[:, None] * stride_bk + offs_bn[None, :] * stride_bn)
E0420 22:55:49.383000 25196 torch\_inductor\runtime\triton_heuristics.py:893] [0/0]     acc = tl.zeros((BLOCK_M, BLOCK_N), dtype=tl.float32)
E0420 22:55:49.383000 25196 torch\_inductor\runtime\triton_heuristics.py:893] [0/0]     for k in range(0, tl.cdiv(K, BLOCK_K)):
E0420 22:55:49.383000 25196 torch\_inductor\runtime\triton_heuristics.py:893] [0/0]         a = tl.load(a_ptrs)
E0420 22:55:49.383000 25196 torch\_inductor\runtime\triton_heuristics.py:893] [0/0]         b = tl.load(b_ptrs)
E0420 22:55:49.383000 25196 torch\_inductor\runtime\triton_heuristics.py:893] [0/0]         acc += tl.dot(a, b)
E0420 22:55:49.383000 25196 torch\_inductor\runtime\triton_heuristics.py:893] [0/0]         a_ptrs += BLOCK_K * stride_ak
E0420 22:55:49.383000 25196 torch\_inductor\runtime\triton_heuristics.py:893] [0/0]         b_ptrs += BLOCK_K * stride_bk
E0420 22:55:49.383000 25196 torch\_inductor\runtime\triton_heuristics.py:893] [0/0]     offs_cm = pid_m * BLOCK_M + tl.arange(0, BLOCK_M)
E0420 22:55:49.383000 25196 torch\_inductor\runtime\triton_heuristics.py:893] [0/0]     offs_cn = pid_n * BLOCK_N + tl.arange(0, BLOCK_N)
E0420 22:55:49.383000 25196 torch\_inductor\runtime\triton_heuristics.py:893] [0/0]     c_mask = (offs_cm[:, None] < M) & (offs_cn[None, :] < N)
E0420 22:55:49.383000 25196 torch\_inductor\runtime\triton_heuristics.py:893] [0/0]     scale = tl.load(scale_ptr + offs_cn, mask=offs_cn < N, other=0.0).to(tl.float32)
E0420 22:55:49.383000 25196 torch\_inductor\runtime\triton_heuristics.py:893] [0/0]     res_ptrs = res_ptr + offs_cm[:, None] * stride_rm + offs_cn[None, :] * stride_rn
E0420 22:55:49.383000 25196 torch\_inductor\runtime\triton_heuristics.py:893] [0/0]     residual = tl.load(res_ptrs, mask=c_mask, other=0.0).to(tl.float32)
E0420 22:55:49.383000 25196 torch\_inductor\runtime\triton_heuristics.py:893] [0/0]     out = residual + scale[None, :] * acc
E0420 22:55:49.383000 25196 torch\_inductor\runtime\triton_heuristics.py:893] [0/0]     c_ptrs = c_ptr + stride_cm * offs_cm[:, None] + stride_cn * offs_cn[None, :]
E0420 22:55:49.383000 25196 torch\_inductor\runtime\triton_heuristics.py:893] [0/0]     tl.store(c_ptrs, out.to(tl.bfloat16), mask=c_mask)
E0420 22:55:49.383000 25196 torch\_inductor\runtime\triton_heuristics.py:893] [0/0] 
E0420 22:55:49.383000 25196 torch\_inductor\runtime\triton_heuristics.py:893] [0/0] metadata: {'signature': {'a_ptr': '*bf16', 'b_ptr': '*bf16', 'c_ptr': '*bf16', 'scale_ptr': '*bf16', 'res_ptr': '*bf16', 'M': 'i32', 'N': 'i32', 'K': 'i32', 'stride_am': 'i32', 'stride_ak': 'constexpr', 'stride_bk': 'constexpr', 'stride_bn': 'i32', 'stride_cm': 'i32', 'stride_cn': 'constexpr', 'stride_rm': 'i32', 'stride_rn': 'constexpr', 'BLOCK_M': 'constexpr', 'BLOCK_N': 'constexpr', 'BLOCK_K': 'constexpr', 'GROUP_SIZE_M': 'constexpr'}, 'device': 0, 'constants': {'stride_ak': 1, 'stride_bk': 1, 'stride_cn': 1, 'stride_rn': 1}, 'configs': [{(0,): [['tt.divisibility', 16]], (1,): [['tt.divisibility', 16]], (2,): [['tt.divisibility', 16]], (3,): [['tt.divisibility', 16]], (4,): [['tt.divisibility', 16]], (5,): [['tt.divisibility', 16]], (6,): [['tt.divisibility', 16]], (7,): [['tt.divisibility', 16]], (8,): [['tt.divisibility', 16]], (11,): [['tt.divisibility', 16]], (12,): [['tt.divisibility', 16]], (14,): [['tt.divisibility', 16]]}], 'device_type': 'cuda', 'num_warps': 4, 'num_stages': 3, 'debug': True, 'cc': 120}
E0420 22:55:49.383000 25196 torch\_inductor\runtime\triton_heuristics.py:893] [0/0] Traceback (most recent call last):
E0420 22:55:49.383000 25196 torch\_inductor\runtime\triton_heuristics.py:893] [0/0]   File "C:\Users\adars\AppData\Roaming\Python\Python314\site-packages\triton\language\core.py", line 234, in __sub__
E0420 22:55:49.383000 25196 torch\_inductor\runtime\triton_heuristics.py:893] [0/0]     return constexpr(self.value - _unwrap_if_constexpr(other))
E0420 22:55:49.383000 25196 torch\_inductor\runtime\triton_heuristics.py:893] [0/0]                      ~~~~~~~~~~~^~~~~~~~~~~~~~~~~~~~~~~~~~~~~
E0420 22:55:49.383000 25196 torch\_inductor\runtime\triton_heuristics.py:893] [0/0] TypeError: unsupported operand type(s) for -: 'NoneType' and 'int'
E0420 22:55:49.383000 25196 torch\_inductor\runtime\triton_heuristics.py:893] [0/0] 
E0420 22:55:49.383000 25196 torch\_inductor\runtime\triton_heuristics.py:893] [0/0] The above exception was the direct cause of the following exception:
E0420 22:55:49.383000 25196 torch\_inductor\runtime\triton_heuristics.py:893] [0/0] 
E0420 22:55:49.383000 25196 torch\_inductor\runtime\triton_heuristics.py:893] [0/0] triton.compiler.errors.CompilationError: at 10:17:
E0420 22:55:49.383000 25196 torch\_inductor\runtime\triton_heuristics.py:893] [0/0] def cdiv(x, div):
E0420 22:55:49.383000 25196 torch\_inductor\runtime\triton_heuristics.py:893] [0/0]     """
E0420 22:55:49.383000 25196 torch\_inductor\runtime\triton_heuristics.py:893] [0/0]     Computes the ceiling division of :code:`x` by :code:`div`
E0420 22:55:49.383000 25196 torch\_inductor\runtime\triton_heuristics.py:893] [0/0] 
E0420 22:55:49.383000 25196 torch\_inductor\runtime\triton_heuristics.py:893] [0/0]     :param x: the input number
E0420 22:55:49.383000 25196 torch\_inductor\runtime\triton_heuristics.py:893] [0/0]     :type x: Block
E0420 22:55:49.383000 25196 torch\_inductor\runtime\triton_heuristics.py:893] [0/0]     :param div: the divisor
E0420 22:55:49.383000 25196 torch\_inductor\runtime\triton_heuristics.py:893] [0/0]     :type div: Block
E0420 22:55:49.383000 25196 torch\_inductor\runtime\triton_heuristics.py:893] [0/0]     """
E0420 22:55:49.383000 25196 torch\_inductor\runtime\triton_heuristics.py:893] [0/0]     return (x + (div - 1)) // div
E0420 22:55:49.383000 25196 torch\_inductor\runtime\triton_heuristics.py:893] [0/0]                  ^
E0420 22:55:49.383000 25196 torch\_inductor\runtime\triton_heuristics.py:893] [0/0] unsupported operand type(s) for -: 'NoneType' and 'int'
E0420 22:55:49.383000 25196 torch\_inductor\runtime\triton_heuristics.py:893] [0/0] 
E0420 22:55:49.383000 25196 torch\_inductor\runtime\triton_heuristics.py:893] [0/0] The above exception was the direct cause of the following exception:
E0420 22:55:49.383000 25196 torch\_inductor\runtime\triton_heuristics.py:893] [0/0] 
E0420 22:55:49.383000 25196 torch\_inductor\runtime\triton_heuristics.py:893] [0/0] Traceback (most recent call last):
E0420 22:55:49.383000 25196 torch\_inductor\runtime\triton_heuristics.py:893] [0/0]   File "C:\Users\adars\AppData\Roaming\Python\Python314\site-packages\torch\_inductor\runtime\triton_heuristics.py", line 891, in _precompile_config
E0420 22:55:49.383000 25196 torch\_inductor\runtime\triton_heuristics.py:893] [0/0]     binary = triton.compile(*compile_args, **compile_kwargs)
E0420 22:55:49.383000 25196 torch\_inductor\runtime\triton_heuristics.py:893] [0/0]   File "C:\Users\adars\AppData\Roaming\Python\Python314\site-packages\triton\compiler\compiler.py", line 304, in compile
E0420 22:55:49.383000 25196 torch\_inductor\runtime\triton_heuristics.py:893] [0/0]     module = src.make_ir(target, options, codegen_fns, module_map, context)
E0420 22:55:49.383000 25196 torch\_inductor\runtime\triton_heuristics.py:893] [0/0]   File "C:\Users\adars\AppData\Roaming\Python\Python314\site-packages\triton\compiler\compiler.py", line 80, in make_ir
E0420 22:55:49.383000 25196 torch\_inductor\runtime\triton_heuristics.py:893] [0/0]     return ast_to_ttir(self.fn, self, context=context, options=options, codegen_fns=codegen_fns,
E0420 22:55:49.383000 25196 torch\_inductor\runtime\triton_heuristics.py:893] [0/0]                        module_map=module_map)
E0420 22:55:49.383000 25196 torch\_inductor\runtime\triton_heuristics.py:893] [0/0] triton.compiler.errors.CompilationError: at 7:16:
E0420 22:55:49.383000 25196 torch\_inductor\runtime\triton_heuristics.py:893] [0/0] def _fused_mlp_down_proj_kernel(
E0420 22:55:49.383000 25196 torch\_inductor\runtime\triton_heuristics.py:893] [0/0]     a_ptr, b_ptr, c_ptr, scale_ptr, res_ptr, M, N, K,
E0420 22:55:49.383000 25196 torch\_inductor\runtime\triton_heuristics.py:893] [0/0]     stride_am, stride_ak, stride_bk, stride_bn, stride_cm, stride_cn, stride_rm, stride_rn,
E0420 22:55:49.383000 25196 torch\_inductor\runtime\triton_heuristics.py:893] [0/0]     BLOCK_M: tl.constexpr = 128, BLOCK_N: tl.constexpr = 64, BLOCK_K: tl.constexpr = 64, GROUP_SIZE_M: tl.constexpr = 8,
E0420 22:55:49.383000 25196 torch\_inductor\runtime\triton_heuristics.py:893] [0/0] ):
E0420 22:55:49.383000 25196 torch\_inductor\runtime\triton_heuristics.py:893] [0/0]     pid = tl.program_id(0)
E0420 22:55:49.383000 25196 torch\_inductor\runtime\triton_heuristics.py:893] [0/0]     num_pid_m = tl.cdiv(M, BLOCK_M)
E0420 22:55:49.383000 25196 torch\_inductor\runtime\triton_heuristics.py:893] [0/0]                 ^
E0420 22:55:49.622000 25196 torch\_subclasses\fake_tensor.py:2940] [0/0] failed while attempting to run meta for aten.mul.Tensor
E0420 22:55:49.622000 25196 torch\_subclasses\fake_tensor.py:2940] [0/0] Traceback (most recent call last):
E0420 22:55:49.622000 25196 torch\_subclasses\fake_tensor.py:2940] [0/0]   File "C:\Users\adars\AppData\Roaming\Python\Python314\site-packages\torch\_subclasses\fake_tensor.py", line 2936, in _dispatch_impl
E0420 22:55:49.622000 25196 torch\_subclasses\fake_tensor.py:2940] [0/0]     r = func(*args, **kwargs)
E0420 22:55:49.622000 25196 torch\_subclasses\fake_tensor.py:2940] [0/0]   File "C:\Users\adars\AppData\Roaming\Python\Python314\site-packages\torch\_ops.py", line 871, in __call__
E0420 22:55:49.622000 25196 torch\_subclasses\fake_tensor.py:2940] [0/0]     return self._op(*args, **kwargs)
E0420 22:55:49.622000 25196 torch\_subclasses\fake_tensor.py:2940] [0/0]            ~~~~~~~~^^^^^^^^^^^^^^^^^
E0420 22:55:49.622000 25196 torch\_subclasses\fake_tensor.py:2940] [0/0]   File "C:\Users\adars\AppData\Roaming\Python\Python314\site-packages\torch\_prims_common\wrappers.py", line 314, in _fn
E0420 22:55:49.622000 25196 torch\_subclasses\fake_tensor.py:2940] [0/0]     result = fn(*args, **kwargs)
E0420 22:55:49.622000 25196 torch\_subclasses\fake_tensor.py:2940] [0/0]   File "C:\Users\adars\AppData\Roaming\Python\Python314\site-packages\torch\_compile.py", line 54, in inner
E0420 22:55:49.622000 25196 torch\_subclasses\fake_tensor.py:2940] [0/0]     return disable_fn(*args, **kwargs)
E0420 22:55:49.622000 25196 torch\_subclasses\fake_tensor.py:2940] [0/0]   File "C:\Users\adars\AppData\Roaming\Python\Python314\site-packages\torch\_dynamo\eval_frame.py", line 1272, in _fn
E0420 22:55:49.622000 25196 torch\_subclasses\fake_tensor.py:2940] [0/0]     return fn(*args, **kwargs)
E0420 22:55:49.622000 25196 torch\_subclasses\fake_tensor.py:2940] [0/0]   File "C:\Users\adars\AppData\Roaming\Python\Python314\site-packages\torch\_prims_common\wrappers.py", line 152, in _fn
E0420 22:55:49.622000 25196 torch\_subclasses\fake_tensor.py:2940] [0/0]     result = fn(**bound.arguments)
E0420 22:55:49.622000 25196 torch\_subclasses\fake_tensor.py:2940] [0/0]   File "C:\Users\adars\AppData\Roaming\Python\Python314\site-packages\torch\_refs\__init__.py", line 1174, in _ref
E0420 22:55:49.622000 25196 torch\_subclasses\fake_tensor.py:2940] [0/0]     a, b = _maybe_broadcast(a, b)
E0420 22:55:49.622000 25196 torch\_subclasses\fake_tensor.py:2940] [0/0]            ~~~~~~~~~~~~~~~~^^^^^^
E0420 22:55:49.622000 25196 torch\_subclasses\fake_tensor.py:2940] [0/0]   File "C:\Users\adars\AppData\Roaming\Python\Python314\site-packages\torch\_refs\__init__.py", line 475, in _maybe_broadcast
E0420 22:55:49.622000 25196 torch\_subclasses\fake_tensor.py:2940] [0/0]     common_shape = _broadcast_shapes(
E0420 22:55:49.622000 25196 torch\_subclasses\fake_tensor.py:2940] [0/0]         *(t.shape if isinstance(t, TensorLike) else None for t in args)
E0420 22:55:49.622000 25196 torch\_subclasses\fake_tensor.py:2940] [0/0]     )
E0420 22:55:49.622000 25196 torch\_subclasses\fake_tensor.py:2940] [0/0]   File "C:\Users\adars\AppData\Roaming\Python\Python314\site-packages\torch\_refs\__init__.py", line 463, in _broadcast_shapes
E0420 22:55:49.622000 25196 torch\_subclasses\fake_tensor.py:2940] [0/0]     torch._check(
E0420 22:55:49.622000 25196 torch\_subclasses\fake_tensor.py:2940] [0/0]     ~~~~~~~~~~~~^
E0420 22:55:49.622000 25196 torch\_subclasses\fake_tensor.py:2940] [0/0]         common_shape[idx] == shape[idx],
E0420 22:55:49.622000 25196 torch\_subclasses\fake_tensor.py:2940] [0/0]         ^^^^^^^^^^^^^^^^^^^^^^^^^^^^^^^^
E0420 22:55:49.622000 25196 torch\_subclasses\fake_tensor.py:2940] [0/0]     ...<2 lines>...
E0420 22:55:49.622000 25196 torch\_subclasses\fake_tensor.py:2940] [0/0]         f"should be broadcastable to {common_shape}",
E0420 22:55:49.622000 25196 torch\_subclasses\fake_tensor.py:2940] [0/0]         ^^^^^^^^^^^^^^^^^^^^^^^^^^^^^^^^^^^^^^^^^^^^^
E0420 22:55:49.622000 25196 torch\_subclasses\fake_tensor.py:2940] [0/0]     )
E0420 22:55:49.622000 25196 torch\_subclasses\fake_tensor.py:2940] [0/0]     ^
E0420 22:55:49.622000 25196 torch\_subclasses\fake_tensor.py:2940] [0/0]   File "C:\Users\adars\AppData\Roaming\Python\Python314\site-packages\torch\__init__.py", line 1761, in _check
E0420 22:55:49.622000 25196 torch\_subclasses\fake_tensor.py:2940] [0/0]     _check_with(RuntimeError, cond, message)  # pyrefly: ignore [bad-argument-type]
E0420 22:55:49.622000 25196 torch\_subclasses\fake_tensor.py:2940] [0/0]     ~~~~~~~~~~~^^^^^^^^^^^^^^^^^^^^^^^^^^^^^
E0420 22:55:49.622000 25196 torch\_subclasses\fake_tensor.py:2940] [0/0]   File "C:\Users\adars\AppData\Roaming\Python\Python314\site-packages\torch\__init__.py", line 1743, in _check_with
E0420 22:55:49.622000 25196 torch\_subclasses\fake_tensor.py:2940] [0/0]     raise error_type(message_evaluated)
E0420 22:55:49.622000 25196 torch\_subclasses\fake_tensor.py:2940] [0/0] RuntimeError: Attempting to broadcast a dimension of length 64 at -2! Mismatching argument at index 1 had torch.Size([64, 8]); but expected shape should be broadcastable to [2, 64, 4, 8]
E0420 22:55:49.709000 25196 torch\_subclasses\fake_tensor.py:2940] [0/0] failed while attempting to run meta for aten.mul.Tensor
E0420 22:55:49.709000 25196 torch\_subclasses\fake_tensor.py:2940] [0/0] Traceback (most recent call last):
E0420 22:55:49.709000 25196 torch\_subclasses\fake_tensor.py:2940] [0/0]   File "C:\Users\adars\AppData\Roaming\Python\Python314\site-packages\torch\_subclasses\fake_tensor.py", line 2936, in _dispatch_impl
E0420 22:55:49.709000 25196 torch\_subclasses\fake_tensor.py:2940] [0/0]     r = func(*args, **kwargs)
E0420 22:55:49.709000 25196 torch\_subclasses\fake_tensor.py:2940] [0/0]   File "C:\Users\adars\AppData\Roaming\Python\Python314\site-packages\torch\_ops.py", line 871, in __call__
E0420 22:55:49.709000 25196 torch\_subclasses\fake_tensor.py:2940] [0/0]     return self._op(*args, **kwargs)
E0420 22:55:49.709000 25196 torch\_subclasses\fake_tensor.py:2940] [0/0]            ~~~~~~~~^^^^^^^^^^^^^^^^^
E0420 22:55:49.709000 25196 torch\_subclasses\fake_tensor.py:2940] [0/0]   File "C:\Users\adars\AppData\Roaming\Python\Python314\site-packages\torch\_prims_common\wrappers.py", line 314, in _fn
E0420 22:55:49.709000 25196 torch\_subclasses\fake_tensor.py:2940] [0/0]     result = fn(*args, **kwargs)
E0420 22:55:49.709000 25196 torch\_subclasses\fake_tensor.py:2940] [0/0]   File "C:\Users\adars\AppData\Roaming\Python\Python314\site-packages\torch\_compile.py", line 54, in inner
E0420 22:55:49.709000 25196 torch\_subclasses\fake_tensor.py:2940] [0/0]     return disable_fn(*args, **kwargs)
E0420 22:55:49.709000 25196 torch\_subclasses\fake_tensor.py:2940] [0/0]   File "C:\Users\adars\AppData\Roaming\Python\Python314\site-packages\torch\_dynamo\eval_frame.py", line 1272, in _fn
E0420 22:55:49.709000 25196 torch\_subclasses\fake_tensor.py:2940] [0/0]     return fn(*args, **kwargs)
E0420 22:55:49.709000 25196 torch\_subclasses\fake_tensor.py:2940] [0/0]   File "C:\Users\adars\AppData\Roaming\Python\Python314\site-packages\torch\_prims_common\wrappers.py", line 152, in _fn
E0420 22:55:49.709000 25196 torch\_subclasses\fake_tensor.py:2940] [0/0]     result = fn(**bound.arguments)
E0420 22:55:49.709000 25196 torch\_subclasses\fake_tensor.py:2940] [0/0]   File "C:\Users\adars\AppData\Roaming\Python\Python314\site-packages\torch\_refs\__init__.py", line 1174, in _ref
E0420 22:55:49.709000 25196 torch\_subclasses\fake_tensor.py:2940] [0/0]     a, b = _maybe_broadcast(a, b)
E0420 22:55:49.709000 25196 torch\_subclasses\fake_tensor.py:2940] [0/0]            ~~~~~~~~~~~~~~~~^^^^^^
E0420 22:55:49.709000 25196 torch\_subclasses\fake_tensor.py:2940] [0/0]   File "C:\Users\adars\AppData\Roaming\Python\Python314\site-packages\torch\_refs\__init__.py", line 475, in _maybe_broadcast
E0420 22:55:49.709000 25196 torch\_subclasses\fake_tensor.py:2940] [0/0]     common_shape = _broadcast_shapes(
E0420 22:55:49.709000 25196 torch\_subclasses\fake_tensor.py:2940] [0/0]         *(t.shape if isinstance(t, TensorLike) else None for t in args)
E0420 22:55:49.709000 25196 torch\_subclasses\fake_tensor.py:2940] [0/0]     )
E0420 22:55:49.709000 25196 torch\_subclasses\fake_tensor.py:2940] [0/0]   File "C:\Users\adars\AppData\Roaming\Python\Python314\site-packages\torch\_refs\__init__.py", line 463, in _broadcast_shapes
E0420 22:55:49.709000 25196 torch\_subclasses\fake_tensor.py:2940] [0/0]     torch._check(
E0420 22:55:49.709000 25196 torch\_subclasses\fake_tensor.py:2940] [0/0]     ~~~~~~~~~~~~^
E0420 22:55:49.709000 25196 torch\_subclasses\fake_tensor.py:2940] [0/0]         common_shape[idx] == shape[idx],
E0420 22:55:49.709000 25196 torch\_subclasses\fake_tensor.py:2940] [0/0]         ^^^^^^^^^^^^^^^^^^^^^^^^^^^^^^^^
E0420 22:55:49.709000 25196 torch\_subclasses\fake_tensor.py:2940] [0/0]     ...<2 lines>...
E0420 22:55:49.709000 25196 torch\_subclasses\fake_tensor.py:2940] [0/0]         f"should be broadcastable to {common_shape}",
E0420 22:55:49.709000 25196 torch\_subclasses\fake_tensor.py:2940] [0/0]         ^^^^^^^^^^^^^^^^^^^^^^^^^^^^^^^^^^^^^^^^^^^^^
E0420 22:55:49.709000 25196 torch\_subclasses\fake_tensor.py:2940] [0/0]     )
E0420 22:55:49.709000 25196 torch\_subclasses\fake_tensor.py:2940] [0/0]     ^
E0420 22:55:49.709000 25196 torch\_subclasses\fake_tensor.py:2940] [0/0]   File "C:\Users\adars\AppData\Roaming\Python\Python314\site-packages\torch\__init__.py", line 1761, in _check
E0420 22:55:49.709000 25196 torch\_subclasses\fake_tensor.py:2940] [0/0]     _check_with(RuntimeError, cond, message)  # pyrefly: ignore [bad-argument-type]
E0420 22:55:49.709000 25196 torch\_subclasses\fake_tensor.py:2940] [0/0]     ~~~~~~~~~~~^^^^^^^^^^^^^^^^^^^^^^^^^^^^^
E0420 22:55:49.709000 25196 torch\_subclasses\fake_tensor.py:2940] [0/0]   File "C:\Users\adars\AppData\Roaming\Python\Python314\site-packages\torch\__init__.py", line 1743, in _check_with
E0420 22:55:49.709000 25196 torch\_subclasses\fake_tensor.py:2940] [0/0]     raise error_type(message_evaluated)
E0420 22:55:49.709000 25196 torch\_subclasses\fake_tensor.py:2940] [0/0] RuntimeError: Attempting to broadcast a dimension of length 64 at -2! Mismatching argument at index 1 had torch.Size([64, 8]); but expected shape should be broadcastable to [2, 64, 4, 8]
W0420 22:55:49.936000 25196 torch\_higher_order_ops\triton_kernel_wrap.py:1151] [0/0] Encountered an exception in identify_accessed_tensors, assuming every input is mutated
W0420 22:55:49.936000 25196 torch\_higher_order_ops\triton_kernel_wrap.py:1151] [0/0] Traceback (most recent call last):
W0420 22:55:49.936000 25196 torch\_higher_order_ops\triton_kernel_wrap.py:1151] [0/0]   File "C:\Users\adars\AppData\Roaming\Python\Python314\site-packages\torch\_higher_order_ops\triton_kernel_wrap.py", line 1111, in identify_accessed_tensors
W0420 22:55:49.936000 25196 torch\_higher_order_ops\triton_kernel_wrap.py:1151] [0/0]     ttir_module, ordered_arg_names = generate_ttir(
W0420 22:55:49.936000 25196 torch\_higher_order_ops\triton_kernel_wrap.py:1151] [0/0]                                      ~~~~~~~~~~~~~^
W0420 22:55:49.936000 25196 torch\_higher_order_ops\triton_kernel_wrap.py:1151] [0/0]         kernel, kwargs, tma_descriptor_metadata
W0420 22:55:49.936000 25196 torch\_higher_order_ops\triton_kernel_wrap.py:1151] [0/0]         ^^^^^^^^^^^^^^^^^^^^^^^^^^^^^^^^^^^^^^^
W0420 22:55:49.936000 25196 torch\_higher_order_ops\triton_kernel_wrap.py:1151] [0/0]     )
W0420 22:55:49.936000 25196 torch\_higher_order_ops\triton_kernel_wrap.py:1151] [0/0]     ^
W0420 22:55:49.936000 25196 torch\_higher_order_ops\triton_kernel_wrap.py:1151] [0/0]   File "C:\Users\adars\AppData\Roaming\Python\Python314\site-packages\torch\_higher_order_ops\triton_kernel_wrap.py", line 293, in generate_ttir
W0420 22:55:49.936000 25196 torch\_higher_order_ops\triton_kernel_wrap.py:1151] [0/0]     raise ValueError(
W0420 22:55:49.936000 25196 torch\_higher_order_ops\triton_kernel_wrap.py:1151] [0/0]     ...<2 lines>...
W0420 22:55:49.936000 25196 torch\_higher_order_ops\triton_kernel_wrap.py:1151] [0/0]     )
W0420 22:55:49.936000 25196 torch\_higher_order_ops\triton_kernel_wrap.py:1151] [0/0] ValueError: Incorrect number of arguments passed to kernel: passed ['a_ptr', 'b_ptr', 'xs_ptr', 'ws_ptr', 'c_ptr', 'M', 'N', 'K', 'stride_am', 'stride_ak', 'stride_bk', 'stride_bn', 'stride_cm', 'stride_cn', 'BLOCK_M', 'BLOCK_N', 'BLOCK_K'], expected ['a_ptr', 'b_ptr', 'xs_ptr', 'ws_ptr', 'c_ptr', 'M', 'N', 'K', 'stride_am', 'stride_ak', 'stride_bk', 'stride_bn', 'stride_cm', 'stride_cn', 'BLOCK_M', 'BLOCK_N', 'BLOCK_K', 'GROUP_SIZE_M'].
W0420 22:55:50.003000 25196 torch\_higher_order_ops\triton_kernel_wrap.py:1151] [0/0] Encountered an exception in identify_accessed_tensors, assuming every input is mutated
W0420 22:55:50.003000 25196 torch\_higher_order_ops\triton_kernel_wrap.py:1151] [0/0] Traceback (most recent call last):
W0420 22:55:50.003000 25196 torch\_higher_order_ops\triton_kernel_wrap.py:1151] [0/0]   File "C:\Users\adars\AppData\Roaming\Python\Python314\site-packages\torch\_higher_order_ops\triton_kernel_wrap.py", line 1111, in identify_accessed_tensors
W0420 22:55:50.003000 25196 torch\_higher_order_ops\triton_kernel_wrap.py:1151] [0/0]     ttir_module, ordered_arg_names = generate_ttir(
W0420 22:55:50.003000 25196 torch\_higher_order_ops\triton_kernel_wrap.py:1151] [0/0]                                      ~~~~~~~~~~~~~^
W0420 22:55:50.003000 25196 torch\_higher_order_ops\triton_kernel_wrap.py:1151] [0/0]         kernel, kwargs, tma_descriptor_metadata
W0420 22:55:50.003000 25196 torch\_higher_order_ops\triton_kernel_wrap.py:1151] [0/0]         ^^^^^^^^^^^^^^^^^^^^^^^^^^^^^^^^^^^^^^^
W0420 22:55:50.003000 25196 torch\_higher_order_ops\triton_kernel_wrap.py:1151] [0/0]     )
W0420 22:55:50.003000 25196 torch\_higher_order_ops\triton_kernel_wrap.py:1151] [0/0]     ^
W0420 22:55:50.003000 25196 torch\_higher_order_ops\triton_kernel_wrap.py:1151] [0/0]   File "C:\Users\adars\AppData\Roaming\Python\Python314\site-packages\torch\_higher_order_ops\triton_kernel_wrap.py", line 293, in generate_ttir
W0420 22:55:50.003000 25196 torch\_higher_order_ops\triton_kernel_wrap.py:1151] [0/0]     raise ValueError(
W0420 22:55:50.003000 25196 torch\_higher_order_ops\triton_kernel_wrap.py:1151] [0/0]     ...<2 lines>...
W0420 22:55:50.003000 25196 torch\_higher_order_ops\triton_kernel_wrap.py:1151] [0/0]     )
W0420 22:55:50.003000 25196 torch\_higher_order_ops\triton_kernel_wrap.py:1151] [0/0] ValueError: Incorrect number of arguments passed to kernel: passed ['a_ptr', 'b_ptr', 'xs_ptr', 'ws_ptr', 'c_ptr', 'M', 'N', 'K', 'stride_am', 'stride_ak', 'stride_bk', 'stride_bn', 'stride_cm', 'stride_cn', 'BLOCK_M', 'BLOCK_N', 'BLOCK_K'], expected ['a_ptr', 'b_ptr', 'xs_ptr', 'ws_ptr', 'c_ptr', 'M', 'N', 'K', 'stride_am', 'stride_ak', 'stride_bk', 'stride_bn', 'stride_cm', 'stride_cn', 'BLOCK_M', 'BLOCK_N', 'BLOCK_K', 'GROUP_SIZE_M'].
W0420 22:55:50.221000 25196 torch\_higher_order_ops\triton_kernel_wrap.py:1151] [0/0] Encountered an exception in identify_accessed_tensors, assuming every input is mutated
W0420 22:55:50.221000 25196 torch\_higher_order_ops\triton_kernel_wrap.py:1151] [0/0] Traceback (most recent call last):
W0420 22:55:50.221000 25196 torch\_higher_order_ops\triton_kernel_wrap.py:1151] [0/0]   File "C:\Users\adars\AppData\Roaming\Python\Python314\site-packages\torch\_higher_order_ops\triton_kernel_wrap.py", line 1111, in identify_accessed_tensors
W0420 22:55:50.221000 25196 torch\_higher_order_ops\triton_kernel_wrap.py:1151] [0/0]     ttir_module, ordered_arg_names = generate_ttir(
W0420 22:55:50.221000 25196 torch\_higher_order_ops\triton_kernel_wrap.py:1151] [0/0]                                      ~~~~~~~~~~~~~^
W0420 22:55:50.221000 25196 torch\_higher_order_ops\triton_kernel_wrap.py:1151] [0/0]         kernel, kwargs, tma_descriptor_metadata
W0420 22:55:50.221000 25196 torch\_higher_order_ops\triton_kernel_wrap.py:1151] [0/0]         ^^^^^^^^^^^^^^^^^^^^^^^^^^^^^^^^^^^^^^^
W0420 22:55:50.221000 25196 torch\_higher_order_ops\triton_kernel_wrap.py:1151] [0/0]     )
W0420 22:55:50.221000 25196 torch\_higher_order_ops\triton_kernel_wrap.py:1151] [0/0]     ^
W0420 22:55:50.221000 25196 torch\_higher_order_ops\triton_kernel_wrap.py:1151] [0/0]   File "C:\Users\adars\AppData\Roaming\Python\Python314\site-packages\torch\_higher_order_ops\triton_kernel_wrap.py", line 293, in generate_ttir
W0420 22:55:50.221000 25196 torch\_higher_order_ops\triton_kernel_wrap.py:1151] [0/0]     raise ValueError(
W0420 22:55:50.221000 25196 torch\_higher_order_ops\triton_kernel_wrap.py:1151] [0/0]     ...<2 lines>...
W0420 22:55:50.221000 25196 torch\_higher_order_ops\triton_kernel_wrap.py:1151] [0/0]     )
W0420 22:55:50.221000 25196 torch\_higher_order_ops\triton_kernel_wrap.py:1151] [0/0] ValueError: Incorrect number of arguments passed to kernel: passed ['a_ptr', 'b_ptr', 'xs_ptr', 'ws_ptr', 'c_ptr', 'M', 'N', 'K', 'stride_am', 'stride_ak', 'stride_bk', 'stride_bn', 'stride_cm', 'stride_cn', 'BLOCK_M', 'BLOCK_N', 'BLOCK_K'], expected ['a_ptr', 'b_ptr', 'xs_ptr', 'ws_ptr', 'c_ptr', 'M', 'N', 'K', 'stride_am', 'stride_ak', 'stride_bk', 'stride_bn', 'stride_cm', 'stride_cn', 'BLOCK_M', 'BLOCK_N', 'BLOCK_K', 'GROUP_SIZE_M'].
W0420 22:55:50.223000 25196 torch\_higher_order_ops\triton_kernel_wrap.py:1151] [0/0] Encountered an exception in identify_accessed_tensors, assuming every input is mutated
W0420 22:55:50.223000 25196 torch\_higher_order_ops\triton_kernel_wrap.py:1151] [0/0] Traceback (most recent call last):
W0420 22:55:50.223000 25196 torch\_higher_order_ops\triton_kernel_wrap.py:1151] [0/0]   File "C:\Users\adars\AppData\Roaming\Python\Python314\site-packages\torch\_higher_order_ops\triton_kernel_wrap.py", line 1111, in identify_accessed_tensors
W0420 22:55:50.223000 25196 torch\_higher_order_ops\triton_kernel_wrap.py:1151] [0/0]     ttir_module, ordered_arg_names = generate_ttir(
W0420 22:55:50.223000 25196 torch\_higher_order_ops\triton_kernel_wrap.py:1151] [0/0]                                      ~~~~~~~~~~~~~^
W0420 22:55:50.223000 25196 torch\_higher_order_ops\triton_kernel_wrap.py:1151] [0/0]         kernel, kwargs, tma_descriptor_metadata
W0420 22:55:50.223000 25196 torch\_higher_order_ops\triton_kernel_wrap.py:1151] [0/0]         ^^^^^^^^^^^^^^^^^^^^^^^^^^^^^^^^^^^^^^^
W0420 22:55:50.223000 25196 torch\_higher_order_ops\triton_kernel_wrap.py:1151] [0/0]     )
W0420 22:55:50.223000 25196 torch\_higher_order_ops\triton_kernel_wrap.py:1151] [0/0]     ^
W0420 22:55:50.223000 25196 torch\_higher_order_ops\triton_kernel_wrap.py:1151] [0/0]   File "C:\Users\adars\AppData\Roaming\Python\Python314\site-packages\torch\_higher_order_ops\triton_kernel_wrap.py", line 293, in generate_ttir
W0420 22:55:50.223000 25196 torch\_higher_order_ops\triton_kernel_wrap.py:1151] [0/0]     raise ValueError(
W0420 22:55:50.223000 25196 torch\_higher_order_ops\triton_kernel_wrap.py:1151] [0/0]     ...<2 lines>...
W0420 22:55:50.223000 25196 torch\_higher_order_ops\triton_kernel_wrap.py:1151] [0/0]     )
W0420 22:55:50.223000 25196 torch\_higher_order_ops\triton_kernel_wrap.py:1151] [0/0] ValueError: Incorrect number of arguments passed to kernel: passed ['a_ptr', 'b_ptr', 'xs_ptr', 'ws_ptr', 'c_ptr', 'M', 'N', 'K', 'stride_am', 'stride_ak', 'stride_bk', 'stride_bn', 'stride_cm', 'stride_cn', 'BLOCK_M', 'BLOCK_N', 'BLOCK_K'], expected ['a_ptr', 'b_ptr', 'xs_ptr', 'ws_ptr', 'c_ptr', 'M', 'N', 'K', 'stride_am', 'stride_ak', 'stride_bk', 'stride_bn', 'stride_cm', 'stride_cn', 'BLOCK_M', 'BLOCK_N', 'BLOCK_K', 'GROUP_SIZE_M'].
E0420 22:55:50.550000 25196 torch\_inductor\runtime\triton_heuristics.py:893] [0/0] Triton compilation failed: _fused_qkv_w8a8_kernel_0
E0420 22:55:50.550000 25196 torch\_inductor\runtime\triton_heuristics.py:893] [0/0] def _fused_qkv_w8a8_kernel(
E0420 22:55:50.550000 25196 torch\_inductor\runtime\triton_heuristics.py:893] [0/0]     a_ptr, b_ptr, xs_ptr, ws_ptr, c_ptr,
E0420 22:55:50.550000 25196 torch\_inductor\runtime\triton_heuristics.py:893] [0/0]     M, N, K,
E0420 22:55:50.550000 25196 torch\_inductor\runtime\triton_heuristics.py:893] [0/0]     stride_am, stride_ak, stride_bk, stride_bn, stride_cm, stride_cn,
E0420 22:55:50.550000 25196 torch\_inductor\runtime\triton_heuristics.py:893] [0/0]     BLOCK_M: tl.constexpr = 128,
E0420 22:55:50.550000 25196 torch\_inductor\runtime\triton_heuristics.py:893] [0/0]     BLOCK_N: tl.constexpr = 128,
E0420 22:55:50.550000 25196 torch\_inductor\runtime\triton_heuristics.py:893] [0/0]     BLOCK_K: tl.constexpr = 64,
E0420 22:55:50.550000 25196 torch\_inductor\runtime\triton_heuristics.py:893] [0/0]     GROUP_SIZE_M: tl.constexpr = 8,
E0420 22:55:50.550000 25196 torch\_inductor\runtime\triton_heuristics.py:893] [0/0] ):
E0420 22:55:50.550000 25196 torch\_inductor\runtime\triton_heuristics.py:893] [0/0]     """out[m, n] = x_scale[m] * w_scale[n] * sum_k( x_int8[m,k] * w_int8[n,k] )"""
E0420 22:55:50.550000 25196 torch\_inductor\runtime\triton_heuristics.py:893] [0/0]     pid = tl.program_id(0)
E0420 22:55:50.550000 25196 torch\_inductor\runtime\triton_heuristics.py:893] [0/0]     num_pid_m = tl.cdiv(M, BLOCK_M)
E0420 22:55:50.550000 25196 torch\_inductor\runtime\triton_heuristics.py:893] [0/0]     num_pid_n = tl.cdiv(N, BLOCK_N)
E0420 22:55:50.550000 25196 torch\_inductor\runtime\triton_heuristics.py:893] [0/0]     num_pid_in_group = GROUP_SIZE_M * num_pid_n
E0420 22:55:50.550000 25196 torch\_inductor\runtime\triton_heuristics.py:893] [0/0]     group_id = pid // num_pid_in_group
E0420 22:55:50.550000 25196 torch\_inductor\runtime\triton_heuristics.py:893] [0/0]     first_pid_m = group_id * GROUP_SIZE_M
E0420 22:55:50.550000 25196 torch\_inductor\runtime\triton_heuristics.py:893] [0/0]     group_size_m = min(num_pid_m - first_pid_m, GROUP_SIZE_M)
E0420 22:55:50.550000 25196 torch\_inductor\runtime\triton_heuristics.py:893] [0/0]     pid_m = first_pid_m + ((pid % num_pid_in_group) % group_size_m)
E0420 22:55:50.550000 25196 torch\_inductor\runtime\triton_heuristics.py:893] [0/0]     pid_n = (pid % num_pid_in_group) // group_size_m
E0420 22:55:50.550000 25196 torch\_inductor\runtime\triton_heuristics.py:893] [0/0] 
E0420 22:55:50.550000 25196 torch\_inductor\runtime\triton_heuristics.py:893] [0/0]     offs_am = (pid_m * BLOCK_M + tl.arange(0, BLOCK_M)) % M
E0420 22:55:50.550000 25196 torch\_inductor\runtime\triton_heuristics.py:893] [0/0]     offs_bn = (pid_n * BLOCK_N + tl.arange(0, BLOCK_N)) % N
E0420 22:55:50.550000 25196 torch\_inductor\runtime\triton_heuristics.py:893] [0/0]     offs_k = tl.arange(0, BLOCK_K)
E0420 22:55:50.550000 25196 torch\_inductor\runtime\triton_heuristics.py:893] [0/0]     a_ptrs = a_ptr + (offs_am[:, None] * stride_am + offs_k[None, :] * stride_ak)
E0420 22:55:50.550000 25196 torch\_inductor\runtime\triton_heuristics.py:893] [0/0]     b_ptrs = b_ptr + (offs_k[:, None] * stride_bk + offs_bn[None, :] * stride_bn)
E0420 22:55:50.550000 25196 torch\_inductor\runtime\triton_heuristics.py:893] [0/0] 
E0420 22:55:50.550000 25196 torch\_inductor\runtime\triton_heuristics.py:893] [0/0]     acc = tl.zeros((BLOCK_M, BLOCK_N), dtype=tl.int32)
E0420 22:55:50.550000 25196 torch\_inductor\runtime\triton_heuristics.py:893] [0/0]     for _k in range(0, tl.cdiv(K, BLOCK_K)):
E0420 22:55:50.550000 25196 torch\_inductor\runtime\triton_heuristics.py:893] [0/0]         a = tl.load(a_ptrs)
E0420 22:55:50.550000 25196 torch\_inductor\runtime\triton_heuristics.py:893] [0/0]         b = tl.load(b_ptrs)
E0420 22:55:50.550000 25196 torch\_inductor\runtime\triton_heuristics.py:893] [0/0]         acc += tl.dot(a, b, out_dtype=tl.int32)
E0420 22:55:50.550000 25196 torch\_inductor\runtime\triton_heuristics.py:893] [0/0]         a_ptrs += BLOCK_K * stride_ak
E0420 22:55:50.550000 25196 torch\_inductor\runtime\triton_heuristics.py:893] [0/0]         b_ptrs += BLOCK_K * stride_bk
E0420 22:55:50.550000 25196 torch\_inductor\runtime\triton_heuristics.py:893] [0/0] 
E0420 22:55:50.550000 25196 torch\_inductor\runtime\triton_heuristics.py:893] [0/0]     offs_cm = pid_m * BLOCK_M + tl.arange(0, BLOCK_M)
E0420 22:55:50.550000 25196 torch\_inductor\runtime\triton_heuristics.py:893] [0/0]     offs_cn = pid_n * BLOCK_N + tl.arange(0, BLOCK_N)
E0420 22:55:50.550000 25196 torch\_inductor\runtime\triton_heuristics.py:893] [0/0]     xs = tl.load(xs_ptr + offs_cm, mask=offs_cm < M, other=0.0).to(tl.float32)
E0420 22:55:50.550000 25196 torch\_inductor\runtime\triton_heuristics.py:893] [0/0]     ws = tl.load(ws_ptr + offs_cn, mask=offs_cn < N, other=0.0).to(tl.float32)
E0420 22:55:50.550000 25196 torch\_inductor\runtime\triton_heuristics.py:893] [0/0]     out = acc.to(tl.float32)
E0420 22:55:50.550000 25196 torch\_inductor\runtime\triton_heuristics.py:893] [0/0]     out = out * xs[:, None]
E0420 22:55:50.550000 25196 torch\_inductor\runtime\triton_heuristics.py:893] [0/0]     out = out * ws[None, :]
E0420 22:55:50.550000 25196 torch\_inductor\runtime\triton_heuristics.py:893] [0/0] 
E0420 22:55:50.550000 25196 torch\_inductor\runtime\triton_heuristics.py:893] [0/0]     c_ptrs = c_ptr + stride_cm * offs_cm[:, None] + stride_cn * offs_cn[None, :]
E0420 22:55:50.550000 25196 torch\_inductor\runtime\triton_heuristics.py:893] [0/0]     c_mask = (offs_cm[:, None] < M) & (offs_cn[None, :] < N)
E0420 22:55:50.550000 25196 torch\_inductor\runtime\triton_heuristics.py:893] [0/0]     tl.store(c_ptrs, out.to(tl.bfloat16), mask=c_mask)
E0420 22:55:50.550000 25196 torch\_inductor\runtime\triton_heuristics.py:893] [0/0] 
E0420 22:55:50.550000 25196 torch\_inductor\runtime\triton_heuristics.py:893] [0/0] metadata: {'signature': {'a_ptr': '*i8', 'b_ptr': '*i8', 'xs_ptr': '*bf16', 'ws_ptr': '*bf16', 'c_ptr': '*bf16', 'M': 'i32', 'N': 'i32', 'K': 'i32', 'stride_am': 'i32', 'stride_ak': 'constexpr', 'stride_bk': 'constexpr', 'stride_bn': 'i32', 'stride_cm': 'i32', 'stride_cn': 'constexpr', 'BLOCK_M': 'constexpr', 'BLOCK_N': 'constexpr', 'BLOCK_K': 'constexpr', 'GROUP_SIZE_M': 'constexpr'}, 'device': 0, 'constants': {'stride_ak': 1, 'stride_bk': 1, 'stride_cn': 1, 'BLOCK_M': 128, 'BLOCK_N': 128, 'BLOCK_K': 64}, 'configs': [{(0,): [['tt.divisibility', 16]], (1,): [['tt.divisibility', 16]], (2,): [['tt.divisibility', 16]], (3,): [['tt.divisibility', 16]], (4,): [['tt.divisibility', 16]], (5,): [['tt.divisibility', 16]], (6,): [['tt.divisibility', 16]], (7,): [['tt.divisibility', 16]], (8,): [['tt.divisibility', 16]], (11,): [['tt.divisibility', 16]], (12,): [['tt.divisibility', 16]]}], 'device_type': 'cuda', 'num_warps': 4, 'num_stages': 3, 'debug': True, 'cc': 120}
E0420 22:55:50.550000 25196 torch\_inductor\runtime\triton_heuristics.py:893] [0/0] Traceback (most recent call last):
E0420 22:55:50.550000 25196 torch\_inductor\runtime\triton_heuristics.py:893] [0/0]   File "C:\Users\adars\AppData\Roaming\Python\Python314\site-packages\torch\_inductor\runtime\triton_heuristics.py", line 891, in _precompile_config
E0420 22:55:50.550000 25196 torch\_inductor\runtime\triton_heuristics.py:893] [0/0]     binary = triton.compile(*compile_args, **compile_kwargs)
E0420 22:55:50.550000 25196 torch\_inductor\runtime\triton_heuristics.py:893] [0/0]   File "C:\Users\adars\AppData\Roaming\Python\Python314\site-packages\triton\compiler\compiler.py", line 304, in compile
E0420 22:55:50.550000 25196 torch\_inductor\runtime\triton_heuristics.py:893] [0/0]     module = src.make_ir(target, options, codegen_fns, module_map, context)
E0420 22:55:50.550000 25196 torch\_inductor\runtime\triton_heuristics.py:893] [0/0]   File "C:\Users\adars\AppData\Roaming\Python\Python314\site-packages\triton\compiler\compiler.py", line 80, in make_ir
E0420 22:55:50.550000 25196 torch\_inductor\runtime\triton_heuristics.py:893] [0/0]     return ast_to_ttir(self.fn, self, context=context, options=options, codegen_fns=codegen_fns,
E0420 22:55:50.550000 25196 torch\_inductor\runtime\triton_heuristics.py:893] [0/0]                        module_map=module_map)
E0420 22:55:50.550000 25196 torch\_inductor\runtime\triton_heuristics.py:893] [0/0] triton.compiler.errors.CompilationError: at 14:23:
E0420 22:55:50.550000 25196 torch\_inductor\runtime\triton_heuristics.py:893] [0/0]     M, N, K,
E0420 22:55:50.550000 25196 torch\_inductor\runtime\triton_heuristics.py:893] [0/0]     stride_am, stride_ak, stride_bk, stride_bn, stride_cm, stride_cn,
E0420 22:55:50.550000 25196 torch\_inductor\runtime\triton_heuristics.py:893] [0/0]     BLOCK_M: tl.constexpr = 128,
E0420 22:55:50.550000 25196 torch\_inductor\runtime\triton_heuristics.py:893] [0/0]     BLOCK_N: tl.constexpr = 128,
E0420 22:55:50.550000 25196 torch\_inductor\runtime\triton_heuristics.py:893] [0/0]     BLOCK_K: tl.constexpr = 64,
E0420 22:55:50.550000 25196 torch\_inductor\runtime\triton_heuristics.py:893] [0/0]     GROUP_SIZE_M: tl.constexpr = 8,
E0420 22:55:50.550000 25196 torch\_inductor\runtime\triton_heuristics.py:893] [0/0] ):
E0420 22:55:50.550000 25196 torch\_inductor\runtime\triton_heuristics.py:893] [0/0]     """out[m, n] = x_scale[m] * w_scale[n] * sum_k( x_int8[m,k] * w_int8[n,k] )"""
E0420 22:55:50.550000 25196 torch\_inductor\runtime\triton_heuristics.py:893] [0/0]     pid = tl.program_id(0)
E0420 22:55:50.550000 25196 torch\_inductor\runtime\triton_heuristics.py:893] [0/0]     num_pid_m = tl.cdiv(M, BLOCK_M)
E0420 22:55:50.550000 25196 torch\_inductor\runtime\triton_heuristics.py:893] [0/0]     num_pid_n = tl.cdiv(N, BLOCK_N)
E0420 22:55:50.550000 25196 torch\_inductor\runtime\triton_heuristics.py:893] [0/0]     num_pid_in_group = GROUP_SIZE_M * num_pid_n
E0420 22:55:50.550000 25196 torch\_inductor\runtime\triton_heuristics.py:893] [0/0]                        ^
E0420 22:55:50.550000 25196 torch\_inductor\runtime\triton_heuristics.py:893] [0/0] AttributeError("'NoneType' object has no attribute 'type'")
W0420 22:55:50.747000 25196 torch\_higher_order_ops\triton_kernel_wrap.py:1151] [0/0] Encountered an exception in identify_accessed_tensors, assuming every input is mutated
W0420 22:55:50.747000 25196 torch\_higher_order_ops\triton_kernel_wrap.py:1151] [0/0] Traceback (most recent call last):
W0420 22:55:50.747000 25196 torch\_higher_order_ops\triton_kernel_wrap.py:1151] [0/0]   File "C:\Users\adars\AppData\Roaming\Python\Python314\site-packages\torch\_higher_order_ops\triton_kernel_wrap.py", line 1111, in identify_accessed_tensors
W0420 22:55:50.747000 25196 torch\_higher_order_ops\triton_kernel_wrap.py:1151] [0/0]     ttir_module, ordered_arg_names = generate_ttir(
W0420 22:55:50.747000 25196 torch\_higher_order_ops\triton_kernel_wrap.py:1151] [0/0]                                      ~~~~~~~~~~~~~^
W0420 22:55:50.747000 25196 torch\_higher_order_ops\triton_kernel_wrap.py:1151] [0/0]         kernel, kwargs, tma_descriptor_metadata
W0420 22:55:50.747000 25196 torch\_higher_order_ops\triton_kernel_wrap.py:1151] [0/0]         ^^^^^^^^^^^^^^^^^^^^^^^^^^^^^^^^^^^^^^^
W0420 22:55:50.747000 25196 torch\_higher_order_ops\triton_kernel_wrap.py:1151] [0/0]     )
W0420 22:55:50.747000 25196 torch\_higher_order_ops\triton_kernel_wrap.py:1151] [0/0]     ^
W0420 22:55:50.747000 25196 torch\_higher_order_ops\triton_kernel_wrap.py:1151] [0/0]   File "C:\Users\adars\AppData\Roaming\Python\Python314\site-packages\torch\_higher_order_ops\triton_kernel_wrap.py", line 293, in generate_ttir
W0420 22:55:50.747000 25196 torch\_higher_order_ops\triton_kernel_wrap.py:1151] [0/0]     raise ValueError(
W0420 22:55:50.747000 25196 torch\_higher_order_ops\triton_kernel_wrap.py:1151] [0/0]     ...<2 lines>...
W0420 22:55:50.747000 25196 torch\_higher_order_ops\triton_kernel_wrap.py:1151] [0/0]     )
W0420 22:55:50.747000 25196 torch\_higher_order_ops\triton_kernel_wrap.py:1151] [0/0] ValueError: Incorrect number of arguments passed to kernel: passed ['a_ptr', 'b_ptr', 'xs_ptr', 'ws_ptr', 'attn_scale_ptr', 'res_ptr', 'c_ptr', 'M', 'N', 'K', 'stride_am', 'stride_ak', 'stride_bk', 'stride_bn', 'stride_rm', 'stride_rn', 'stride_cm', 'stride_cn', 'BLOCK_M', 'BLOCK_N', 'BLOCK_K'], expected ['a_ptr', 'b_ptr', 'xs_ptr', 'ws_ptr', 'attn_scale_ptr', 'res_ptr', 'c_ptr', 'M', 'N', 'K', 'stride_am', 'stride_ak', 'stride_bk', 'stride_bn', 'stride_rm', 'stride_rn', 'stride_cm', 'stride_cn', 'BLOCK_M', 'BLOCK_N', 'BLOCK_K', 'GROUP_SIZE_M'].
W0420 22:55:50.807000 25196 torch\_higher_order_ops\triton_kernel_wrap.py:1151] [0/0] Encountered an exception in identify_accessed_tensors, assuming every input is mutated
W0420 22:55:50.807000 25196 torch\_higher_order_ops\triton_kernel_wrap.py:1151] [0/0] Traceback (most recent call last):
W0420 22:55:50.807000 25196 torch\_higher_order_ops\triton_kernel_wrap.py:1151] [0/0]   File "C:\Users\adars\AppData\Roaming\Python\Python314\site-packages\torch\_higher_order_ops\triton_kernel_wrap.py", line 1111, in identify_accessed_tensors
W0420 22:55:50.807000 25196 torch\_higher_order_ops\triton_kernel_wrap.py:1151] [0/0]     ttir_module, ordered_arg_names = generate_ttir(
W0420 22:55:50.807000 25196 torch\_higher_order_ops\triton_kernel_wrap.py:1151] [0/0]                                      ~~~~~~~~~~~~~^
W0420 22:55:50.807000 25196 torch\_higher_order_ops\triton_kernel_wrap.py:1151] [0/0]         kernel, kwargs, tma_descriptor_metadata
W0420 22:55:50.807000 25196 torch\_higher_order_ops\triton_kernel_wrap.py:1151] [0/0]         ^^^^^^^^^^^^^^^^^^^^^^^^^^^^^^^^^^^^^^^
W0420 22:55:50.807000 25196 torch\_higher_order_ops\triton_kernel_wrap.py:1151] [0/0]     )
W0420 22:55:50.807000 25196 torch\_higher_order_ops\triton_kernel_wrap.py:1151] [0/0]     ^
W0420 22:55:50.807000 25196 torch\_higher_order_ops\triton_kernel_wrap.py:1151] [0/0]   File "C:\Users\adars\AppData\Roaming\Python\Python314\site-packages\torch\_higher_order_ops\triton_kernel_wrap.py", line 293, in generate_ttir
W0420 22:55:50.807000 25196 torch\_higher_order_ops\triton_kernel_wrap.py:1151] [0/0]     raise ValueError(
W0420 22:55:50.807000 25196 torch\_higher_order_ops\triton_kernel_wrap.py:1151] [0/0]     ...<2 lines>...
W0420 22:55:50.807000 25196 torch\_higher_order_ops\triton_kernel_wrap.py:1151] [0/0]     )
W0420 22:55:50.807000 25196 torch\_higher_order_ops\triton_kernel_wrap.py:1151] [0/0] ValueError: Incorrect number of arguments passed to kernel: passed ['a_ptr', 'b_ptr', 'xs_ptr', 'ws_ptr', 'attn_scale_ptr', 'res_ptr', 'c_ptr', 'M', 'N', 'K', 'stride_am', 'stride_ak', 'stride_bk', 'stride_bn', 'stride_rm', 'stride_rn', 'stride_cm', 'stride_cn', 'BLOCK_M', 'BLOCK_N', 'BLOCK_K'], expected ['a_ptr', 'b_ptr', 'xs_ptr', 'ws_ptr', 'attn_scale_ptr', 'res_ptr', 'c_ptr', 'M', 'N', 'K', 'stride_am', 'stride_ak', 'stride_bk', 'stride_bn', 'stride_rm', 'stride_rn', 'stride_cm', 'stride_cn', 'BLOCK_M', 'BLOCK_N', 'BLOCK_K', 'GROUP_SIZE_M'].
W0420 22:55:51.091000 25196 torch\_higher_order_ops\triton_kernel_wrap.py:1151] [0/0] Encountered an exception in identify_accessed_tensors, assuming every input is mutated
W0420 22:55:51.091000 25196 torch\_higher_order_ops\triton_kernel_wrap.py:1151] [0/0] Traceback (most recent call last):
W0420 22:55:51.091000 25196 torch\_higher_order_ops\triton_kernel_wrap.py:1151] [0/0]   File "C:\Users\adars\AppData\Roaming\Python\Python314\site-packages\torch\_higher_order_ops\triton_kernel_wrap.py", line 1111, in identify_accessed_tensors
W0420 22:55:51.091000 25196 torch\_higher_order_ops\triton_kernel_wrap.py:1151] [0/0]     ttir_module, ordered_arg_names = generate_ttir(
W0420 22:55:51.091000 25196 torch\_higher_order_ops\triton_kernel_wrap.py:1151] [0/0]                                      ~~~~~~~~~~~~~^
W0420 22:55:51.091000 25196 torch\_higher_order_ops\triton_kernel_wrap.py:1151] [0/0]         kernel, kwargs, tma_descriptor_metadata
W0420 22:55:51.091000 25196 torch\_higher_order_ops\triton_kernel_wrap.py:1151] [0/0]         ^^^^^^^^^^^^^^^^^^^^^^^^^^^^^^^^^^^^^^^
W0420 22:55:51.091000 25196 torch\_higher_order_ops\triton_kernel_wrap.py:1151] [0/0]     )
W0420 22:55:51.091000 25196 torch\_higher_order_ops\triton_kernel_wrap.py:1151] [0/0]     ^
W0420 22:55:51.091000 25196 torch\_higher_order_ops\triton_kernel_wrap.py:1151] [0/0]   File "C:\Users\adars\AppData\Roaming\Python\Python314\site-packages\torch\_higher_order_ops\triton_kernel_wrap.py", line 293, in generate_ttir
W0420 22:55:51.091000 25196 torch\_higher_order_ops\triton_kernel_wrap.py:1151] [0/0]     raise ValueError(
W0420 22:55:51.091000 25196 torch\_higher_order_ops\triton_kernel_wrap.py:1151] [0/0]     ...<2 lines>...
W0420 22:55:51.091000 25196 torch\_higher_order_ops\triton_kernel_wrap.py:1151] [0/0]     )
W0420 22:55:51.091000 25196 torch\_higher_order_ops\triton_kernel_wrap.py:1151] [0/0] ValueError: Incorrect number of arguments passed to kernel: passed ['a_ptr', 'b_ptr', 'xs_ptr', 'ws_ptr', 'attn_scale_ptr', 'res_ptr', 'c_ptr', 'M', 'N', 'K', 'stride_am', 'stride_ak', 'stride_bk', 'stride_bn', 'stride_rm', 'stride_rn', 'stride_cm', 'stride_cn', 'BLOCK_M', 'BLOCK_N', 'BLOCK_K'], expected ['a_ptr', 'b_ptr', 'xs_ptr', 'ws_ptr', 'attn_scale_ptr', 'res_ptr', 'c_ptr', 'M', 'N', 'K', 'stride_am', 'stride_ak', 'stride_bk', 'stride_bn', 'stride_rm', 'stride_rn', 'stride_cm', 'stride_cn', 'BLOCK_M', 'BLOCK_N', 'BLOCK_K', 'GROUP_SIZE_M'].
W0420 22:55:51.093000 25196 torch\_higher_order_ops\triton_kernel_wrap.py:1151] [0/0] Encountered an exception in identify_accessed_tensors, assuming every input is mutated
W0420 22:55:51.093000 25196 torch\_higher_order_ops\triton_kernel_wrap.py:1151] [0/0] Traceback (most recent call last):
W0420 22:55:51.093000 25196 torch\_higher_order_ops\triton_kernel_wrap.py:1151] [0/0]   File "C:\Users\adars\AppData\Roaming\Python\Python314\site-packages\torch\_higher_order_ops\triton_kernel_wrap.py", line 1111, in identify_accessed_tensors
W0420 22:55:51.093000 25196 torch\_higher_order_ops\triton_kernel_wrap.py:1151] [0/0]     ttir_module, ordered_arg_names = generate_ttir(
W0420 22:55:51.093000 25196 torch\_higher_order_ops\triton_kernel_wrap.py:1151] [0/0]                                      ~~~~~~~~~~~~~^
W0420 22:55:51.093000 25196 torch\_higher_order_ops\triton_kernel_wrap.py:1151] [0/0]         kernel, kwargs, tma_descriptor_metadata
W0420 22:55:51.093000 25196 torch\_higher_order_ops\triton_kernel_wrap.py:1151] [0/0]         ^^^^^^^^^^^^^^^^^^^^^^^^^^^^^^^^^^^^^^^
W0420 22:55:51.093000 25196 torch\_higher_order_ops\triton_kernel_wrap.py:1151] [0/0]     )
W0420 22:55:51.093000 25196 torch\_higher_order_ops\triton_kernel_wrap.py:1151] [0/0]     ^
W0420 22:55:51.093000 25196 torch\_higher_order_ops\triton_kernel_wrap.py:1151] [0/0]   File "C:\Users\adars\AppData\Roaming\Python\Python314\site-packages\torch\_higher_order_ops\triton_kernel_wrap.py", line 293, in generate_ttir
W0420 22:55:51.093000 25196 torch\_higher_order_ops\triton_kernel_wrap.py:1151] [0/0]     raise ValueError(
W0420 22:55:51.093000 25196 torch\_higher_order_ops\triton_kernel_wrap.py:1151] [0/0]     ...<2 lines>...
W0420 22:55:51.093000 25196 torch\_higher_order_ops\triton_kernel_wrap.py:1151] [0/0]     )
W0420 22:55:51.093000 25196 torch\_higher_order_ops\triton_kernel_wrap.py:1151] [0/0] ValueError: Incorrect number of arguments passed to kernel: passed ['a_ptr', 'b_ptr', 'xs_ptr', 'ws_ptr', 'attn_scale_ptr', 'res_ptr', 'c_ptr', 'M', 'N', 'K', 'stride_am', 'stride_ak', 'stride_bk', 'stride_bn', 'stride_rm', 'stride_rn', 'stride_cm', 'stride_cn', 'BLOCK_M', 'BLOCK_N', 'BLOCK_K'], expected ['a_ptr', 'b_ptr', 'xs_ptr', 'ws_ptr', 'attn_scale_ptr', 'res_ptr', 'c_ptr', 'M', 'N', 'K', 'stride_am', 'stride_ak', 'stride_bk', 'stride_bn', 'stride_rm', 'stride_rn', 'stride_cm', 'stride_cn', 'BLOCK_M', 'BLOCK_N', 'BLOCK_K', 'GROUP_SIZE_M'].
E0420 22:55:51.409000 25196 torch\_inductor\runtime\triton_heuristics.py:893] [0/0] Triton compilation failed: _fused_out_proj_w8a8_kernel_0
E0420 22:55:51.409000 25196 torch\_inductor\runtime\triton_heuristics.py:893] [0/0] def _fused_out_proj_w8a8_kernel(
E0420 22:55:51.409000 25196 torch\_inductor\runtime\triton_heuristics.py:893] [0/0]     a_ptr, b_ptr, xs_ptr, ws_ptr, attn_scale_ptr, res_ptr, c_ptr,
E0420 22:55:51.409000 25196 torch\_inductor\runtime\triton_heuristics.py:893] [0/0]     M, N, K,
E0420 22:55:51.409000 25196 torch\_inductor\runtime\triton_heuristics.py:893] [0/0]     stride_am, stride_ak, stride_bk, stride_bn,
E0420 22:55:51.409000 25196 torch\_inductor\runtime\triton_heuristics.py:893] [0/0]     stride_rm, stride_rn, stride_cm, stride_cn,
E0420 22:55:51.409000 25196 torch\_inductor\runtime\triton_heuristics.py:893] [0/0]     BLOCK_M: tl.constexpr = 128,
E0420 22:55:51.409000 25196 torch\_inductor\runtime\triton_heuristics.py:893] [0/0]     BLOCK_N: tl.constexpr = 128,
E0420 22:55:51.409000 25196 torch\_inductor\runtime\triton_heuristics.py:893] [0/0]     BLOCK_K: tl.constexpr = 64,
E0420 22:55:51.409000 25196 torch\_inductor\runtime\triton_heuristics.py:893] [0/0]     GROUP_SIZE_M: tl.constexpr = 8,
E0420 22:55:51.409000 25196 torch\_inductor\runtime\triton_heuristics.py:893] [0/0] ):
E0420 22:55:51.409000 25196 torch\_inductor\runtime\triton_heuristics.py:893] [0/0]     """out = residual + attn_scale[None, :] * (x_scale[m] * w_scale[n] * int8_gemm)"""
E0420 22:55:51.409000 25196 torch\_inductor\runtime\triton_heuristics.py:893] [0/0]     pid = tl.program_id(0)
E0420 22:55:51.409000 25196 torch\_inductor\runtime\triton_heuristics.py:893] [0/0]     num_pid_m = tl.cdiv(M, BLOCK_M)
E0420 22:55:51.409000 25196 torch\_inductor\runtime\triton_heuristics.py:893] [0/0]     num_pid_n = tl.cdiv(N, BLOCK_N)
E0420 22:55:51.409000 25196 torch\_inductor\runtime\triton_heuristics.py:893] [0/0]     num_pid_in_group = GROUP_SIZE_M * num_pid_n
E0420 22:55:51.409000 25196 torch\_inductor\runtime\triton_heuristics.py:893] [0/0]     group_id = pid // num_pid_in_group
E0420 22:55:51.409000 25196 torch\_inductor\runtime\triton_heuristics.py:893] [0/0]     first_pid_m = group_id * GROUP_SIZE_M
E0420 22:55:51.409000 25196 torch\_inductor\runtime\triton_heuristics.py:893] [0/0]     group_size_m = min(num_pid_m - first_pid_m, GROUP_SIZE_M)
E0420 22:55:51.409000 25196 torch\_inductor\runtime\triton_heuristics.py:893] [0/0]     pid_m = first_pid_m + ((pid % num_pid_in_group) % group_size_m)
E0420 22:55:51.409000 25196 torch\_inductor\runtime\triton_heuristics.py:893] [0/0]     pid_n = (pid % num_pid_in_group) // group_size_m
E0420 22:55:51.409000 25196 torch\_inductor\runtime\triton_heuristics.py:893] [0/0] 
E0420 22:55:51.409000 25196 torch\_inductor\runtime\triton_heuristics.py:893] [0/0]     offs_am = (pid_m * BLOCK_M + tl.arange(0, BLOCK_M)) % M
E0420 22:55:51.409000 25196 torch\_inductor\runtime\triton_heuristics.py:893] [0/0]     offs_bn = (pid_n * BLOCK_N + tl.arange(0, BLOCK_N)) % N
E0420 22:55:51.409000 25196 torch\_inductor\runtime\triton_heuristics.py:893] [0/0]     offs_k = tl.arange(0, BLOCK_K)
E0420 22:55:51.409000 25196 torch\_inductor\runtime\triton_heuristics.py:893] [0/0]     a_ptrs = a_ptr + (offs_am[:, None] * stride_am + offs_k[None, :] * stride_ak)
E0420 22:55:51.409000 25196 torch\_inductor\runtime\triton_heuristics.py:893] [0/0]     b_ptrs = b_ptr + (offs_k[:, None] * stride_bk + offs_bn[None, :] * stride_bn)
E0420 22:55:51.409000 25196 torch\_inductor\runtime\triton_heuristics.py:893] [0/0] 
E0420 22:55:51.409000 25196 torch\_inductor\runtime\triton_heuristics.py:893] [0/0]     acc = tl.zeros((BLOCK_M, BLOCK_N), dtype=tl.int32)
E0420 22:55:51.409000 25196 torch\_inductor\runtime\triton_heuristics.py:893] [0/0]     for _k in range(0, tl.cdiv(K, BLOCK_K)):
E0420 22:55:51.409000 25196 torch\_inductor\runtime\triton_heuristics.py:893] [0/0]         a = tl.load(a_ptrs)
E0420 22:55:51.409000 25196 torch\_inductor\runtime\triton_heuristics.py:893] [0/0]         b = tl.load(b_ptrs)
E0420 22:55:51.409000 25196 torch\_inductor\runtime\triton_heuristics.py:893] [0/0]         acc += tl.dot(a, b, out_dtype=tl.int32)
E0420 22:55:51.409000 25196 torch\_inductor\runtime\triton_heuristics.py:893] [0/0]         a_ptrs += BLOCK_K * stride_ak
E0420 22:55:51.409000 25196 torch\_inductor\runtime\triton_heuristics.py:893] [0/0]         b_ptrs += BLOCK_K * stride_bk
E0420 22:55:51.409000 25196 torch\_inductor\runtime\triton_heuristics.py:893] [0/0] 
E0420 22:55:51.409000 25196 torch\_inductor\runtime\triton_heuristics.py:893] [0/0]     offs_cm = pid_m * BLOCK_M + tl.arange(0, BLOCK_M)
E0420 22:55:51.409000 25196 torch\_inductor\runtime\triton_heuristics.py:893] [0/0]     offs_cn = pid_n * BLOCK_N + tl.arange(0, BLOCK_N)
E0420 22:55:51.409000 25196 torch\_inductor\runtime\triton_heuristics.py:893] [0/0]     c_mask = (offs_cm[:, None] < M) & (offs_cn[None, :] < N)
E0420 22:55:51.409000 25196 torch\_inductor\runtime\triton_heuristics.py:893] [0/0]     xs = tl.load(xs_ptr + offs_cm, mask=offs_cm < M, other=0.0).to(tl.float32)
E0420 22:55:51.409000 25196 torch\_inductor\runtime\triton_heuristics.py:893] [0/0]     ws = tl.load(ws_ptr + offs_cn, mask=offs_cn < N, other=0.0).to(tl.float32)
E0420 22:55:51.409000 25196 torch\_inductor\runtime\triton_heuristics.py:893] [0/0]     attn_scale = tl.load(attn_scale_ptr + offs_cn, mask=offs_cn < N, other=0.0).to(tl.float32)
E0420 22:55:51.409000 25196 torch\_inductor\runtime\triton_heuristics.py:893] [0/0]     res_ptrs = res_ptr + offs_cm[:, None] * stride_rm + offs_cn[None, :] * stride_rn
E0420 22:55:51.409000 25196 torch\_inductor\runtime\triton_heuristics.py:893] [0/0]     residual = tl.load(res_ptrs, mask=c_mask, other=0.0).to(tl.float32)
E0420 22:55:51.409000 25196 torch\_inductor\runtime\triton_heuristics.py:893] [0/0] 
E0420 22:55:51.409000 25196 torch\_inductor\runtime\triton_heuristics.py:893] [0/0]     out = acc.to(tl.float32)
E0420 22:55:51.409000 25196 torch\_inductor\runtime\triton_heuristics.py:893] [0/0]     out = out * xs[:, None]
E0420 22:55:51.409000 25196 torch\_inductor\runtime\triton_heuristics.py:893] [0/0]     out = out * ws[None, :]
E0420 22:55:51.409000 25196 torch\_inductor\runtime\triton_heuristics.py:893] [0/0]     out = residual + attn_scale[None, :] * out
E0420 22:55:51.409000 25196 torch\_inductor\runtime\triton_heuristics.py:893] [0/0] 
E0420 22:55:51.409000 25196 torch\_inductor\runtime\triton_heuristics.py:893] [0/0]     c_ptrs = c_ptr + stride_cm * offs_cm[:, None] + stride_cn * offs_cn[None, :]
E0420 22:55:51.409000 25196 torch\_inductor\runtime\triton_heuristics.py:893] [0/0]     tl.store(c_ptrs, out.to(tl.bfloat16), mask=c_mask)
E0420 22:55:51.409000 25196 torch\_inductor\runtime\triton_heuristics.py:893] [0/0] 
E0420 22:55:51.409000 25196 torch\_inductor\runtime\triton_heuristics.py:893] [0/0] metadata: {'signature': {'a_ptr': '*i8', 'b_ptr': '*i8', 'xs_ptr': '*bf16', 'ws_ptr': '*bf16', 'attn_scale_ptr': '*bf16', 'res_ptr': '*bf16', 'c_ptr': '*bf16', 'M': 'i32', 'N': 'i32', 'K': 'i32', 'stride_am': 'i32', 'stride_ak': 'constexpr', 'stride_bk': 'constexpr', 'stride_bn': 'i32', 'stride_rm': 'i32', 'stride_rn': 'constexpr', 'stride_cm': 'i32', 'stride_cn': 'constexpr', 'BLOCK_M': 'constexpr', 'BLOCK_N': 'constexpr', 'BLOCK_K': 'constexpr', 'GROUP_SIZE_M': 'constexpr'}, 'device': 0, 'constants': {'stride_ak': 1, 'stride_bk': 1, 'stride_rn': 1, 'stride_cn': 1, 'BLOCK_M': 128, 'BLOCK_N': 128, 'BLOCK_K': 64}, 'configs': [{(0,): [['tt.divisibility', 16]], (1,): [['tt.divisibility', 16]], (2,): [['tt.divisibility', 16]], (3,): [['tt.divisibility', 16]], (4,): [['tt.divisibility', 16]], (5,): [['tt.divisibility', 16]], (6,): [['tt.divisibility', 16]], (7,): [['tt.divisibility', 16]], (8,): [['tt.divisibility', 16]], (9,): [['tt.divisibility', 16]], (10,): [['tt.divisibility', 16]], (13,): [['tt.divisibility', 16]], (14,): [['tt.divisibility', 16]], (16,): [['tt.divisibility', 16]]}], 'device_type': 'cuda', 'num_warps': 4, 'num_stages': 3, 'debug': True, 'cc': 120}
E0420 22:55:51.409000 25196 torch\_inductor\runtime\triton_heuristics.py:893] [0/0] Traceback (most recent call last):
E0420 22:55:51.409000 25196 torch\_inductor\runtime\triton_heuristics.py:893] [0/0]   File "C:\Users\adars\AppData\Roaming\Python\Python314\site-packages\torch\_inductor\runtime\triton_heuristics.py", line 891, in _precompile_config
E0420 22:55:51.409000 25196 torch\_inductor\runtime\triton_heuristics.py:893] [0/0]     binary = triton.compile(*compile_args, **compile_kwargs)
E0420 22:55:51.409000 25196 torch\_inductor\runtime\triton_heuristics.py:893] [0/0]   File "C:\Users\adars\AppData\Roaming\Python\Python314\site-packages\triton\compiler\compiler.py", line 304, in compile
E0420 22:55:51.409000 25196 torch\_inductor\runtime\triton_heuristics.py:893] [0/0]     module = src.make_ir(target, options, codegen_fns, module_map, context)
E0420 22:55:51.409000 25196 torch\_inductor\runtime\triton_heuristics.py:893] [0/0]   File "C:\Users\adars\AppData\Roaming\Python\Python314\site-packages\triton\compiler\compiler.py", line 80, in make_ir
E0420 22:55:51.409000 25196 torch\_inductor\runtime\triton_heuristics.py:893] [0/0]     return ast_to_ttir(self.fn, self, context=context, options=options, codegen_fns=codegen_fns,
E0420 22:55:51.409000 25196 torch\_inductor\runtime\triton_heuristics.py:893] [0/0]                        module_map=module_map)
E0420 22:55:51.409000 25196 torch\_inductor\runtime\triton_heuristics.py:893] [0/0] triton.compiler.errors.CompilationError: at 15:23:
E0420 22:55:51.409000 25196 torch\_inductor\runtime\triton_heuristics.py:893] [0/0]     stride_am, stride_ak, stride_bk, stride_bn,
E0420 22:55:51.409000 25196 torch\_inductor\runtime\triton_heuristics.py:893] [0/0]     stride_rm, stride_rn, stride_cm, stride_cn,
E0420 22:55:51.409000 25196 torch\_inductor\runtime\triton_heuristics.py:893] [0/0]     BLOCK_M: tl.constexpr = 128,
E0420 22:55:51.409000 25196 torch\_inductor\runtime\triton_heuristics.py:893] [0/0]     BLOCK_N: tl.constexpr = 128,
E0420 22:55:51.409000 25196 torch\_inductor\runtime\triton_heuristics.py:893] [0/0]     BLOCK_K: tl.constexpr = 64,
E0420 22:55:51.409000 25196 torch\_inductor\runtime\triton_heuristics.py:893] [0/0]     GROUP_SIZE_M: tl.constexpr = 8,
E0420 22:55:51.409000 25196 torch\_inductor\runtime\triton_heuristics.py:893] [0/0] ):
E0420 22:55:51.409000 25196 torch\_inductor\runtime\triton_heuristics.py:893] [0/0]     """out = residual + attn_scale[None, :] * (x_scale[m] * w_scale[n] * int8_gemm)"""
E0420 22:55:51.409000 25196 torch\_inductor\runtime\triton_heuristics.py:893] [0/0]     pid = tl.program_id(0)
E0420 22:55:51.409000 25196 torch\_inductor\runtime\triton_heuristics.py:893] [0/0]     num_pid_m = tl.cdiv(M, BLOCK_M)
E0420 22:55:51.409000 25196 torch\_inductor\runtime\triton_heuristics.py:893] [0/0]     num_pid_n = tl.cdiv(N, BLOCK_N)
E0420 22:55:51.409000 25196 torch\_inductor\runtime\triton_heuristics.py:893] [0/0]     num_pid_in_group = GROUP_SIZE_M * num_pid_n
E0420 22:55:51.409000 25196 torch\_inductor\runtime\triton_heuristics.py:893] [0/0]                        ^
E0420 22:55:51.409000 25196 torch\_inductor\runtime\triton_heuristics.py:893] [0/0] AttributeError("'NoneType' object has no attribute 'type'")
W0420 22:55:51.594000 25196 torch\_higher_order_ops\triton_kernel_wrap.py:1151] [0/0] Encountered an exception in identify_accessed_tensors, assuming every input is mutated
W0420 22:55:51.594000 25196 torch\_higher_order_ops\triton_kernel_wrap.py:1151] [0/0] Traceback (most recent call last):
W0420 22:55:51.594000 25196 torch\_higher_order_ops\triton_kernel_wrap.py:1151] [0/0]   File "C:\Users\adars\AppData\Roaming\Python\Python314\site-packages\torch\_higher_order_ops\triton_kernel_wrap.py", line 1111, in identify_accessed_tensors
W0420 22:55:51.594000 25196 torch\_higher_order_ops\triton_kernel_wrap.py:1151] [0/0]     ttir_module, ordered_arg_names = generate_ttir(
W0420 22:55:51.594000 25196 torch\_higher_order_ops\triton_kernel_wrap.py:1151] [0/0]                                      ~~~~~~~~~~~~~^
W0420 22:55:51.594000 25196 torch\_higher_order_ops\triton_kernel_wrap.py:1151] [0/0]         kernel, kwargs, tma_descriptor_metadata
W0420 22:55:51.594000 25196 torch\_higher_order_ops\triton_kernel_wrap.py:1151] [0/0]         ^^^^^^^^^^^^^^^^^^^^^^^^^^^^^^^^^^^^^^^
W0420 22:55:51.594000 25196 torch\_higher_order_ops\triton_kernel_wrap.py:1151] [0/0]     )
W0420 22:55:51.594000 25196 torch\_higher_order_ops\triton_kernel_wrap.py:1151] [0/0]     ^
W0420 22:55:51.594000 25196 torch\_higher_order_ops\triton_kernel_wrap.py:1151] [0/0]   File "C:\Users\adars\AppData\Roaming\Python\Python314\site-packages\torch\_higher_order_ops\triton_kernel_wrap.py", line 293, in generate_ttir
W0420 22:55:51.594000 25196 torch\_higher_order_ops\triton_kernel_wrap.py:1151] [0/0]     raise ValueError(
W0420 22:55:51.594000 25196 torch\_higher_order_ops\triton_kernel_wrap.py:1151] [0/0]     ...<2 lines>...
W0420 22:55:51.594000 25196 torch\_higher_order_ops\triton_kernel_wrap.py:1151] [0/0]     )
W0420 22:55:51.594000 25196 torch\_higher_order_ops\triton_kernel_wrap.py:1151] [0/0] ValueError: Incorrect number of arguments passed to kernel: passed ['a_ptr', 'b_ptr', 'xs_ptr', 'ws_ptr', 'c_ptr', 'M', 'N', 'K', 'stride_am', 'stride_ak', 'stride_bk', 'stride_bn', 'stride_cm', 'stride_cn', 'BLOCK_M', 'BLOCK_N', 'BLOCK_K'], expected ['a_ptr', 'b_ptr', 'xs_ptr', 'ws_ptr', 'c_ptr', 'M', 'N', 'K', 'stride_am', 'stride_ak', 'stride_bk', 'stride_bn', 'stride_cm', 'stride_cn', 'BLOCK_M', 'BLOCK_N', 'BLOCK_K', 'GROUP_SIZE_M'].
W0420 22:55:51.640000 25196 torch\_higher_order_ops\triton_kernel_wrap.py:1151] [0/0] Encountered an exception in identify_accessed_tensors, assuming every input is mutated
W0420 22:55:51.640000 25196 torch\_higher_order_ops\triton_kernel_wrap.py:1151] [0/0] Traceback (most recent call last):
W0420 22:55:51.640000 25196 torch\_higher_order_ops\triton_kernel_wrap.py:1151] [0/0]   File "C:\Users\adars\AppData\Roaming\Python\Python314\site-packages\torch\_higher_order_ops\triton_kernel_wrap.py", line 1111, in identify_accessed_tensors
W0420 22:55:51.640000 25196 torch\_higher_order_ops\triton_kernel_wrap.py:1151] [0/0]     ttir_module, ordered_arg_names = generate_ttir(
W0420 22:55:51.640000 25196 torch\_higher_order_ops\triton_kernel_wrap.py:1151] [0/0]                                      ~~~~~~~~~~~~~^
W0420 22:55:51.640000 25196 torch\_higher_order_ops\triton_kernel_wrap.py:1151] [0/0]         kernel, kwargs, tma_descriptor_metadata
W0420 22:55:51.640000 25196 torch\_higher_order_ops\triton_kernel_wrap.py:1151] [0/0]         ^^^^^^^^^^^^^^^^^^^^^^^^^^^^^^^^^^^^^^^
W0420 22:55:51.640000 25196 torch\_higher_order_ops\triton_kernel_wrap.py:1151] [0/0]     )
W0420 22:55:51.640000 25196 torch\_higher_order_ops\triton_kernel_wrap.py:1151] [0/0]     ^
W0420 22:55:51.640000 25196 torch\_higher_order_ops\triton_kernel_wrap.py:1151] [0/0]   File "C:\Users\adars\AppData\Roaming\Python\Python314\site-packages\torch\_higher_order_ops\triton_kernel_wrap.py", line 293, in generate_ttir
W0420 22:55:51.640000 25196 torch\_higher_order_ops\triton_kernel_wrap.py:1151] [0/0]     raise ValueError(
W0420 22:55:51.640000 25196 torch\_higher_order_ops\triton_kernel_wrap.py:1151] [0/0]     ...<2 lines>...
W0420 22:55:51.640000 25196 torch\_higher_order_ops\triton_kernel_wrap.py:1151] [0/0]     )
W0420 22:55:51.640000 25196 torch\_higher_order_ops\triton_kernel_wrap.py:1151] [0/0] ValueError: Incorrect number of arguments passed to kernel: passed ['a_ptr', 'b_ptr', 'xs_ptr', 'ws_ptr', 'c_ptr', 'M', 'N', 'K', 'stride_am', 'stride_ak', 'stride_bk', 'stride_bn', 'stride_cm', 'stride_cn', 'BLOCK_M', 'BLOCK_N', 'BLOCK_K'], expected ['a_ptr', 'b_ptr', 'xs_ptr', 'ws_ptr', 'c_ptr', 'M', 'N', 'K', 'stride_am', 'stride_ak', 'stride_bk', 'stride_bn', 'stride_cm', 'stride_cn', 'BLOCK_M', 'BLOCK_N', 'BLOCK_K', 'GROUP_SIZE_M'].
W0420 22:55:51.884000 25196 torch\_higher_order_ops\triton_kernel_wrap.py:1151] [0/0] Encountered an exception in identify_accessed_tensors, assuming every input is mutated
W0420 22:55:51.884000 25196 torch\_higher_order_ops\triton_kernel_wrap.py:1151] [0/0] Traceback (most recent call last):
W0420 22:55:51.884000 25196 torch\_higher_order_ops\triton_kernel_wrap.py:1151] [0/0]   File "C:\Users\adars\AppData\Roaming\Python\Python314\site-packages\torch\_higher_order_ops\triton_kernel_wrap.py", line 1111, in identify_accessed_tensors
W0420 22:55:51.884000 25196 torch\_higher_order_ops\triton_kernel_wrap.py:1151] [0/0]     ttir_module, ordered_arg_names = generate_ttir(
W0420 22:55:51.884000 25196 torch\_higher_order_ops\triton_kernel_wrap.py:1151] [0/0]                                      ~~~~~~~~~~~~~^
W0420 22:55:51.884000 25196 torch\_higher_order_ops\triton_kernel_wrap.py:1151] [0/0]         kernel, kwargs, tma_descriptor_metadata
W0420 22:55:51.884000 25196 torch\_higher_order_ops\triton_kernel_wrap.py:1151] [0/0]         ^^^^^^^^^^^^^^^^^^^^^^^^^^^^^^^^^^^^^^^
W0420 22:55:51.884000 25196 torch\_higher_order_ops\triton_kernel_wrap.py:1151] [0/0]     )
W0420 22:55:51.884000 25196 torch\_higher_order_ops\triton_kernel_wrap.py:1151] [0/0]     ^
W0420 22:55:51.884000 25196 torch\_higher_order_ops\triton_kernel_wrap.py:1151] [0/0]   File "C:\Users\adars\AppData\Roaming\Python\Python314\site-packages\torch\_higher_order_ops\triton_kernel_wrap.py", line 293, in generate_ttir
W0420 22:55:51.884000 25196 torch\_higher_order_ops\triton_kernel_wrap.py:1151] [0/0]     raise ValueError(
W0420 22:55:51.884000 25196 torch\_higher_order_ops\triton_kernel_wrap.py:1151] [0/0]     ...<2 lines>...
W0420 22:55:51.884000 25196 torch\_higher_order_ops\triton_kernel_wrap.py:1151] [0/0]     )
W0420 22:55:51.884000 25196 torch\_higher_order_ops\triton_kernel_wrap.py:1151] [0/0] ValueError: Incorrect number of arguments passed to kernel: passed ['a_ptr', 'b_ptr', 'xs_ptr', 'ws_ptr', 'c_ptr', 'M', 'N', 'K', 'stride_am', 'stride_ak', 'stride_bk', 'stride_bn', 'stride_cm', 'stride_cn', 'BLOCK_M', 'BLOCK_N', 'BLOCK_K'], expected ['a_ptr', 'b_ptr', 'xs_ptr', 'ws_ptr', 'c_ptr', 'M', 'N', 'K', 'stride_am', 'stride_ak', 'stride_bk', 'stride_bn', 'stride_cm', 'stride_cn', 'BLOCK_M', 'BLOCK_N', 'BLOCK_K', 'GROUP_SIZE_M'].
W0420 22:55:51.886000 25196 torch\_higher_order_ops\triton_kernel_wrap.py:1151] [0/0] Encountered an exception in identify_accessed_tensors, assuming every input is mutated
W0420 22:55:51.886000 25196 torch\_higher_order_ops\triton_kernel_wrap.py:1151] [0/0] Traceback (most recent call last):
W0420 22:55:51.886000 25196 torch\_higher_order_ops\triton_kernel_wrap.py:1151] [0/0]   File "C:\Users\adars\AppData\Roaming\Python\Python314\site-packages\torch\_higher_order_ops\triton_kernel_wrap.py", line 1111, in identify_accessed_tensors
W0420 22:55:51.886000 25196 torch\_higher_order_ops\triton_kernel_wrap.py:1151] [0/0]     ttir_module, ordered_arg_names = generate_ttir(
W0420 22:55:51.886000 25196 torch\_higher_order_ops\triton_kernel_wrap.py:1151] [0/0]                                      ~~~~~~~~~~~~~^
W0420 22:55:51.886000 25196 torch\_higher_order_ops\triton_kernel_wrap.py:1151] [0/0]         kernel, kwargs, tma_descriptor_metadata
W0420 22:55:51.886000 25196 torch\_higher_order_ops\triton_kernel_wrap.py:1151] [0/0]         ^^^^^^^^^^^^^^^^^^^^^^^^^^^^^^^^^^^^^^^
W0420 22:55:51.886000 25196 torch\_higher_order_ops\triton_kernel_wrap.py:1151] [0/0]     )
W0420 22:55:51.886000 25196 torch\_higher_order_ops\triton_kernel_wrap.py:1151] [0/0]     ^
W0420 22:55:51.886000 25196 torch\_higher_order_ops\triton_kernel_wrap.py:1151] [0/0]   File "C:\Users\adars\AppData\Roaming\Python\Python314\site-packages\torch\_higher_order_ops\triton_kernel_wrap.py", line 293, in generate_ttir
W0420 22:55:51.886000 25196 torch\_higher_order_ops\triton_kernel_wrap.py:1151] [0/0]     raise ValueError(
W0420 22:55:51.886000 25196 torch\_higher_order_ops\triton_kernel_wrap.py:1151] [0/0]     ...<2 lines>...
W0420 22:55:51.886000 25196 torch\_higher_order_ops\triton_kernel_wrap.py:1151] [0/0]     )
W0420 22:55:51.886000 25196 torch\_higher_order_ops\triton_kernel_wrap.py:1151] [0/0] ValueError: Incorrect number of arguments passed to kernel: passed ['a_ptr', 'b_ptr', 'xs_ptr', 'ws_ptr', 'c_ptr', 'M', 'N', 'K', 'stride_am', 'stride_ak', 'stride_bk', 'stride_bn', 'stride_cm', 'stride_cn', 'BLOCK_M', 'BLOCK_N', 'BLOCK_K'], expected ['a_ptr', 'b_ptr', 'xs_ptr', 'ws_ptr', 'c_ptr', 'M', 'N', 'K', 'stride_am', 'stride_ak', 'stride_bk', 'stride_bn', 'stride_cm', 'stride_cn', 'BLOCK_M', 'BLOCK_N', 'BLOCK_K', 'GROUP_SIZE_M'].
W0420 22:55:52.264000 25196 torch\_higher_order_ops\triton_kernel_wrap.py:1151] [0/0] Encountered an exception in identify_accessed_tensors, assuming every input is mutated
W0420 22:55:52.264000 25196 torch\_higher_order_ops\triton_kernel_wrap.py:1151] [0/0] Traceback (most recent call last):
W0420 22:55:52.264000 25196 torch\_higher_order_ops\triton_kernel_wrap.py:1151] [0/0]   File "C:\Users\adars\AppData\Roaming\Python\Python314\site-packages\torch\_higher_order_ops\triton_kernel_wrap.py", line 1111, in identify_accessed_tensors
W0420 22:55:52.264000 25196 torch\_higher_order_ops\triton_kernel_wrap.py:1151] [0/0]     ttir_module, ordered_arg_names = generate_ttir(
W0420 22:55:52.264000 25196 torch\_higher_order_ops\triton_kernel_wrap.py:1151] [0/0]                                      ~~~~~~~~~~~~~^
W0420 22:55:52.264000 25196 torch\_higher_order_ops\triton_kernel_wrap.py:1151] [0/0]         kernel, kwargs, tma_descriptor_metadata
W0420 22:55:52.264000 25196 torch\_higher_order_ops\triton_kernel_wrap.py:1151] [0/0]         ^^^^^^^^^^^^^^^^^^^^^^^^^^^^^^^^^^^^^^^
W0420 22:55:52.264000 25196 torch\_higher_order_ops\triton_kernel_wrap.py:1151] [0/0]     )
W0420 22:55:52.264000 25196 torch\_higher_order_ops\triton_kernel_wrap.py:1151] [0/0]     ^
W0420 22:55:52.264000 25196 torch\_higher_order_ops\triton_kernel_wrap.py:1151] [0/0]   File "C:\Users\adars\AppData\Roaming\Python\Python314\site-packages\torch\_higher_order_ops\triton_kernel_wrap.py", line 293, in generate_ttir
W0420 22:55:52.264000 25196 torch\_higher_order_ops\triton_kernel_wrap.py:1151] [0/0]     raise ValueError(
W0420 22:55:52.264000 25196 torch\_higher_order_ops\triton_kernel_wrap.py:1151] [0/0]     ...<2 lines>...
W0420 22:55:52.264000 25196 torch\_higher_order_ops\triton_kernel_wrap.py:1151] [0/0]     )
W0420 22:55:52.264000 25196 torch\_higher_order_ops\triton_kernel_wrap.py:1151] [0/0] ValueError: Incorrect number of arguments passed to kernel: passed ['a_ptr', 'b_ptr', 'xs_ptr', 'ws_ptr', 'mlp_scale_ptr', 'res_ptr', 'c_ptr', 'M', 'N', 'K', 'stride_am', 'stride_ak', 'stride_bk', 'stride_bn', 'stride_rm', 'stride_rn', 'stride_cm', 'stride_cn', 'BLOCK_M', 'BLOCK_N', 'BLOCK_K'], expected ['a_ptr', 'b_ptr', 'xs_ptr', 'ws_ptr', 'mlp_scale_ptr', 'res_ptr', 'c_ptr', 'M', 'N', 'K', 'stride_am', 'stride_ak', 'stride_bk', 'stride_bn', 'stride_rm', 'stride_rn', 'stride_cm', 'stride_cn', 'BLOCK_M', 'BLOCK_N', 'BLOCK_K', 'GROUP_SIZE_M'].
W0420 22:55:52.325000 25196 torch\_higher_order_ops\triton_kernel_wrap.py:1151] [0/0] Encountered an exception in identify_accessed_tensors, assuming every input is mutated
W0420 22:55:52.325000 25196 torch\_higher_order_ops\triton_kernel_wrap.py:1151] [0/0] Traceback (most recent call last):
W0420 22:55:52.325000 25196 torch\_higher_order_ops\triton_kernel_wrap.py:1151] [0/0]   File "C:\Users\adars\AppData\Roaming\Python\Python314\site-packages\torch\_higher_order_ops\triton_kernel_wrap.py", line 1111, in identify_accessed_tensors
W0420 22:55:52.325000 25196 torch\_higher_order_ops\triton_kernel_wrap.py:1151] [0/0]     ttir_module, ordered_arg_names = generate_ttir(
W0420 22:55:52.325000 25196 torch\_higher_order_ops\triton_kernel_wrap.py:1151] [0/0]                                      ~~~~~~~~~~~~~^
W0420 22:55:52.325000 25196 torch\_higher_order_ops\triton_kernel_wrap.py:1151] [0/0]         kernel, kwargs, tma_descriptor_metadata
W0420 22:55:52.325000 25196 torch\_higher_order_ops\triton_kernel_wrap.py:1151] [0/0]         ^^^^^^^^^^^^^^^^^^^^^^^^^^^^^^^^^^^^^^^
W0420 22:55:52.325000 25196 torch\_higher_order_ops\triton_kernel_wrap.py:1151] [0/0]     )
W0420 22:55:52.325000 25196 torch\_higher_order_ops\triton_kernel_wrap.py:1151] [0/0]     ^
W0420 22:55:52.325000 25196 torch\_higher_order_ops\triton_kernel_wrap.py:1151] [0/0]   File "C:\Users\adars\AppData\Roaming\Python\Python314\site-packages\torch\_higher_order_ops\triton_kernel_wrap.py", line 293, in generate_ttir
W0420 22:55:52.325000 25196 torch\_higher_order_ops\triton_kernel_wrap.py:1151] [0/0]     raise ValueError(
W0420 22:55:52.325000 25196 torch\_higher_order_ops\triton_kernel_wrap.py:1151] [0/0]     ...<2 lines>...
W0420 22:55:52.325000 25196 torch\_higher_order_ops\triton_kernel_wrap.py:1151] [0/0]     )
W0420 22:55:52.325000 25196 torch\_higher_order_ops\triton_kernel_wrap.py:1151] [0/0] ValueError: Incorrect number of arguments passed to kernel: passed ['a_ptr', 'b_ptr', 'xs_ptr', 'ws_ptr', 'mlp_scale_ptr', 'res_ptr', 'c_ptr', 'M', 'N', 'K', 'stride_am', 'stride_ak', 'stride_bk', 'stride_bn', 'stride_rm', 'stride_rn', 'stride_cm', 'stride_cn', 'BLOCK_M', 'BLOCK_N', 'BLOCK_K'], expected ['a_ptr', 'b_ptr', 'xs_ptr', 'ws_ptr', 'mlp_scale_ptr', 'res_ptr', 'c_ptr', 'M', 'N', 'K', 'stride_am', 'stride_ak', 'stride_bk', 'stride_bn', 'stride_rm', 'stride_rn', 'stride_cm', 'stride_cn', 'BLOCK_M', 'BLOCK_N', 'BLOCK_K', 'GROUP_SIZE_M'].
W0420 22:55:52.595000 25196 torch\_higher_order_ops\triton_kernel_wrap.py:1151] [0/0] Encountered an exception in identify_accessed_tensors, assuming every input is mutated
W0420 22:55:52.595000 25196 torch\_higher_order_ops\triton_kernel_wrap.py:1151] [0/0] Traceback (most recent call last):
W0420 22:55:52.595000 25196 torch\_higher_order_ops\triton_kernel_wrap.py:1151] [0/0]   File "C:\Users\adars\AppData\Roaming\Python\Python314\site-packages\torch\_higher_order_ops\triton_kernel_wrap.py", line 1111, in identify_accessed_tensors
W0420 22:55:52.595000 25196 torch\_higher_order_ops\triton_kernel_wrap.py:1151] [0/0]     ttir_module, ordered_arg_names = generate_ttir(
W0420 22:55:52.595000 25196 torch\_higher_order_ops\triton_kernel_wrap.py:1151] [0/0]                                      ~~~~~~~~~~~~~^
W0420 22:55:52.595000 25196 torch\_higher_order_ops\triton_kernel_wrap.py:1151] [0/0]         kernel, kwargs, tma_descriptor_metadata
W0420 22:55:52.595000 25196 torch\_higher_order_ops\triton_kernel_wrap.py:1151] [0/0]         ^^^^^^^^^^^^^^^^^^^^^^^^^^^^^^^^^^^^^^^
W0420 22:55:52.595000 25196 torch\_higher_order_ops\triton_kernel_wrap.py:1151] [0/0]     )
W0420 22:55:52.595000 25196 torch\_higher_order_ops\triton_kernel_wrap.py:1151] [0/0]     ^
W0420 22:55:52.595000 25196 torch\_higher_order_ops\triton_kernel_wrap.py:1151] [0/0]   File "C:\Users\adars\AppData\Roaming\Python\Python314\site-packages\torch\_higher_order_ops\triton_kernel_wrap.py", line 293, in generate_ttir
W0420 22:55:52.595000 25196 torch\_higher_order_ops\triton_kernel_wrap.py:1151] [0/0]     raise ValueError(
W0420 22:55:52.595000 25196 torch\_higher_order_ops\triton_kernel_wrap.py:1151] [0/0]     ...<2 lines>...
W0420 22:55:52.595000 25196 torch\_higher_order_ops\triton_kernel_wrap.py:1151] [0/0]     )
W0420 22:55:52.595000 25196 torch\_higher_order_ops\triton_kernel_wrap.py:1151] [0/0] ValueError: Incorrect number of arguments passed to kernel: passed ['a_ptr', 'b_ptr', 'xs_ptr', 'ws_ptr', 'mlp_scale_ptr', 'res_ptr', 'c_ptr', 'M', 'N', 'K', 'stride_am', 'stride_ak', 'stride_bk', 'stride_bn', 'stride_rm', 'stride_rn', 'stride_cm', 'stride_cn', 'BLOCK_M', 'BLOCK_N', 'BLOCK_K'], expected ['a_ptr', 'b_ptr', 'xs_ptr', 'ws_ptr', 'mlp_scale_ptr', 'res_ptr', 'c_ptr', 'M', 'N', 'K', 'stride_am', 'stride_ak', 'stride_bk', 'stride_bn', 'stride_rm', 'stride_rn', 'stride_cm', 'stride_cn', 'BLOCK_M', 'BLOCK_N', 'BLOCK_K', 'GROUP_SIZE_M'].
W0420 22:55:52.597000 25196 torch\_higher_order_ops\triton_kernel_wrap.py:1151] [0/0] Encountered an exception in identify_accessed_tensors, assuming every input is mutated
W0420 22:55:52.597000 25196 torch\_higher_order_ops\triton_kernel_wrap.py:1151] [0/0] Traceback (most recent call last):
W0420 22:55:52.597000 25196 torch\_higher_order_ops\triton_kernel_wrap.py:1151] [0/0]   File "C:\Users\adars\AppData\Roaming\Python\Python314\site-packages\torch\_higher_order_ops\triton_kernel_wrap.py", line 1111, in identify_accessed_tensors
W0420 22:55:52.597000 25196 torch\_higher_order_ops\triton_kernel_wrap.py:1151] [0/0]     ttir_module, ordered_arg_names = generate_ttir(
W0420 22:55:52.597000 25196 torch\_higher_order_ops\triton_kernel_wrap.py:1151] [0/0]                                      ~~~~~~~~~~~~~^
W0420 22:55:52.597000 25196 torch\_higher_order_ops\triton_kernel_wrap.py:1151] [0/0]         kernel, kwargs, tma_descriptor_metadata
W0420 22:55:52.597000 25196 torch\_higher_order_ops\triton_kernel_wrap.py:1151] [0/0]         ^^^^^^^^^^^^^^^^^^^^^^^^^^^^^^^^^^^^^^^
W0420 22:55:52.597000 25196 torch\_higher_order_ops\triton_kernel_wrap.py:1151] [0/0]     )
W0420 22:55:52.597000 25196 torch\_higher_order_ops\triton_kernel_wrap.py:1151] [0/0]     ^
W0420 22:55:52.597000 25196 torch\_higher_order_ops\triton_kernel_wrap.py:1151] [0/0]   File "C:\Users\adars\AppData\Roaming\Python\Python314\site-packages\torch\_higher_order_ops\triton_kernel_wrap.py", line 293, in generate_ttir
W0420 22:55:52.597000 25196 torch\_higher_order_ops\triton_kernel_wrap.py:1151] [0/0]     raise ValueError(
W0420 22:55:52.597000 25196 torch\_higher_order_ops\triton_kernel_wrap.py:1151] [0/0]     ...<2 lines>...
W0420 22:55:52.597000 25196 torch\_higher_order_ops\triton_kernel_wrap.py:1151] [0/0]     )
W0420 22:55:52.597000 25196 torch\_higher_order_ops\triton_kernel_wrap.py:1151] [0/0] ValueError: Incorrect number of arguments passed to kernel: passed ['a_ptr', 'b_ptr', 'xs_ptr', 'ws_ptr', 'mlp_scale_ptr', 'res_ptr', 'c_ptr', 'M', 'N', 'K', 'stride_am', 'stride_ak', 'stride_bk', 'stride_bn', 'stride_rm', 'stride_rn', 'stride_cm', 'stride_cn', 'BLOCK_M', 'BLOCK_N', 'BLOCK_K'], expected ['a_ptr', 'b_ptr', 'xs_ptr', 'ws_ptr', 'mlp_scale_ptr', 'res_ptr', 'c_ptr', 'M', 'N', 'K', 'stride_am', 'stride_ak', 'stride_bk', 'stride_bn', 'stride_rm', 'stride_rn', 'stride_cm', 'stride_cn', 'BLOCK_M', 'BLOCK_N', 'BLOCK_K', 'GROUP_SIZE_M'].
E0420 22:55:52.781000 25196 torch\_inductor\runtime\triton_heuristics.py:893] [0/0] Triton compilation failed: _fused_mlp_down_w8a8_kernel_0
E0420 22:55:52.781000 25196 torch\_inductor\runtime\triton_heuristics.py:893] [0/0] def _fused_mlp_down_w8a8_kernel(
E0420 22:55:52.781000 25196 torch\_inductor\runtime\triton_heuristics.py:893] [0/0]     a_ptr, b_ptr, xs_ptr, ws_ptr, mlp_scale_ptr, res_ptr, c_ptr,
E0420 22:55:52.781000 25196 torch\_inductor\runtime\triton_heuristics.py:893] [0/0]     M, N, K,
E0420 22:55:52.781000 25196 torch\_inductor\runtime\triton_heuristics.py:893] [0/0]     stride_am, stride_ak, stride_bk, stride_bn,
E0420 22:55:52.781000 25196 torch\_inductor\runtime\triton_heuristics.py:893] [0/0]     stride_rm, stride_rn, stride_cm, stride_cn,
E0420 22:55:52.781000 25196 torch\_inductor\runtime\triton_heuristics.py:893] [0/0]     BLOCK_M: tl.constexpr = 128,
E0420 22:55:52.781000 25196 torch\_inductor\runtime\triton_heuristics.py:893] [0/0]     BLOCK_N: tl.constexpr = 64,
E0420 22:55:52.781000 25196 torch\_inductor\runtime\triton_heuristics.py:893] [0/0]     BLOCK_K: tl.constexpr = 64,
E0420 22:55:52.781000 25196 torch\_inductor\runtime\triton_heuristics.py:893] [0/0]     GROUP_SIZE_M: tl.constexpr = 8,
E0420 22:55:52.781000 25196 torch\_inductor\runtime\triton_heuristics.py:893] [0/0] ):
E0420 22:55:52.781000 25196 torch\_inductor\runtime\triton_heuristics.py:893] [0/0]     """out = residual + mlp_scale[None, :] * (x_scale[m] * w_scale[n] * int8_gemm)"""
E0420 22:55:52.781000 25196 torch\_inductor\runtime\triton_heuristics.py:893] [0/0]     pid = tl.program_id(0)
E0420 22:55:52.781000 25196 torch\_inductor\runtime\triton_heuristics.py:893] [0/0]     num_pid_m = tl.cdiv(M, BLOCK_M)
E0420 22:55:52.781000 25196 torch\_inductor\runtime\triton_heuristics.py:893] [0/0]     num_pid_n = tl.cdiv(N, BLOCK_N)
E0420 22:55:52.781000 25196 torch\_inductor\runtime\triton_heuristics.py:893] [0/0]     num_pid_in_group = GROUP_SIZE_M * num_pid_n
E0420 22:55:52.781000 25196 torch\_inductor\runtime\triton_heuristics.py:893] [0/0]     group_id = pid // num_pid_in_group
E0420 22:55:52.781000 25196 torch\_inductor\runtime\triton_heuristics.py:893] [0/0]     first_pid_m = group_id * GROUP_SIZE_M
E0420 22:55:52.781000 25196 torch\_inductor\runtime\triton_heuristics.py:893] [0/0]     group_size_m = min(num_pid_m - first_pid_m, GROUP_SIZE_M)
E0420 22:55:52.781000 25196 torch\_inductor\runtime\triton_heuristics.py:893] [0/0]     pid_m = first_pid_m + ((pid % num_pid_in_group) % group_size_m)
E0420 22:55:52.781000 25196 torch\_inductor\runtime\triton_heuristics.py:893] [0/0]     pid_n = (pid % num_pid_in_group) // group_size_m
E0420 22:55:52.781000 25196 torch\_inductor\runtime\triton_heuristics.py:893] [0/0] 
E0420 22:55:52.781000 25196 torch\_inductor\runtime\triton_heuristics.py:893] [0/0]     offs_am = (pid_m * BLOCK_M + tl.arange(0, BLOCK_M)) % M
E0420 22:55:52.781000 25196 torch\_inductor\runtime\triton_heuristics.py:893] [0/0]     offs_bn = (pid_n * BLOCK_N + tl.arange(0, BLOCK_N)) % N
E0420 22:55:52.781000 25196 torch\_inductor\runtime\triton_heuristics.py:893] [0/0]     offs_k = tl.arange(0, BLOCK_K)
E0420 22:55:52.781000 25196 torch\_inductor\runtime\triton_heuristics.py:893] [0/0]     a_ptrs = a_ptr + (offs_am[:, None] * stride_am + offs_k[None, :] * stride_ak)
E0420 22:55:52.781000 25196 torch\_inductor\runtime\triton_heuristics.py:893] [0/0]     b_ptrs = b_ptr + (offs_k[:, None] * stride_bk + offs_bn[None, :] * stride_bn)
E0420 22:55:52.781000 25196 torch\_inductor\runtime\triton_heuristics.py:893] [0/0] 
E0420 22:55:52.781000 25196 torch\_inductor\runtime\triton_heuristics.py:893] [0/0]     acc = tl.zeros((BLOCK_M, BLOCK_N), dtype=tl.int32)
E0420 22:55:52.781000 25196 torch\_inductor\runtime\triton_heuristics.py:893] [0/0]     for _k in range(0, tl.cdiv(K, BLOCK_K)):
E0420 22:55:52.781000 25196 torch\_inductor\runtime\triton_heuristics.py:893] [0/0]         a = tl.load(a_ptrs)
E0420 22:55:52.781000 25196 torch\_inductor\runtime\triton_heuristics.py:893] [0/0]         b = tl.load(b_ptrs)
E0420 22:55:52.781000 25196 torch\_inductor\runtime\triton_heuristics.py:893] [0/0]         acc += tl.dot(a, b, out_dtype=tl.int32)
E0420 22:55:52.781000 25196 torch\_inductor\runtime\triton_heuristics.py:893] [0/0]         a_ptrs += BLOCK_K * stride_ak
E0420 22:55:52.781000 25196 torch\_inductor\runtime\triton_heuristics.py:893] [0/0]         b_ptrs += BLOCK_K * stride_bk
E0420 22:55:52.781000 25196 torch\_inductor\runtime\triton_heuristics.py:893] [0/0] 
E0420 22:55:52.781000 25196 torch\_inductor\runtime\triton_heuristics.py:893] [0/0]     offs_cm = pid_m * BLOCK_M + tl.arange(0, BLOCK_M)
E0420 22:55:52.781000 25196 torch\_inductor\runtime\triton_heuristics.py:893] [0/0]     offs_cn = pid_n * BLOCK_N + tl.arange(0, BLOCK_N)
E0420 22:55:52.781000 25196 torch\_inductor\runtime\triton_heuristics.py:893] [0/0]     c_mask = (offs_cm[:, None] < M) & (offs_cn[None, :] < N)
E0420 22:55:52.781000 25196 torch\_inductor\runtime\triton_heuristics.py:893] [0/0]     xs = tl.load(xs_ptr + offs_cm, mask=offs_cm < M, other=0.0).to(tl.float32)
E0420 22:55:52.781000 25196 torch\_inductor\runtime\triton_heuristics.py:893] [0/0]     ws = tl.load(ws_ptr + offs_cn, mask=offs_cn < N, other=0.0).to(tl.float32)
E0420 22:55:52.781000 25196 torch\_inductor\runtime\triton_heuristics.py:893] [0/0]     mlp_scale = tl.load(mlp_scale_ptr + offs_cn, mask=offs_cn < N, other=0.0).to(tl.float32)
E0420 22:55:52.781000 25196 torch\_inductor\runtime\triton_heuristics.py:893] [0/0]     res_ptrs = res_ptr + offs_cm[:, None] * stride_rm + offs_cn[None, :] * stride_rn
E0420 22:55:52.781000 25196 torch\_inductor\runtime\triton_heuristics.py:893] [0/0]     residual = tl.load(res_ptrs, mask=c_mask, other=0.0).to(tl.float32)
E0420 22:55:52.781000 25196 torch\_inductor\runtime\triton_heuristics.py:893] [0/0] 
E0420 22:55:52.781000 25196 torch\_inductor\runtime\triton_heuristics.py:893] [0/0]     out = acc.to(tl.float32)
E0420 22:55:52.781000 25196 torch\_inductor\runtime\triton_heuristics.py:893] [0/0]     out = out * xs[:, None]
E0420 22:55:52.781000 25196 torch\_inductor\runtime\triton_heuristics.py:893] [0/0]     out = out * ws[None, :]
E0420 22:55:52.781000 25196 torch\_inductor\runtime\triton_heuristics.py:893] [0/0]     out = residual + mlp_scale[None, :] * out
E0420 22:55:52.781000 25196 torch\_inductor\runtime\triton_heuristics.py:893] [0/0] 
E0420 22:55:52.781000 25196 torch\_inductor\runtime\triton_heuristics.py:893] [0/0]     c_ptrs = c_ptr + stride_cm * offs_cm[:, None] + stride_cn * offs_cn[None, :]
E0420 22:55:52.781000 25196 torch\_inductor\runtime\triton_heuristics.py:893] [0/0]     tl.store(c_ptrs, out.to(tl.bfloat16), mask=c_mask)
E0420 22:55:52.781000 25196 torch\_inductor\runtime\triton_heuristics.py:893] [0/0] 
E0420 22:55:52.781000 25196 torch\_inductor\runtime\triton_heuristics.py:893] [0/0] metadata: {'signature': {'a_ptr': '*i8', 'b_ptr': '*i8', 'xs_ptr': '*bf16', 'ws_ptr': '*bf16', 'mlp_scale_ptr': '*bf16', 'res_ptr': '*bf16', 'c_ptr': '*bf16', 'M': 'i32', 'N': 'i32', 'K': 'i32', 'stride_am': 'i32', 'stride_ak': 'constexpr', 'stride_bk': 'constexpr', 'stride_bn': 'i32', 'stride_rm': 'i32', 'stride_rn': 'constexpr', 'stride_cm': 'i32', 'stride_cn': 'constexpr', 'BLOCK_M': 'constexpr', 'BLOCK_N': 'constexpr', 'BLOCK_K': 'constexpr', 'GROUP_SIZE_M': 'constexpr'}, 'device': 0, 'constants': {'stride_ak': 1, 'stride_bk': 1, 'stride_rn': 1, 'stride_cn': 1, 'BLOCK_M': 128, 'BLOCK_N': 64, 'BLOCK_K': 64}, 'configs': [{(0,): [['tt.divisibility', 16]], (1,): [['tt.divisibility', 16]], (2,): [['tt.divisibility', 16]], (3,): [['tt.divisibility', 16]], (4,): [['tt.divisibility', 16]], (5,): [['tt.divisibility', 16]], (6,): [['tt.divisibility', 16]], (7,): [['tt.divisibility', 16]], (8,): [['tt.divisibility', 16]], (9,): [['tt.divisibility', 16]], (10,): [['tt.divisibility', 16]], (13,): [['tt.divisibility', 16]], (14,): [['tt.divisibility', 16]], (16,): [['tt.divisibility', 16]]}], 'device_type': 'cuda', 'num_warps': 4, 'num_stages': 3, 'debug': True, 'cc': 120}
E0420 22:55:52.781000 25196 torch\_inductor\runtime\triton_heuristics.py:893] [0/0] Traceback (most recent call last):
E0420 22:55:52.781000 25196 torch\_inductor\runtime\triton_heuristics.py:893] [0/0]   File "C:\Users\adars\AppData\Roaming\Python\Python314\site-packages\torch\_inductor\runtime\triton_heuristics.py", line 891, in _precompile_config
E0420 22:55:52.781000 25196 torch\_inductor\runtime\triton_heuristics.py:893] [0/0]     binary = triton.compile(*compile_args, **compile_kwargs)
E0420 22:55:52.781000 25196 torch\_inductor\runtime\triton_heuristics.py:893] [0/0]   File "C:\Users\adars\AppData\Roaming\Python\Python314\site-packages\triton\compiler\compiler.py", line 304, in compile
E0420 22:55:52.781000 25196 torch\_inductor\runtime\triton_heuristics.py:893] [0/0]     module = src.make_ir(target, options, codegen_fns, module_map, context)
E0420 22:55:52.781000 25196 torch\_inductor\runtime\triton_heuristics.py:893] [0/0]   File "C:\Users\adars\AppData\Roaming\Python\Python314\site-packages\triton\compiler\compiler.py", line 80, in make_ir
E0420 22:55:52.781000 25196 torch\_inductor\runtime\triton_heuristics.py:893] [0/0]     return ast_to_ttir(self.fn, self, context=context, options=options, codegen_fns=codegen_fns,
E0420 22:55:52.781000 25196 torch\_inductor\runtime\triton_heuristics.py:893] [0/0]                        module_map=module_map)
E0420 22:55:52.781000 25196 torch\_inductor\runtime\triton_heuristics.py:893] [0/0] triton.compiler.errors.CompilationError: at 15:23:
E0420 22:55:52.781000 25196 torch\_inductor\runtime\triton_heuristics.py:893] [0/0]     stride_am, stride_ak, stride_bk, stride_bn,
E0420 22:55:52.781000 25196 torch\_inductor\runtime\triton_heuristics.py:893] [0/0]     stride_rm, stride_rn, stride_cm, stride_cn,
E0420 22:55:52.781000 25196 torch\_inductor\runtime\triton_heuristics.py:893] [0/0]     BLOCK_M: tl.constexpr = 128,
E0420 22:55:52.781000 25196 torch\_inductor\runtime\triton_heuristics.py:893] [0/0]     BLOCK_N: tl.constexpr = 64,
E0420 22:55:52.781000 25196 torch\_inductor\runtime\triton_heuristics.py:893] [0/0]     BLOCK_K: tl.constexpr = 64,
E0420 22:55:52.781000 25196 torch\_inductor\runtime\triton_heuristics.py:893] [0/0]     GROUP_SIZE_M: tl.constexpr = 8,
E0420 22:55:52.781000 25196 torch\_inductor\runtime\triton_heuristics.py:893] [0/0] ):
E0420 22:55:52.781000 25196 torch\_inductor\runtime\triton_heuristics.py:893] [0/0]     """out = residual + mlp_scale[None, :] * (x_scale[m] * w_scale[n] * int8_gemm)"""
E0420 22:55:52.781000 25196 torch\_inductor\runtime\triton_heuristics.py:893] [0/0]     pid = tl.program_id(0)
E0420 22:55:52.781000 25196 torch\_inductor\runtime\triton_heuristics.py:893] [0/0]     num_pid_m = tl.cdiv(M, BLOCK_M)
E0420 22:55:52.781000 25196 torch\_inductor\runtime\triton_heuristics.py:893] [0/0]     num_pid_n = tl.cdiv(N, BLOCK_N)
E0420 22:55:52.781000 25196 torch\_inductor\runtime\triton_heuristics.py:893] [0/0]     num_pid_in_group = GROUP_SIZE_M * num_pid_n
E0420 22:55:52.781000 25196 torch\_inductor\runtime\triton_heuristics.py:893] [0/0]                        ^
E0420 22:55:52.781000 25196 torch\_inductor\runtime\triton_heuristics.py:893] [0/0] AttributeError("'NoneType' object has no attribute 'type'")
