V0405 02:54:07.154000 32888 torch\_inductor\codecache.py:1438] [0/0] [__output_code] Output code: 
V0405 02:54:07.154000 32888 torch\_inductor\codecache.py:1438] [0/0] [__output_code] # AOT ID: ['0_inference']
V0405 02:54:07.154000 32888 torch\_inductor\codecache.py:1438] [0/0] [__output_code] from ctypes import c_void_p, c_long, c_int
V0405 02:54:07.154000 32888 torch\_inductor\codecache.py:1438] [0/0] [__output_code] import torch
V0405 02:54:07.154000 32888 torch\_inductor\codecache.py:1438] [0/0] [__output_code] import math
V0405 02:54:07.154000 32888 torch\_inductor\codecache.py:1438] [0/0] [__output_code] import random
V0405 02:54:07.154000 32888 torch\_inductor\codecache.py:1438] [0/0] [__output_code] import os
V0405 02:54:07.154000 32888 torch\_inductor\codecache.py:1438] [0/0] [__output_code] import tempfile
V0405 02:54:07.154000 32888 torch\_inductor\codecache.py:1438] [0/0] [__output_code] from math import inf, nan
V0405 02:54:07.154000 32888 torch\_inductor\codecache.py:1438] [0/0] [__output_code] from cmath import nanj
V0405 02:54:07.154000 32888 torch\_inductor\codecache.py:1438] [0/0] [__output_code] from torch._inductor.hooks import run_intermediate_hooks
V0405 02:54:07.154000 32888 torch\_inductor\codecache.py:1438] [0/0] [__output_code] from torch._inductor.utils import maybe_profile
V0405 02:54:07.154000 32888 torch\_inductor\codecache.py:1438] [0/0] [__output_code] from torch._inductor.codegen.memory_planning import _align as align
V0405 02:54:07.154000 32888 torch\_inductor\codecache.py:1438] [0/0] [__output_code] from torch import device, empty_strided
V0405 02:54:07.154000 32888 torch\_inductor\codecache.py:1438] [0/0] [__output_code] from torch._inductor.async_compile import AsyncCompile
V0405 02:54:07.154000 32888 torch\_inductor\codecache.py:1438] [0/0] [__output_code] from torch._inductor.select_algorithm import extern_kernels
V0405 02:54:07.154000 32888 torch\_inductor\codecache.py:1438] [0/0] [__output_code] import triton
V0405 02:54:07.154000 32888 torch\_inductor\codecache.py:1438] [0/0] [__output_code] import triton.language as tl
V0405 02:54:07.154000 32888 torch\_inductor\codecache.py:1438] [0/0] [__output_code] from torch._inductor.runtime.triton_heuristics import start_graph, end_graph
V0405 02:54:07.154000 32888 torch\_inductor\codecache.py:1438] [0/0] [__output_code] from torch._C import _cuda_getCurrentRawStream as get_raw_stream
V0405 02:54:07.154000 32888 torch\_inductor\codecache.py:1438] [0/0] [__output_code] 
V0405 02:54:07.154000 32888 torch\_inductor\codecache.py:1438] [0/0] [__output_code] aten = torch.ops.aten
V0405 02:54:07.154000 32888 torch\_inductor\codecache.py:1438] [0/0] [__output_code] inductor_ops = torch.ops.inductor
V0405 02:54:07.154000 32888 torch\_inductor\codecache.py:1438] [0/0] [__output_code] _quantized = torch.ops._quantized
V0405 02:54:07.154000 32888 torch\_inductor\codecache.py:1438] [0/0] [__output_code] assert_size_stride = torch._C._dynamo.guards.assert_size_stride
V0405 02:54:07.154000 32888 torch\_inductor\codecache.py:1438] [0/0] [__output_code] assert_alignment = torch._C._dynamo.guards.assert_alignment
V0405 02:54:07.154000 32888 torch\_inductor\codecache.py:1438] [0/0] [__output_code] empty_strided_cpu = torch._C._dynamo.guards._empty_strided_cpu
V0405 02:54:07.154000 32888 torch\_inductor\codecache.py:1438] [0/0] [__output_code] empty_strided_cpu_pinned = torch._C._dynamo.guards._empty_strided_cpu_pinned
V0405 02:54:07.154000 32888 torch\_inductor\codecache.py:1438] [0/0] [__output_code] empty_strided_cuda = torch._C._dynamo.guards._empty_strided_cuda
V0405 02:54:07.154000 32888 torch\_inductor\codecache.py:1438] [0/0] [__output_code] empty_strided_xpu = torch._C._dynamo.guards._empty_strided_xpu
V0405 02:54:07.154000 32888 torch\_inductor\codecache.py:1438] [0/0] [__output_code] empty_strided_mtia = torch._C._dynamo.guards._empty_strided_mtia
V0405 02:54:07.154000 32888 torch\_inductor\codecache.py:1438] [0/0] [__output_code] reinterpret_tensor = torch._C._dynamo.guards._reinterpret_tensor
V0405 02:54:07.154000 32888 torch\_inductor\codecache.py:1438] [0/0] [__output_code] alloc_from_pool = torch.ops.inductor._alloc_from_pool
V0405 02:54:07.154000 32888 torch\_inductor\codecache.py:1438] [0/0] [__output_code] async_compile = AsyncCompile()
V0405 02:54:07.154000 32888 torch\_inductor\codecache.py:1438] [0/0] [__output_code] empty_strided_p2p = torch._C._distributed_c10d._SymmetricMemory.empty_strided_p2p
V0405 02:54:07.154000 32888 torch\_inductor\codecache.py:1438] [0/0] [__output_code] 
V0405 02:54:07.154000 32888 torch\_inductor\codecache.py:1438] [0/0] [__output_code] 
V0405 02:54:07.154000 32888 torch\_inductor\codecache.py:1438] [0/0] [__output_code] # kernel path: C:\Users\adars\AppData\Local\Temp\torchinductor_adars\a3\ca3vzty5wr2suou2qdq7xhqifzks6ragei54aiprilxoy3dvm3nu.py
V0405 02:54:07.154000 32888 torch\_inductor\codecache.py:1438] [0/0] [__output_code] # Topologically Sorted Source Nodes: [x, square], Original ATen: [aten.leaky_relu, aten.pow]
V0405 02:54:07.154000 32888 torch\_inductor\codecache.py:1438] [0/0] [__output_code] # Source node to ATen node mapping:
V0405 02:54:07.154000 32888 torch\_inductor\codecache.py:1438] [0/0] [__output_code] #   square => pow_1
V0405 02:54:07.154000 32888 torch\_inductor\codecache.py:1438] [0/0] [__output_code] #   x => convert_element_type_2, convert_element_type_3, gt, mul, where
V0405 02:54:07.154000 32888 torch\_inductor\codecache.py:1438] [0/0] [__output_code] # Graph fragment:
V0405 02:54:07.154000 32888 torch\_inductor\codecache.py:1438] [0/0] [__output_code] #   %mm : Tensor "bf16[4096, 1536][1536, 1]cuda:0" = PlaceHolder[target=mm]
V0405 02:54:07.154000 32888 torch\_inductor\codecache.py:1438] [0/0] [__output_code] #   %convert_element_type_2 : Tensor "f32[4096, 1536][1536, 1]cuda:0"[num_users=3] = call_function[target=torch.ops.prims.convert_element_type.default](args = (%mm, torch.float32), kwargs = {})
V0405 02:54:07.154000 32888 torch\_inductor\codecache.py:1438] [0/0] [__output_code] #   %gt : Tensor "b8[4096, 1536][1536, 1]cuda:0"[num_users=1] = call_function[target=torch.ops.aten.gt.Scalar](args = (%convert_element_type_2, 0), kwargs = {})
V0405 02:54:07.154000 32888 torch\_inductor\codecache.py:1438] [0/0] [__output_code] #   %mul : Tensor "f32[4096, 1536][1536, 1]cuda:0"[num_users=1] = call_function[target=torch.ops.aten.mul.Tensor](args = (%convert_element_type_2, 0.5), kwargs = {})
V0405 02:54:07.154000 32888 torch\_inductor\codecache.py:1438] [0/0] [__output_code] #   %where : Tensor "f32[4096, 1536][1536, 1]cuda:0"[num_users=1] = call_function[target=torch.ops.aten.where.self](args = (%gt, %convert_element_type_2, %mul), kwargs = {})
V0405 02:54:07.154000 32888 torch\_inductor\codecache.py:1438] [0/0] [__output_code] #   %convert_element_type_3 : Tensor "bf16[4096, 1536][1536, 1]cuda:0"[num_users=1] = call_function[target=torch.ops.prims.convert_element_type.default](args = (%where, torch.bfloat16), kwargs = {})
V0405 02:54:07.154000 32888 torch\_inductor\codecache.py:1438] [0/0] [__output_code] #   %pow_1 : Tensor "bf16[4096, 1536][1536, 1]cuda:0"[num_users=1] = call_function[target=torch.ops.aten.pow.Tensor_Scalar](args = (%convert_element_type_3, 2), kwargs = {})
V0405 02:54:07.154000 32888 torch\_inductor\codecache.py:1438] [0/0] [__output_code] #   return %pow_1
V0405 02:54:07.154000 32888 torch\_inductor\codecache.py:1438] [0/0] [__output_code] triton_poi_fused_leaky_relu_pow_0 = async_compile.triton('triton_poi_fused_leaky_relu_pow_0', '''
V0405 02:54:07.154000 32888 torch\_inductor\codecache.py:1438] [0/0] [__output_code] import triton
V0405 02:54:07.154000 32888 torch\_inductor\codecache.py:1438] [0/0] [__output_code] import triton.language as tl
V0405 02:54:07.154000 32888 torch\_inductor\codecache.py:1438] [0/0] [__output_code] 
V0405 02:54:07.154000 32888 torch\_inductor\codecache.py:1438] [0/0] [__output_code] from torch._inductor.runtime import triton_helpers, triton_heuristics
V0405 02:54:07.154000 32888 torch\_inductor\codecache.py:1438] [0/0] [__output_code] from torch._inductor.runtime.triton_helpers import libdevice, math as tl_math
V0405 02:54:07.154000 32888 torch\_inductor\codecache.py:1438] [0/0] [__output_code] from torch._inductor.runtime.hints import AutotuneHint, ReductionHint, TileHint, DeviceProperties
V0405 02:54:07.154000 32888 torch\_inductor\codecache.py:1438] [0/0] [__output_code] triton_helpers.set_driver_to_gpu()
V0405 02:54:07.154000 32888 torch\_inductor\codecache.py:1438] [0/0] [__output_code] 
V0405 02:54:07.154000 32888 torch\_inductor\codecache.py:1438] [0/0] [__output_code] @triton_heuristics.pointwise(
V0405 02:54:07.154000 32888 torch\_inductor\codecache.py:1438] [0/0] [__output_code]     size_hints={'x': 8388608}, 
V0405 02:54:07.154000 32888 torch\_inductor\codecache.py:1438] [0/0] [__output_code]     filename=__file__,
V0405 02:54:07.154000 32888 torch\_inductor\codecache.py:1438] [0/0] [__output_code]     triton_meta={'signature': {'in_out_ptr0': '*bf16', 'xnumel': 'i32', 'XBLOCK': 'constexpr'}, 'device': DeviceProperties(type='cuda', index=0, multi_processor_count=46, cc=120, major=12, regs_per_multiprocessor=65536, max_threads_per_multi_processor=1536, max_threads_per_block=1024, warp_size=32), 'constants': {}, 'native_matmul': False, 'enable_fp_fusion': True, 'launch_pdl': False, 'disable_ftz': False, 'configs': [{(0,): [['tt.divisibility', 16]], (1,): [['tt.divisibility', 16]]}]},
V0405 02:54:07.154000 32888 torch\_inductor\codecache.py:1438] [0/0] [__output_code]     inductor_meta={'grid_type': 'Grid1D', 'autotune_hints': set(), 'kernel_name': 'triton_poi_fused_leaky_relu_pow_0', 'mutated_arg_names': ['in_out_ptr0'], 'optimize_mem': True, 'no_x_dim': False, 'atomic_add_found': False, 'num_load': 1, 'num_store': 1, 'num_reduction': 0, 'backend_hash': '852F9A3305D7C93EBEB502CE3BC231F01B01CE166A6FB3A43463667B2BACE826', 'assert_indirect_indexing': True, 'autotune_local_cache': True, 'autotune_pointwise': True, 'autotune_remote_cache': None, 'force_disable_caches': False, 'dynamic_scale_rblock': True, 'max_autotune': False, 'max_autotune_pointwise': False, 'min_split_scan_rblock': 256, 'spill_threshold': 16, 'store_cubin': False, 'deterministic': False, 'force_filter_reduction_configs': False, 'mix_order_reduction_allow_multi_stages': False, 'are_deterministic_algorithms_enabled': False, 'tiling_scores': {'x': 37748736}},
V0405 02:54:07.154000 32888 torch\_inductor\codecache.py:1438] [0/0] [__output_code]     min_elem_per_thread=0
V0405 02:54:07.154000 32888 torch\_inductor\codecache.py:1438] [0/0] [__output_code] )
V0405 02:54:07.154000 32888 torch\_inductor\codecache.py:1438] [0/0] [__output_code] @triton.jit
V0405 02:54:07.154000 32888 torch\_inductor\codecache.py:1438] [0/0] [__output_code] def triton_poi_fused_leaky_relu_pow_0(in_out_ptr0, xnumel, XBLOCK : tl.constexpr):
V0405 02:54:07.154000 32888 torch\_inductor\codecache.py:1438] [0/0] [__output_code]     xnumel = 6291456
V0405 02:54:07.154000 32888 torch\_inductor\codecache.py:1438] [0/0] [__output_code]     xoffset = tl.program_id(0) * XBLOCK
V0405 02:54:07.154000 32888 torch\_inductor\codecache.py:1438] [0/0] [__output_code]     xindex = xoffset + tl.arange(0, XBLOCK)[:]
V0405 02:54:07.154000 32888 torch\_inductor\codecache.py:1438] [0/0] [__output_code]     xmask = tl.full([XBLOCK], True, tl.int1)[:]
V0405 02:54:07.154000 32888 torch\_inductor\codecache.py:1438] [0/0] [__output_code]     x0 = xindex
V0405 02:54:07.154000 32888 torch\_inductor\codecache.py:1438] [0/0] [__output_code]     tmp0 = tl.load(in_out_ptr0 + (x0), None).to(tl.float32)
V0405 02:54:07.154000 32888 torch\_inductor\codecache.py:1438] [0/0] [__output_code]     tmp1 = tmp0.to(tl.float32)
V0405 02:54:07.154000 32888 torch\_inductor\codecache.py:1438] [0/0] [__output_code]     tmp2 = tl.full([1], 0.0, tl.float32)
V0405 02:54:07.154000 32888 torch\_inductor\codecache.py:1438] [0/0] [__output_code]     tmp3 = tmp1 > tmp2
V0405 02:54:07.154000 32888 torch\_inductor\codecache.py:1438] [0/0] [__output_code]     tmp4 = tl.full([1], 0.5, tl.float32)
V0405 02:54:07.154000 32888 torch\_inductor\codecache.py:1438] [0/0] [__output_code]     tmp5 = tmp1 * tmp4
V0405 02:54:07.154000 32888 torch\_inductor\codecache.py:1438] [0/0] [__output_code]     tmp6 = tl.where(tmp3, tmp1, tmp5)
V0405 02:54:07.154000 32888 torch\_inductor\codecache.py:1438] [0/0] [__output_code]     tmp7 = tmp6.to(tl.float32)
V0405 02:54:07.154000 32888 torch\_inductor\codecache.py:1438] [0/0] [__output_code]     tmp8 = tmp7 * tmp7
V0405 02:54:07.154000 32888 torch\_inductor\codecache.py:1438] [0/0] [__output_code]     tl.store(in_out_ptr0 + (x0), tmp8, None)
V0405 02:54:07.154000 32888 torch\_inductor\codecache.py:1438] [0/0] [__output_code] ''', device_str='cuda')
V0405 02:54:07.154000 32888 torch\_inductor\codecache.py:1438] [0/0] [__output_code] 
V0405 02:54:07.154000 32888 torch\_inductor\codecache.py:1438] [0/0] [__output_code] 
V0405 02:54:07.154000 32888 torch\_inductor\codecache.py:1438] [0/0] [__output_code] async_compile.wait(globals())
V0405 02:54:07.154000 32888 torch\_inductor\codecache.py:1438] [0/0] [__output_code] del async_compile
V0405 02:54:07.154000 32888 torch\_inductor\codecache.py:1438] [0/0] [__output_code] 
V0405 02:54:07.154000 32888 torch\_inductor\codecache.py:1438] [0/0] [__output_code] class Runner:
V0405 02:54:07.154000 32888 torch\_inductor\codecache.py:1438] [0/0] [__output_code]     def __init__(self, partitions):
V0405 02:54:07.154000 32888 torch\_inductor\codecache.py:1438] [0/0] [__output_code]         self.partitions = partitions
V0405 02:54:07.154000 32888 torch\_inductor\codecache.py:1438] [0/0] [__output_code] 
V0405 02:54:07.154000 32888 torch\_inductor\codecache.py:1438] [0/0] [__output_code]     def recursively_apply_fns(self, fns):
V0405 02:54:07.154000 32888 torch\_inductor\codecache.py:1438] [0/0] [__output_code]         new_callables = []
V0405 02:54:07.154000 32888 torch\_inductor\codecache.py:1438] [0/0] [__output_code]         for fn, c in zip(fns, self.partitions):
V0405 02:54:07.154000 32888 torch\_inductor\codecache.py:1438] [0/0] [__output_code]             new_callables.append(fn(c))
V0405 02:54:07.154000 32888 torch\_inductor\codecache.py:1438] [0/0] [__output_code]         self.partitions = new_callables
V0405 02:54:07.154000 32888 torch\_inductor\codecache.py:1438] [0/0] [__output_code] 
V0405 02:54:07.154000 32888 torch\_inductor\codecache.py:1438] [0/0] [__output_code]     def call(self, args):
V0405 02:54:07.154000 32888 torch\_inductor\codecache.py:1438] [0/0] [__output_code]         arg0_1, arg1_1, arg2_1 = args
V0405 02:54:07.154000 32888 torch\_inductor\codecache.py:1438] [0/0] [__output_code]         args.clear()
V0405 02:54:07.154000 32888 torch\_inductor\codecache.py:1438] [0/0] [__output_code]         assert_size_stride(arg0_1, (4096, 512), (512, 1))
V0405 02:54:07.154000 32888 torch\_inductor\codecache.py:1438] [0/0] [__output_code]         assert_size_stride(arg1_1, (1536, 512), (512, 1))
V0405 02:54:07.154000 32888 torch\_inductor\codecache.py:1438] [0/0] [__output_code]         assert_size_stride(arg2_1, (512, 1536), (1536, 1))
V0405 02:54:07.154000 32888 torch\_inductor\codecache.py:1438] [0/0] [__output_code]         with torch.cuda._DeviceGuard(0):
V0405 02:54:07.154000 32888 torch\_inductor\codecache.py:1438] [0/0] [__output_code]             torch.cuda.set_device(0)
V0405 02:54:07.154000 32888 torch\_inductor\codecache.py:1438] [0/0] [__output_code]             buf0 = empty_strided_cuda((4096, 1536), (1536, 1), torch.bfloat16)
V0405 02:54:07.154000 32888 torch\_inductor\codecache.py:1438] [0/0] [__output_code]             # Topologically Sorted Source Nodes: [linear], Original ATen: [aten.t, aten.mm]
V0405 02:54:07.154000 32888 torch\_inductor\codecache.py:1438] [0/0] [__output_code]             extern_kernels.mm(arg0_1, reinterpret_tensor(arg1_1, (512, 1536), (1, 512), 0), out=buf0)
V0405 02:54:07.154000 32888 torch\_inductor\codecache.py:1438] [0/0] [__output_code]             del arg0_1
V0405 02:54:07.154000 32888 torch\_inductor\codecache.py:1438] [0/0] [__output_code]             del arg1_1
V0405 02:54:07.154000 32888 torch\_inductor\codecache.py:1438] [0/0] [__output_code]             buf1 = buf0; del buf0  # reuse
V0405 02:54:07.154000 32888 torch\_inductor\codecache.py:1438] [0/0] [__output_code]             # Topologically Sorted Source Nodes: [x, square], Original ATen: [aten.leaky_relu, aten.pow]
V0405 02:54:07.154000 32888 torch\_inductor\codecache.py:1438] [0/0] [__output_code]             stream0 = get_raw_stream(0)
V0405 02:54:07.154000 32888 torch\_inductor\codecache.py:1438] [0/0] [__output_code]             triton_poi_fused_leaky_relu_pow_0.run(buf1, 6291456, stream=stream0)
V0405 02:54:07.154000 32888 torch\_inductor\codecache.py:1438] [0/0] [__output_code]             buf2 = empty_strided_cuda((4096, 512), (512, 1), torch.bfloat16)
V0405 02:54:07.154000 32888 torch\_inductor\codecache.py:1438] [0/0] [__output_code]             # Topologically Sorted Source Nodes: [x, square, linear_1], Original ATen: [aten.leaky_relu, aten.pow, aten.t, aten.mm]
V0405 02:54:07.154000 32888 torch\_inductor\codecache.py:1438] [0/0] [__output_code]             extern_kernels.mm(buf1, reinterpret_tensor(arg2_1, (1536, 512), (1, 1536), 0), out=buf2)
V0405 02:54:07.154000 32888 torch\_inductor\codecache.py:1438] [0/0] [__output_code]             del arg2_1
V0405 02:54:07.154000 32888 torch\_inductor\codecache.py:1438] [0/0] [__output_code]             del buf1
V0405 02:54:07.154000 32888 torch\_inductor\codecache.py:1438] [0/0] [__output_code]         return (buf2, )
V0405 02:54:07.154000 32888 torch\_inductor\codecache.py:1438] [0/0] [__output_code] 
V0405 02:54:07.154000 32888 torch\_inductor\codecache.py:1438] [0/0] [__output_code] runner = Runner(partitions=[])
V0405 02:54:07.154000 32888 torch\_inductor\codecache.py:1438] [0/0] [__output_code] call = runner.call
V0405 02:54:07.154000 32888 torch\_inductor\codecache.py:1438] [0/0] [__output_code] recursively_apply_fns = runner.recursively_apply_fns
V0405 02:54:07.154000 32888 torch\_inductor\codecache.py:1438] [0/0] [__output_code] 
V0405 02:54:07.154000 32888 torch\_inductor\codecache.py:1438] [0/0] [__output_code] 
V0405 02:54:07.154000 32888 torch\_inductor\codecache.py:1438] [0/0] [__output_code] def get_args():
V0405 02:54:07.154000 32888 torch\_inductor\codecache.py:1438] [0/0] [__output_code]     from torch._dynamo.testing import rand_strided
V0405 02:54:07.154000 32888 torch\_inductor\codecache.py:1438] [0/0] [__output_code]     arg0_1 = rand_strided((4096, 512), (512, 1), device='cuda:0', dtype=torch.bfloat16)
V0405 02:54:07.154000 32888 torch\_inductor\codecache.py:1438] [0/0] [__output_code]     arg1_1 = rand_strided((1536, 512), (512, 1), device='cuda:0', dtype=torch.bfloat16)
V0405 02:54:07.154000 32888 torch\_inductor\codecache.py:1438] [0/0] [__output_code]     arg2_1 = rand_strided((512, 1536), (1536, 1), device='cuda:0', dtype=torch.bfloat16)
V0405 02:54:07.154000 32888 torch\_inductor\codecache.py:1438] [0/0] [__output_code]     return [arg0_1, arg1_1, arg2_1]
V0405 02:54:07.154000 32888 torch\_inductor\codecache.py:1438] [0/0] [__output_code] 
V0405 02:54:07.154000 32888 torch\_inductor\codecache.py:1438] [0/0] [__output_code] 
V0405 02:54:07.154000 32888 torch\_inductor\codecache.py:1438] [0/0] [__output_code] def benchmark_compiled_module(args, times=10, repeat=10):
V0405 02:54:07.154000 32888 torch\_inductor\codecache.py:1438] [0/0] [__output_code]     from torch._inductor.utils import print_performance
V0405 02:54:07.154000 32888 torch\_inductor\codecache.py:1438] [0/0] [__output_code]     fn = lambda: call(list(args))
V0405 02:54:07.154000 32888 torch\_inductor\codecache.py:1438] [0/0] [__output_code]     return print_performance(fn, times=times, repeat=repeat)
V0405 02:54:07.154000 32888 torch\_inductor\codecache.py:1438] [0/0] [__output_code] 
V0405 02:54:07.154000 32888 torch\_inductor\codecache.py:1438] [0/0] [__output_code] 
V0405 02:54:07.154000 32888 torch\_inductor\codecache.py:1438] [0/0] [__output_code] if __name__ == "__main__":
V0405 02:54:07.154000 32888 torch\_inductor\codecache.py:1438] [0/0] [__output_code]     from torch._inductor.wrapper_benchmark import compiled_module_main
V0405 02:54:07.154000 32888 torch\_inductor\codecache.py:1438] [0/0] [__output_code]     args = get_args()
V0405 02:54:07.154000 32888 torch\_inductor\codecache.py:1438] [0/0] [__output_code]     compiled_module_main('None', lambda times, repeat: benchmark_compiled_module(args, times=times, repeat=repeat))
V0405 02:54:07.154000 32888 torch\_inductor\codecache.py:1438] [0/0] [__output_code] 
V0405 02:54:07.155000 32888 torch\_inductor\codecache.py:1439] [0/0] [__output_code] Output code written to: C:\Users\adars\AppData\Local\Temp\torchinductor_adars\ua\cualiofdcsk4h76wb5hkh5y6n6h6xrskauldeeh6gpm3i43bifrk.py
V0405 02:54:07.399000 32888 torch\_inductor\codecache.py:1438] [0/0] [__output_code] Output code: 
V0405 02:54:07.399000 32888 torch\_inductor\codecache.py:1438] [0/0] [__output_code] # AOT ID: ['1_inference']
V0405 02:54:07.399000 32888 torch\_inductor\codecache.py:1438] [0/0] [__output_code] from ctypes import c_void_p, c_long, c_int
V0405 02:54:07.399000 32888 torch\_inductor\codecache.py:1438] [0/0] [__output_code] import torch
V0405 02:54:07.399000 32888 torch\_inductor\codecache.py:1438] [0/0] [__output_code] import math
V0405 02:54:07.399000 32888 torch\_inductor\codecache.py:1438] [0/0] [__output_code] import random
V0405 02:54:07.399000 32888 torch\_inductor\codecache.py:1438] [0/0] [__output_code] import os
V0405 02:54:07.399000 32888 torch\_inductor\codecache.py:1438] [0/0] [__output_code] import tempfile
V0405 02:54:07.399000 32888 torch\_inductor\codecache.py:1438] [0/0] [__output_code] from math import inf, nan
V0405 02:54:07.399000 32888 torch\_inductor\codecache.py:1438] [0/0] [__output_code] from cmath import nanj
V0405 02:54:07.399000 32888 torch\_inductor\codecache.py:1438] [0/0] [__output_code] from torch._inductor.hooks import run_intermediate_hooks
V0405 02:54:07.399000 32888 torch\_inductor\codecache.py:1438] [0/0] [__output_code] from torch._inductor.utils import maybe_profile
V0405 02:54:07.399000 32888 torch\_inductor\codecache.py:1438] [0/0] [__output_code] from torch._inductor.codegen.memory_planning import _align as align
V0405 02:54:07.399000 32888 torch\_inductor\codecache.py:1438] [0/0] [__output_code] from torch import device, empty_strided
V0405 02:54:07.399000 32888 torch\_inductor\codecache.py:1438] [0/0] [__output_code] from torch._inductor.async_compile import AsyncCompile
V0405 02:54:07.399000 32888 torch\_inductor\codecache.py:1438] [0/0] [__output_code] from torch._inductor.select_algorithm import extern_kernels
V0405 02:54:07.399000 32888 torch\_inductor\codecache.py:1438] [0/0] [__output_code] import triton
V0405 02:54:07.399000 32888 torch\_inductor\codecache.py:1438] [0/0] [__output_code] import triton.language as tl
V0405 02:54:07.399000 32888 torch\_inductor\codecache.py:1438] [0/0] [__output_code] from torch._inductor.runtime.triton_heuristics import start_graph, end_graph
V0405 02:54:07.399000 32888 torch\_inductor\codecache.py:1438] [0/0] [__output_code] from torch._C import _cuda_getCurrentRawStream as get_raw_stream
V0405 02:54:07.399000 32888 torch\_inductor\codecache.py:1438] [0/0] [__output_code] 
V0405 02:54:07.399000 32888 torch\_inductor\codecache.py:1438] [0/0] [__output_code] aten = torch.ops.aten
V0405 02:54:07.399000 32888 torch\_inductor\codecache.py:1438] [0/0] [__output_code] inductor_ops = torch.ops.inductor
V0405 02:54:07.399000 32888 torch\_inductor\codecache.py:1438] [0/0] [__output_code] _quantized = torch.ops._quantized
V0405 02:54:07.399000 32888 torch\_inductor\codecache.py:1438] [0/0] [__output_code] assert_size_stride = torch._C._dynamo.guards.assert_size_stride
V0405 02:54:07.399000 32888 torch\_inductor\codecache.py:1438] [0/0] [__output_code] assert_alignment = torch._C._dynamo.guards.assert_alignment
V0405 02:54:07.399000 32888 torch\_inductor\codecache.py:1438] [0/0] [__output_code] empty_strided_cpu = torch._C._dynamo.guards._empty_strided_cpu
V0405 02:54:07.399000 32888 torch\_inductor\codecache.py:1438] [0/0] [__output_code] empty_strided_cpu_pinned = torch._C._dynamo.guards._empty_strided_cpu_pinned
V0405 02:54:07.399000 32888 torch\_inductor\codecache.py:1438] [0/0] [__output_code] empty_strided_cuda = torch._C._dynamo.guards._empty_strided_cuda
V0405 02:54:07.399000 32888 torch\_inductor\codecache.py:1438] [0/0] [__output_code] empty_strided_xpu = torch._C._dynamo.guards._empty_strided_xpu
V0405 02:54:07.399000 32888 torch\_inductor\codecache.py:1438] [0/0] [__output_code] empty_strided_mtia = torch._C._dynamo.guards._empty_strided_mtia
V0405 02:54:07.399000 32888 torch\_inductor\codecache.py:1438] [0/0] [__output_code] reinterpret_tensor = torch._C._dynamo.guards._reinterpret_tensor
V0405 02:54:07.399000 32888 torch\_inductor\codecache.py:1438] [0/0] [__output_code] alloc_from_pool = torch.ops.inductor._alloc_from_pool
V0405 02:54:07.399000 32888 torch\_inductor\codecache.py:1438] [0/0] [__output_code] async_compile = AsyncCompile()
V0405 02:54:07.399000 32888 torch\_inductor\codecache.py:1438] [0/0] [__output_code] empty_strided_p2p = torch._C._distributed_c10d._SymmetricMemory.empty_strided_p2p
V0405 02:54:07.399000 32888 torch\_inductor\codecache.py:1438] [0/0] [__output_code] 
V0405 02:54:07.399000 32888 torch\_inductor\codecache.py:1438] [0/0] [__output_code] 
V0405 02:54:07.399000 32888 torch\_inductor\codecache.py:1438] [0/0] [__output_code] # kernel path: C:\Users\adars\AppData\Local\Temp\torchinductor_adars\bm\cbmtteohsuah7vpd5yox24o4jo3ko2lmwpeijzvtt7t6uy234m32.py
V0405 02:54:07.399000 32888 torch\_inductor\codecache.py:1438] [0/0] [__output_code] # Topologically Sorted Source Nodes: [rms_norm], Original ATen: [aten._fused_rms_norm]
V0405 02:54:07.399000 32888 torch\_inductor\codecache.py:1438] [0/0] [__output_code] # Source node to ATen node mapping:
V0405 02:54:07.399000 32888 torch\_inductor\codecache.py:1438] [0/0] [__output_code] #   rms_norm => add, convert_element_type, convert_element_type_1, mean, mul, pow_1, rsqrt
V0405 02:54:07.399000 32888 torch\_inductor\codecache.py:1438] [0/0] [__output_code] # Graph fragment:
V0405 02:54:07.399000 32888 torch\_inductor\codecache.py:1438] [0/0] [__output_code] #   %arg0_1 : Tensor "bf16[4096, 512][512, 1]cuda:0" = PlaceHolder[target=arg0_1]
V0405 02:54:07.399000 32888 torch\_inductor\codecache.py:1438] [0/0] [__output_code] #   %buf0 : Tensor "f32[4096, 1][1, 4096]cuda:0" = PlaceHolder[target=buf0]
V0405 02:54:07.399000 32888 torch\_inductor\codecache.py:1438] [0/0] [__output_code] #   %convert_element_type : Tensor "f32[4096, 512][512, 1]cuda:0"[num_users=2] = call_function[target=torch.ops.prims.convert_element_type.default](args = (%arg0_1, torch.float32), kwargs = {})
V0405 02:54:07.399000 32888 torch\_inductor\codecache.py:1438] [0/0] [__output_code] #   %pow_1 : Tensor "f32[4096, 512][512, 1]cuda:0"[num_users=1] = call_function[target=torch.ops.aten.pow.Tensor_Scalar](args = (%convert_element_type, 2), kwargs = {})
V0405 02:54:07.399000 32888 torch\_inductor\codecache.py:1438] [0/0] [__output_code] #   %mean : Tensor "f32[4096, 1][1, 1]cuda:0"[num_users=1] = call_function[target=torch.ops.aten.mean.dim](args = (%pow_1, [1], True), kwargs = {})
V0405 02:54:07.399000 32888 torch\_inductor\codecache.py:1438] [0/0] [__output_code] #   %add : Tensor "f32[4096, 1][1, 1]cuda:0"[num_users=1] = call_function[target=torch.ops.aten.add.Scalar](args = (%mean, 1.1920928955078125e-07), kwargs = {})
V0405 02:54:07.399000 32888 torch\_inductor\codecache.py:1438] [0/0] [__output_code] #   %rsqrt : Tensor "f32[4096, 1][1, 1]cuda:0"[num_users=1] = call_function[target=torch.ops.aten.rsqrt.default](args = (%add,), kwargs = {})
V0405 02:54:07.399000 32888 torch\_inductor\codecache.py:1438] [0/0] [__output_code] #   %mul : Tensor "f32[4096, 512][512, 1]cuda:0"[num_users=1] = call_function[target=torch.ops.aten.mul.Tensor](args = (%convert_element_type, %rsqrt), kwargs = {})
V0405 02:54:07.399000 32888 torch\_inductor\codecache.py:1438] [0/0] [__output_code] #   %convert_element_type_1 : Tensor "bf16[4096, 512][512, 1]cuda:0"[num_users=1] = call_function[target=torch.ops.prims.convert_element_type.default](args = (%mul, torch.bfloat16), kwargs = {})
V0405 02:54:07.399000 32888 torch\_inductor\codecache.py:1438] [0/0] [__output_code] #   return %buf0,%convert_element_type_1
V0405 02:54:07.399000 32888 torch\_inductor\codecache.py:1438] [0/0] [__output_code] triton_per_fused__fused_rms_norm_0 = async_compile.triton('triton_per_fused__fused_rms_norm_0', '''
V0405 02:54:07.399000 32888 torch\_inductor\codecache.py:1438] [0/0] [__output_code] import triton
V0405 02:54:07.399000 32888 torch\_inductor\codecache.py:1438] [0/0] [__output_code] import triton.language as tl
V0405 02:54:07.399000 32888 torch\_inductor\codecache.py:1438] [0/0] [__output_code] 
V0405 02:54:07.399000 32888 torch\_inductor\codecache.py:1438] [0/0] [__output_code] from torch._inductor.runtime import triton_helpers, triton_heuristics
V0405 02:54:07.399000 32888 torch\_inductor\codecache.py:1438] [0/0] [__output_code] from torch._inductor.runtime.triton_helpers import libdevice, math as tl_math
V0405 02:54:07.399000 32888 torch\_inductor\codecache.py:1438] [0/0] [__output_code] from torch._inductor.runtime.hints import AutotuneHint, ReductionHint, TileHint, DeviceProperties
V0405 02:54:07.399000 32888 torch\_inductor\codecache.py:1438] [0/0] [__output_code] triton_helpers.set_driver_to_gpu()
V0405 02:54:07.399000 32888 torch\_inductor\codecache.py:1438] [0/0] [__output_code] 
V0405 02:54:07.399000 32888 torch\_inductor\codecache.py:1438] [0/0] [__output_code] @triton_heuristics.persistent_reduction(
V0405 02:54:07.399000 32888 torch\_inductor\codecache.py:1438] [0/0] [__output_code]     size_hints={'x': 4096, 'r0_': 512},
V0405 02:54:07.399000 32888 torch\_inductor\codecache.py:1438] [0/0] [__output_code]     reduction_hint=ReductionHint.INNER,
V0405 02:54:07.399000 32888 torch\_inductor\codecache.py:1438] [0/0] [__output_code]     filename=__file__,
V0405 02:54:07.399000 32888 torch\_inductor\codecache.py:1438] [0/0] [__output_code]     triton_meta={'signature': {'in_ptr0': '*bf16', 'out_ptr1': '*bf16', 'xnumel': 'i32', 'r0_numel': 'i32', 'XBLOCK': 'constexpr'}, 'device': DeviceProperties(type='cuda', index=0, multi_processor_count=46, cc=120, major=12, regs_per_multiprocessor=65536, max_threads_per_multi_processor=1536, max_threads_per_block=1024, warp_size=32), 'constants': {}, 'native_matmul': False, 'enable_fp_fusion': True, 'launch_pdl': False, 'disable_ftz': False, 'configs': [{(0,): [['tt.divisibility', 16]], (1,): [['tt.divisibility', 16]], (2,): [['tt.divisibility', 16]], (3,): [['tt.divisibility', 16]]}]},
V0405 02:54:07.399000 32888 torch\_inductor\codecache.py:1438] [0/0] [__output_code]     inductor_meta={'grid_type': 'Grid1D', 'autotune_hints': set(), 'kernel_name': 'triton_per_fused__fused_rms_norm_0', 'mutated_arg_names': [], 'optimize_mem': True, 'no_x_dim': None, 'atomic_add_found': False, 'num_load': 1, 'num_store': 1, 'num_reduction': 1, 'backend_hash': '852F9A3305D7C93EBEB502CE3BC231F01B01CE166A6FB3A43463667B2BACE826', 'assert_indirect_indexing': True, 'autotune_local_cache': True, 'autotune_pointwise': True, 'autotune_remote_cache': None, 'force_disable_caches': False, 'dynamic_scale_rblock': True, 'max_autotune': False, 'max_autotune_pointwise': False, 'min_split_scan_rblock': 256, 'spill_threshold': 16, 'store_cubin': False, 'deterministic': False, 'force_filter_reduction_configs': False, 'mix_order_reduction_allow_multi_stages': False, 'are_deterministic_algorithms_enabled': False, 'tiling_scores': {'x': 0, 'r0_': 12582912}}
V0405 02:54:07.399000 32888 torch\_inductor\codecache.py:1438] [0/0] [__output_code] )
V0405 02:54:07.399000 32888 torch\_inductor\codecache.py:1438] [0/0] [__output_code] @triton.jit
V0405 02:54:07.399000 32888 torch\_inductor\codecache.py:1438] [0/0] [__output_code] def triton_per_fused__fused_rms_norm_0(in_ptr0, out_ptr1, xnumel, r0_numel, XBLOCK : tl.constexpr):
V0405 02:54:07.399000 32888 torch\_inductor\codecache.py:1438] [0/0] [__output_code]     xnumel = 4096
V0405 02:54:07.399000 32888 torch\_inductor\codecache.py:1438] [0/0] [__output_code]     r0_numel = 512
V0405 02:54:07.399000 32888 torch\_inductor\codecache.py:1438] [0/0] [__output_code]     R0_BLOCK: tl.constexpr = 512
V0405 02:54:07.399000 32888 torch\_inductor\codecache.py:1438] [0/0] [__output_code]     rnumel = r0_numel
V0405 02:54:07.399000 32888 torch\_inductor\codecache.py:1438] [0/0] [__output_code]     RBLOCK: tl.constexpr = R0_BLOCK
V0405 02:54:07.399000 32888 torch\_inductor\codecache.py:1438] [0/0] [__output_code]     xoffset = tl.program_id(0) * XBLOCK
V0405 02:54:07.399000 32888 torch\_inductor\codecache.py:1438] [0/0] [__output_code]     xindex = xoffset + tl.arange(0, XBLOCK)[:, None]
V0405 02:54:07.399000 32888 torch\_inductor\codecache.py:1438] [0/0] [__output_code]     xmask = tl.full([XBLOCK], True, tl.int1)[:, None]
V0405 02:54:07.399000 32888 torch\_inductor\codecache.py:1438] [0/0] [__output_code]     r0_index = tl.arange(0, R0_BLOCK)[None, :]
V0405 02:54:07.399000 32888 torch\_inductor\codecache.py:1438] [0/0] [__output_code]     r0_offset = 0
V0405 02:54:07.399000 32888 torch\_inductor\codecache.py:1438] [0/0] [__output_code]     r0_mask = tl.full([R0_BLOCK], True, tl.int1)[None, :]
V0405 02:54:07.399000 32888 torch\_inductor\codecache.py:1438] [0/0] [__output_code]     roffset = r0_offset
V0405 02:54:07.399000 32888 torch\_inductor\codecache.py:1438] [0/0] [__output_code]     rindex = r0_index
V0405 02:54:07.399000 32888 torch\_inductor\codecache.py:1438] [0/0] [__output_code]     r0_1 = r0_index
V0405 02:54:07.399000 32888 torch\_inductor\codecache.py:1438] [0/0] [__output_code]     x0 = xindex
V0405 02:54:07.399000 32888 torch\_inductor\codecache.py:1438] [0/0] [__output_code]     tmp0 = tl.load(in_ptr0 + (r0_1 + 512*x0), None).to(tl.float32)
V0405 02:54:07.399000 32888 torch\_inductor\codecache.py:1438] [0/0] [__output_code]     tmp1 = tmp0.to(tl.float32)
V0405 02:54:07.399000 32888 torch\_inductor\codecache.py:1438] [0/0] [__output_code]     tmp2 = tmp1 * tmp1
V0405 02:54:07.399000 32888 torch\_inductor\codecache.py:1438] [0/0] [__output_code]     tmp3 = tl.broadcast_to(tmp2, [XBLOCK, R0_BLOCK])
V0405 02:54:07.399000 32888 torch\_inductor\codecache.py:1438] [0/0] [__output_code]     tmp5 = tl.sum(tmp3, 1)[:, None].to(tl.float32)
V0405 02:54:07.399000 32888 torch\_inductor\codecache.py:1438] [0/0] [__output_code]     tmp6 = tl.full([1, 1], 512.0, tl.float32)
V0405 02:54:07.399000 32888 torch\_inductor\codecache.py:1438] [0/0] [__output_code]     tmp7 = (tmp5 / tmp6)
V0405 02:54:07.399000 32888 torch\_inductor\codecache.py:1438] [0/0] [__output_code]     tmp8 = tl.full([1, 1], 1.1920928955078125e-07, tl.float32)
V0405 02:54:07.399000 32888 torch\_inductor\codecache.py:1438] [0/0] [__output_code]     tmp9 = tmp7 + tmp8
V0405 02:54:07.399000 32888 torch\_inductor\codecache.py:1438] [0/0] [__output_code]     tmp10 = libdevice.rsqrt(tmp9)
V0405 02:54:07.399000 32888 torch\_inductor\codecache.py:1438] [0/0] [__output_code]     tmp11 = tmp1 * tmp10
V0405 02:54:07.399000 32888 torch\_inductor\codecache.py:1438] [0/0] [__output_code]     tmp12 = tmp11.to(tl.float32)
V0405 02:54:07.399000 32888 torch\_inductor\codecache.py:1438] [0/0] [__output_code]     tl.store(out_ptr1 + (r0_1 + 512*x0), tmp12, None)
V0405 02:54:07.399000 32888 torch\_inductor\codecache.py:1438] [0/0] [__output_code] ''', device_str='cuda')
V0405 02:54:07.399000 32888 torch\_inductor\codecache.py:1438] [0/0] [__output_code] 
V0405 02:54:07.399000 32888 torch\_inductor\codecache.py:1438] [0/0] [__output_code] 
V0405 02:54:07.399000 32888 torch\_inductor\codecache.py:1438] [0/0] [__output_code] async_compile.wait(globals())
V0405 02:54:07.399000 32888 torch\_inductor\codecache.py:1438] [0/0] [__output_code] del async_compile
V0405 02:54:07.399000 32888 torch\_inductor\codecache.py:1438] [0/0] [__output_code] 
V0405 02:54:07.399000 32888 torch\_inductor\codecache.py:1438] [0/0] [__output_code] class Runner:
V0405 02:54:07.399000 32888 torch\_inductor\codecache.py:1438] [0/0] [__output_code]     def __init__(self, partitions):
V0405 02:54:07.399000 32888 torch\_inductor\codecache.py:1438] [0/0] [__output_code]         self.partitions = partitions
V0405 02:54:07.399000 32888 torch\_inductor\codecache.py:1438] [0/0] [__output_code] 
V0405 02:54:07.399000 32888 torch\_inductor\codecache.py:1438] [0/0] [__output_code]     def recursively_apply_fns(self, fns):
V0405 02:54:07.399000 32888 torch\_inductor\codecache.py:1438] [0/0] [__output_code]         new_callables = []
V0405 02:54:07.399000 32888 torch\_inductor\codecache.py:1438] [0/0] [__output_code]         for fn, c in zip(fns, self.partitions):
V0405 02:54:07.399000 32888 torch\_inductor\codecache.py:1438] [0/0] [__output_code]             new_callables.append(fn(c))
V0405 02:54:07.399000 32888 torch\_inductor\codecache.py:1438] [0/0] [__output_code]         self.partitions = new_callables
V0405 02:54:07.399000 32888 torch\_inductor\codecache.py:1438] [0/0] [__output_code] 
V0405 02:54:07.399000 32888 torch\_inductor\codecache.py:1438] [0/0] [__output_code]     def call(self, args):
V0405 02:54:07.399000 32888 torch\_inductor\codecache.py:1438] [0/0] [__output_code]         arg0_1, arg1_1 = args
V0405 02:54:07.399000 32888 torch\_inductor\codecache.py:1438] [0/0] [__output_code]         args.clear()
V0405 02:54:07.399000 32888 torch\_inductor\codecache.py:1438] [0/0] [__output_code]         assert_size_stride(arg0_1, (4096, 512), (512, 1))
V0405 02:54:07.399000 32888 torch\_inductor\codecache.py:1438] [0/0] [__output_code]         assert_size_stride(arg1_1, (1536, 512), (512, 1))
V0405 02:54:07.399000 32888 torch\_inductor\codecache.py:1438] [0/0] [__output_code]         with torch.cuda._DeviceGuard(0):
V0405 02:54:07.399000 32888 torch\_inductor\codecache.py:1438] [0/0] [__output_code]             torch.cuda.set_device(0)
V0405 02:54:07.399000 32888 torch\_inductor\codecache.py:1438] [0/0] [__output_code]             buf1 = empty_strided_cuda((4096, 512), (512, 1), torch.bfloat16)
V0405 02:54:07.399000 32888 torch\_inductor\codecache.py:1438] [0/0] [__output_code]             # Topologically Sorted Source Nodes: [rms_norm], Original ATen: [aten._fused_rms_norm]
V0405 02:54:07.399000 32888 torch\_inductor\codecache.py:1438] [0/0] [__output_code]             stream0 = get_raw_stream(0)
V0405 02:54:07.399000 32888 torch\_inductor\codecache.py:1438] [0/0] [__output_code]             triton_per_fused__fused_rms_norm_0.run(arg0_1, buf1, 4096, 512, stream=stream0)
V0405 02:54:07.399000 32888 torch\_inductor\codecache.py:1438] [0/0] [__output_code]             del arg0_1
V0405 02:54:07.399000 32888 torch\_inductor\codecache.py:1438] [0/0] [__output_code]             buf2 = empty_strided_cuda((4096, 1536), (1536, 1), torch.bfloat16)
V0405 02:54:07.399000 32888 torch\_inductor\codecache.py:1438] [0/0] [__output_code]             # Topologically Sorted Source Nodes: [rms_norm, linear], Original ATen: [aten._fused_rms_norm, aten.t, aten.mm]
V0405 02:54:07.399000 32888 torch\_inductor\codecache.py:1438] [0/0] [__output_code]             extern_kernels.mm(buf1, reinterpret_tensor(arg1_1, (512, 1536), (1, 512), 0), out=buf2)
V0405 02:54:07.399000 32888 torch\_inductor\codecache.py:1438] [0/0] [__output_code]             del arg1_1
V0405 02:54:07.399000 32888 torch\_inductor\codecache.py:1438] [0/0] [__output_code]             del buf1
V0405 02:54:07.399000 32888 torch\_inductor\codecache.py:1438] [0/0] [__output_code]         return (buf2, )
V0405 02:54:07.399000 32888 torch\_inductor\codecache.py:1438] [0/0] [__output_code] 
V0405 02:54:07.399000 32888 torch\_inductor\codecache.py:1438] [0/0] [__output_code] runner = Runner(partitions=[])
V0405 02:54:07.399000 32888 torch\_inductor\codecache.py:1438] [0/0] [__output_code] call = runner.call
V0405 02:54:07.399000 32888 torch\_inductor\codecache.py:1438] [0/0] [__output_code] recursively_apply_fns = runner.recursively_apply_fns
V0405 02:54:07.399000 32888 torch\_inductor\codecache.py:1438] [0/0] [__output_code] 
V0405 02:54:07.399000 32888 torch\_inductor\codecache.py:1438] [0/0] [__output_code] 
V0405 02:54:07.399000 32888 torch\_inductor\codecache.py:1438] [0/0] [__output_code] def get_args():
V0405 02:54:07.399000 32888 torch\_inductor\codecache.py:1438] [0/0] [__output_code]     from torch._dynamo.testing import rand_strided
V0405 02:54:07.399000 32888 torch\_inductor\codecache.py:1438] [0/0] [__output_code]     arg0_1 = rand_strided((4096, 512), (512, 1), device='cuda:0', dtype=torch.bfloat16)
V0405 02:54:07.399000 32888 torch\_inductor\codecache.py:1438] [0/0] [__output_code]     arg1_1 = rand_strided((1536, 512), (512, 1), device='cuda:0', dtype=torch.bfloat16)
V0405 02:54:07.399000 32888 torch\_inductor\codecache.py:1438] [0/0] [__output_code]     return [arg0_1, arg1_1]
V0405 02:54:07.399000 32888 torch\_inductor\codecache.py:1438] [0/0] [__output_code] 
V0405 02:54:07.399000 32888 torch\_inductor\codecache.py:1438] [0/0] [__output_code] 
V0405 02:54:07.399000 32888 torch\_inductor\codecache.py:1438] [0/0] [__output_code] def benchmark_compiled_module(args, times=10, repeat=10):
V0405 02:54:07.399000 32888 torch\_inductor\codecache.py:1438] [0/0] [__output_code]     from torch._inductor.utils import print_performance
V0405 02:54:07.399000 32888 torch\_inductor\codecache.py:1438] [0/0] [__output_code]     fn = lambda: call(list(args))
V0405 02:54:07.399000 32888 torch\_inductor\codecache.py:1438] [0/0] [__output_code]     return print_performance(fn, times=times, repeat=repeat)
V0405 02:54:07.399000 32888 torch\_inductor\codecache.py:1438] [0/0] [__output_code] 
V0405 02:54:07.399000 32888 torch\_inductor\codecache.py:1438] [0/0] [__output_code] 
V0405 02:54:07.399000 32888 torch\_inductor\codecache.py:1438] [0/0] [__output_code] if __name__ == "__main__":
V0405 02:54:07.399000 32888 torch\_inductor\codecache.py:1438] [0/0] [__output_code]     from torch._inductor.wrapper_benchmark import compiled_module_main
V0405 02:54:07.399000 32888 torch\_inductor\codecache.py:1438] [0/0] [__output_code]     args = get_args()
V0405 02:54:07.399000 32888 torch\_inductor\codecache.py:1438] [0/0] [__output_code]     compiled_module_main('None', lambda times, repeat: benchmark_compiled_module(args, times=times, repeat=repeat))
V0405 02:54:07.399000 32888 torch\_inductor\codecache.py:1438] [0/0] [__output_code] 
V0405 02:54:07.400000 32888 torch\_inductor\codecache.py:1439] [0/0] [__output_code] Output code written to: C:\Users\adars\AppData\Local\Temp\torchinductor_adars\ca\ccafuzy4vstk7ti4vi4oa7m5gwaeddcokqbsb4rtcd6my67mddp3.py
V0405 02:54:07.496000 32888 torch\_inductor\codecache.py:1438] [0/0] [__output_code] Output code: 
V0405 02:54:07.496000 32888 torch\_inductor\codecache.py:1438] [0/0] [__output_code] # AOT ID: ['2_inference']
V0405 02:54:07.496000 32888 torch\_inductor\codecache.py:1438] [0/0] [__output_code] from ctypes import c_void_p, c_long, c_int
V0405 02:54:07.496000 32888 torch\_inductor\codecache.py:1438] [0/0] [__output_code] import torch
V0405 02:54:07.496000 32888 torch\_inductor\codecache.py:1438] [0/0] [__output_code] import math
V0405 02:54:07.496000 32888 torch\_inductor\codecache.py:1438] [0/0] [__output_code] import random
V0405 02:54:07.496000 32888 torch\_inductor\codecache.py:1438] [0/0] [__output_code] import os
V0405 02:54:07.496000 32888 torch\_inductor\codecache.py:1438] [0/0] [__output_code] import tempfile
V0405 02:54:07.496000 32888 torch\_inductor\codecache.py:1438] [0/0] [__output_code] from math import inf, nan
V0405 02:54:07.496000 32888 torch\_inductor\codecache.py:1438] [0/0] [__output_code] from cmath import nanj
V0405 02:54:07.496000 32888 torch\_inductor\codecache.py:1438] [0/0] [__output_code] from torch._inductor.hooks import run_intermediate_hooks
V0405 02:54:07.496000 32888 torch\_inductor\codecache.py:1438] [0/0] [__output_code] from torch._inductor.utils import maybe_profile
V0405 02:54:07.496000 32888 torch\_inductor\codecache.py:1438] [0/0] [__output_code] from torch._inductor.codegen.memory_planning import _align as align
V0405 02:54:07.496000 32888 torch\_inductor\codecache.py:1438] [0/0] [__output_code] from torch import device, empty_strided
V0405 02:54:07.496000 32888 torch\_inductor\codecache.py:1438] [0/0] [__output_code] from torch._inductor.async_compile import AsyncCompile
V0405 02:54:07.496000 32888 torch\_inductor\codecache.py:1438] [0/0] [__output_code] from torch._inductor.select_algorithm import extern_kernels
V0405 02:54:07.496000 32888 torch\_inductor\codecache.py:1438] [0/0] [__output_code] import triton
V0405 02:54:07.496000 32888 torch\_inductor\codecache.py:1438] [0/0] [__output_code] import triton.language as tl
V0405 02:54:07.496000 32888 torch\_inductor\codecache.py:1438] [0/0] [__output_code] from torch._inductor.runtime.triton_heuristics import start_graph, end_graph
V0405 02:54:07.496000 32888 torch\_inductor\codecache.py:1438] [0/0] [__output_code] from torch._C import _cuda_getCurrentRawStream as get_raw_stream
V0405 02:54:07.496000 32888 torch\_inductor\codecache.py:1438] [0/0] [__output_code] 
V0405 02:54:07.496000 32888 torch\_inductor\codecache.py:1438] [0/0] [__output_code] aten = torch.ops.aten
V0405 02:54:07.496000 32888 torch\_inductor\codecache.py:1438] [0/0] [__output_code] inductor_ops = torch.ops.inductor
V0405 02:54:07.496000 32888 torch\_inductor\codecache.py:1438] [0/0] [__output_code] _quantized = torch.ops._quantized
V0405 02:54:07.496000 32888 torch\_inductor\codecache.py:1438] [0/0] [__output_code] assert_size_stride = torch._C._dynamo.guards.assert_size_stride
V0405 02:54:07.496000 32888 torch\_inductor\codecache.py:1438] [0/0] [__output_code] assert_alignment = torch._C._dynamo.guards.assert_alignment
V0405 02:54:07.496000 32888 torch\_inductor\codecache.py:1438] [0/0] [__output_code] empty_strided_cpu = torch._C._dynamo.guards._empty_strided_cpu
V0405 02:54:07.496000 32888 torch\_inductor\codecache.py:1438] [0/0] [__output_code] empty_strided_cpu_pinned = torch._C._dynamo.guards._empty_strided_cpu_pinned
V0405 02:54:07.496000 32888 torch\_inductor\codecache.py:1438] [0/0] [__output_code] empty_strided_cuda = torch._C._dynamo.guards._empty_strided_cuda
V0405 02:54:07.496000 32888 torch\_inductor\codecache.py:1438] [0/0] [__output_code] empty_strided_xpu = torch._C._dynamo.guards._empty_strided_xpu
V0405 02:54:07.496000 32888 torch\_inductor\codecache.py:1438] [0/0] [__output_code] empty_strided_mtia = torch._C._dynamo.guards._empty_strided_mtia
V0405 02:54:07.496000 32888 torch\_inductor\codecache.py:1438] [0/0] [__output_code] reinterpret_tensor = torch._C._dynamo.guards._reinterpret_tensor
V0405 02:54:07.496000 32888 torch\_inductor\codecache.py:1438] [0/0] [__output_code] alloc_from_pool = torch.ops.inductor._alloc_from_pool
V0405 02:54:07.496000 32888 torch\_inductor\codecache.py:1438] [0/0] [__output_code] async_compile = AsyncCompile()
V0405 02:54:07.496000 32888 torch\_inductor\codecache.py:1438] [0/0] [__output_code] empty_strided_p2p = torch._C._distributed_c10d._SymmetricMemory.empty_strided_p2p
V0405 02:54:07.496000 32888 torch\_inductor\codecache.py:1438] [0/0] [__output_code] 
V0405 02:54:07.496000 32888 torch\_inductor\codecache.py:1438] [0/0] [__output_code] 
V0405 02:54:07.496000 32888 torch\_inductor\codecache.py:1438] [0/0] [__output_code] # kernel path: C:\Users\adars\AppData\Local\Temp\torchinductor_adars\t6\ct6bftv7jdrcikhobv4io2lejlo27kp7cwp6ktvqs3br72mb3dcs.py
V0405 02:54:07.496000 32888 torch\_inductor\codecache.py:1438] [0/0] [__output_code] # Topologically Sorted Source Nodes: [getitem, mul, add], Original ATen: [aten.unsqueeze, aten.mul, aten.add]
V0405 02:54:07.496000 32888 torch\_inductor\codecache.py:1438] [0/0] [__output_code] # Source node to ATen node mapping:
V0405 02:54:07.496000 32888 torch\_inductor\codecache.py:1438] [0/0] [__output_code] #   add => add
V0405 02:54:07.496000 32888 torch\_inductor\codecache.py:1438] [0/0] [__output_code] #   getitem => unsqueeze
V0405 02:54:07.496000 32888 torch\_inductor\codecache.py:1438] [0/0] [__output_code] #   mul => mul
V0405 02:54:07.496000 32888 torch\_inductor\codecache.py:1438] [0/0] [__output_code] # Graph fragment:
V0405 02:54:07.496000 32888 torch\_inductor\codecache.py:1438] [0/0] [__output_code] #   %arg3_1 : Tensor "bf16[4096, 512][512, 1]cuda:0" = PlaceHolder[target=arg3_1]
V0405 02:54:07.496000 32888 torch\_inductor\codecache.py:1438] [0/0] [__output_code] #   %arg0_1 : Tensor "bf16[512][1]cuda:0" = PlaceHolder[target=arg0_1]
V0405 02:54:07.496000 32888 torch\_inductor\codecache.py:1438] [0/0] [__output_code] #   %mm : Tensor "bf16[4096, 512][512, 1]cuda:0" = PlaceHolder[target=mm]
V0405 02:54:07.496000 32888 torch\_inductor\codecache.py:1438] [0/0] [__output_code] #   %unsqueeze : Tensor "bf16[1, 512][512, 1]cuda:0"[num_users=1] = call_function[target=torch.ops.aten.unsqueeze.default](args = (%arg0_1, 0), kwargs = {})
V0405 02:54:07.496000 32888 torch\_inductor\codecache.py:1438] [0/0] [__output_code] #   %mul : Tensor "bf16[4096, 512][512, 1]cuda:0"[num_users=1] = call_function[target=torch.ops.aten.mul.Tensor](args = (%unsqueeze, %mm), kwargs = {})
V0405 02:54:07.496000 32888 torch\_inductor\codecache.py:1438] [0/0] [__output_code] #   %add : Tensor "bf16[4096, 512][512, 1]cuda:0"[num_users=1] = call_function[target=torch.ops.aten.add.Tensor](args = (%arg3_1, %mul), kwargs = {})
V0405 02:54:07.496000 32888 torch\_inductor\codecache.py:1438] [0/0] [__output_code] #   return %add
V0405 02:54:07.496000 32888 torch\_inductor\codecache.py:1438] [0/0] [__output_code] triton_poi_fused_add_mul_unsqueeze_0 = async_compile.triton('triton_poi_fused_add_mul_unsqueeze_0', '''
V0405 02:54:07.496000 32888 torch\_inductor\codecache.py:1438] [0/0] [__output_code] import triton
V0405 02:54:07.496000 32888 torch\_inductor\codecache.py:1438] [0/0] [__output_code] import triton.language as tl
V0405 02:54:07.496000 32888 torch\_inductor\codecache.py:1438] [0/0] [__output_code] 
V0405 02:54:07.496000 32888 torch\_inductor\codecache.py:1438] [0/0] [__output_code] from torch._inductor.runtime import triton_helpers, triton_heuristics
V0405 02:54:07.496000 32888 torch\_inductor\codecache.py:1438] [0/0] [__output_code] from torch._inductor.runtime.triton_helpers import libdevice, math as tl_math
V0405 02:54:07.496000 32888 torch\_inductor\codecache.py:1438] [0/0] [__output_code] from torch._inductor.runtime.hints import AutotuneHint, ReductionHint, TileHint, DeviceProperties
V0405 02:54:07.496000 32888 torch\_inductor\codecache.py:1438] [0/0] [__output_code] triton_helpers.set_driver_to_gpu()
V0405 02:54:07.496000 32888 torch\_inductor\codecache.py:1438] [0/0] [__output_code] 
V0405 02:54:07.496000 32888 torch\_inductor\codecache.py:1438] [0/0] [__output_code] @triton_heuristics.pointwise(
V0405 02:54:07.496000 32888 torch\_inductor\codecache.py:1438] [0/0] [__output_code]     size_hints={'x': 2097152}, 
V0405 02:54:07.496000 32888 torch\_inductor\codecache.py:1438] [0/0] [__output_code]     filename=__file__,
V0405 02:54:07.496000 32888 torch\_inductor\codecache.py:1438] [0/0] [__output_code]     triton_meta={'signature': {'in_out_ptr0': '*bf16', 'in_ptr0': '*bf16', 'in_ptr1': '*bf16', 'xnumel': 'i32', 'XBLOCK': 'constexpr'}, 'device': DeviceProperties(type='cuda', index=0, multi_processor_count=46, cc=120, major=12, regs_per_multiprocessor=65536, max_threads_per_multi_processor=1536, max_threads_per_block=1024, warp_size=32), 'constants': {}, 'native_matmul': False, 'enable_fp_fusion': True, 'launch_pdl': False, 'disable_ftz': False, 'configs': [{(0,): [['tt.divisibility', 16]], (1,): [['tt.divisibility', 16]], (2,): [['tt.divisibility', 16]], (3,): [['tt.divisibility', 16]]}]},
V0405 02:54:07.496000 32888 torch\_inductor\codecache.py:1438] [0/0] [__output_code]     inductor_meta={'grid_type': 'Grid1D', 'autotune_hints': set(), 'kernel_name': 'triton_poi_fused_add_mul_unsqueeze_0', 'mutated_arg_names': ['in_out_ptr0'], 'optimize_mem': True, 'no_x_dim': False, 'atomic_add_found': False, 'num_load': 3, 'num_store': 1, 'num_reduction': 0, 'backend_hash': '852F9A3305D7C93EBEB502CE3BC231F01B01CE166A6FB3A43463667B2BACE826', 'assert_indirect_indexing': True, 'autotune_local_cache': True, 'autotune_pointwise': True, 'autotune_remote_cache': None, 'force_disable_caches': False, 'dynamic_scale_rblock': True, 'max_autotune': False, 'max_autotune_pointwise': False, 'min_split_scan_rblock': 256, 'spill_threshold': 16, 'store_cubin': False, 'deterministic': False, 'force_filter_reduction_configs': False, 'mix_order_reduction_allow_multi_stages': False, 'are_deterministic_algorithms_enabled': False, 'tiling_scores': {'x': 16778240}},
V0405 02:54:07.496000 32888 torch\_inductor\codecache.py:1438] [0/0] [__output_code]     min_elem_per_thread=0
V0405 02:54:07.496000 32888 torch\_inductor\codecache.py:1438] [0/0] [__output_code] )
V0405 02:54:07.496000 32888 torch\_inductor\codecache.py:1438] [0/0] [__output_code] @triton.jit
V0405 02:54:07.496000 32888 torch\_inductor\codecache.py:1438] [0/0] [__output_code] def triton_poi_fused_add_mul_unsqueeze_0(in_out_ptr0, in_ptr0, in_ptr1, xnumel, XBLOCK : tl.constexpr):
V0405 02:54:07.496000 32888 torch\_inductor\codecache.py:1438] [0/0] [__output_code]     xnumel = 2097152
V0405 02:54:07.496000 32888 torch\_inductor\codecache.py:1438] [0/0] [__output_code]     xoffset = tl.program_id(0) * XBLOCK
V0405 02:54:07.496000 32888 torch\_inductor\codecache.py:1438] [0/0] [__output_code]     xindex = xoffset + tl.arange(0, XBLOCK)[:]
V0405 02:54:07.496000 32888 torch\_inductor\codecache.py:1438] [0/0] [__output_code]     xmask = tl.full([XBLOCK], True, tl.int1)[:]
V0405 02:54:07.496000 32888 torch\_inductor\codecache.py:1438] [0/0] [__output_code]     x2 = xindex
V0405 02:54:07.496000 32888 torch\_inductor\codecache.py:1438] [0/0] [__output_code]     x0 = (xindex % 512)
V0405 02:54:07.496000 32888 torch\_inductor\codecache.py:1438] [0/0] [__output_code]     tmp0 = tl.load(in_ptr0 + (x2), None).to(tl.float32)
V0405 02:54:07.496000 32888 torch\_inductor\codecache.py:1438] [0/0] [__output_code]     tmp1 = tl.load(in_ptr1 + (x0), None, eviction_policy='evict_last').to(tl.float32)
V0405 02:54:07.496000 32888 torch\_inductor\codecache.py:1438] [0/0] [__output_code]     tmp2 = tl.load(in_out_ptr0 + (x2), None).to(tl.float32)
V0405 02:54:07.496000 32888 torch\_inductor\codecache.py:1438] [0/0] [__output_code]     tmp3 = tmp1 * tmp2
V0405 02:54:07.496000 32888 torch\_inductor\codecache.py:1438] [0/0] [__output_code]     tmp4 = tmp0 + tmp3
V0405 02:54:07.496000 32888 torch\_inductor\codecache.py:1438] [0/0] [__output_code]     tl.store(in_out_ptr0 + (x2), tmp4, None)
V0405 02:54:07.496000 32888 torch\_inductor\codecache.py:1438] [0/0] [__output_code] ''', device_str='cuda')
V0405 02:54:07.496000 32888 torch\_inductor\codecache.py:1438] [0/0] [__output_code] 
V0405 02:54:07.496000 32888 torch\_inductor\codecache.py:1438] [0/0] [__output_code] 
V0405 02:54:07.496000 32888 torch\_inductor\codecache.py:1438] [0/0] [__output_code] async_compile.wait(globals())
V0405 02:54:07.496000 32888 torch\_inductor\codecache.py:1438] [0/0] [__output_code] del async_compile
V0405 02:54:07.496000 32888 torch\_inductor\codecache.py:1438] [0/0] [__output_code] 
V0405 02:54:07.496000 32888 torch\_inductor\codecache.py:1438] [0/0] [__output_code] class Runner:
V0405 02:54:07.496000 32888 torch\_inductor\codecache.py:1438] [0/0] [__output_code]     def __init__(self, partitions):
V0405 02:54:07.496000 32888 torch\_inductor\codecache.py:1438] [0/0] [__output_code]         self.partitions = partitions
V0405 02:54:07.496000 32888 torch\_inductor\codecache.py:1438] [0/0] [__output_code] 
V0405 02:54:07.496000 32888 torch\_inductor\codecache.py:1438] [0/0] [__output_code]     def recursively_apply_fns(self, fns):
V0405 02:54:07.496000 32888 torch\_inductor\codecache.py:1438] [0/0] [__output_code]         new_callables = []
V0405 02:54:07.496000 32888 torch\_inductor\codecache.py:1438] [0/0] [__output_code]         for fn, c in zip(fns, self.partitions):
V0405 02:54:07.496000 32888 torch\_inductor\codecache.py:1438] [0/0] [__output_code]             new_callables.append(fn(c))
V0405 02:54:07.496000 32888 torch\_inductor\codecache.py:1438] [0/0] [__output_code]         self.partitions = new_callables
V0405 02:54:07.496000 32888 torch\_inductor\codecache.py:1438] [0/0] [__output_code] 
V0405 02:54:07.496000 32888 torch\_inductor\codecache.py:1438] [0/0] [__output_code]     def call(self, args):
V0405 02:54:07.496000 32888 torch\_inductor\codecache.py:1438] [0/0] [__output_code]         arg0_1, arg1_1, arg2_1, arg3_1 = args
V0405 02:54:07.496000 32888 torch\_inductor\codecache.py:1438] [0/0] [__output_code]         args.clear()
V0405 02:54:07.496000 32888 torch\_inductor\codecache.py:1438] [0/0] [__output_code]         assert_size_stride(arg0_1, (512, ), (1, ))
V0405 02:54:07.496000 32888 torch\_inductor\codecache.py:1438] [0/0] [__output_code]         assert_size_stride(arg1_1, (4096, 512), (512, 1))
V0405 02:54:07.496000 32888 torch\_inductor\codecache.py:1438] [0/0] [__output_code]         assert_size_stride(arg2_1, (512, 512), (512, 1))
V0405 02:54:07.496000 32888 torch\_inductor\codecache.py:1438] [0/0] [__output_code]         assert_size_stride(arg3_1, (4096, 512), (512, 1))
V0405 02:54:07.496000 32888 torch\_inductor\codecache.py:1438] [0/0] [__output_code]         with torch.cuda._DeviceGuard(0):
V0405 02:54:07.496000 32888 torch\_inductor\codecache.py:1438] [0/0] [__output_code]             torch.cuda.set_device(0)
V0405 02:54:07.496000 32888 torch\_inductor\codecache.py:1438] [0/0] [__output_code]             buf0 = empty_strided_cuda((4096, 512), (512, 1), torch.bfloat16)
V0405 02:54:07.496000 32888 torch\_inductor\codecache.py:1438] [0/0] [__output_code]             # Topologically Sorted Source Nodes: [linear], Original ATen: [aten.t, aten.mm]
V0405 02:54:07.496000 32888 torch\_inductor\codecache.py:1438] [0/0] [__output_code]             extern_kernels.mm(arg1_1, reinterpret_tensor(arg2_1, (512, 512), (1, 512), 0), out=buf0)
V0405 02:54:07.496000 32888 torch\_inductor\codecache.py:1438] [0/0] [__output_code]             del arg1_1
V0405 02:54:07.496000 32888 torch\_inductor\codecache.py:1438] [0/0] [__output_code]             del arg2_1
V0405 02:54:07.496000 32888 torch\_inductor\codecache.py:1438] [0/0] [__output_code]             buf1 = buf0; del buf0  # reuse
V0405 02:54:07.496000 32888 torch\_inductor\codecache.py:1438] [0/0] [__output_code]             # Topologically Sorted Source Nodes: [getitem, mul, add], Original ATen: [aten.unsqueeze, aten.mul, aten.add]
V0405 02:54:07.496000 32888 torch\_inductor\codecache.py:1438] [0/0] [__output_code]             stream0 = get_raw_stream(0)
V0405 02:54:07.496000 32888 torch\_inductor\codecache.py:1438] [0/0] [__output_code]             triton_poi_fused_add_mul_unsqueeze_0.run(buf1, arg3_1, arg0_1, 2097152, stream=stream0)
V0405 02:54:07.496000 32888 torch\_inductor\codecache.py:1438] [0/0] [__output_code]             del arg0_1
V0405 02:54:07.496000 32888 torch\_inductor\codecache.py:1438] [0/0] [__output_code]             del arg3_1
V0405 02:54:07.496000 32888 torch\_inductor\codecache.py:1438] [0/0] [__output_code]         return (buf1, )
V0405 02:54:07.496000 32888 torch\_inductor\codecache.py:1438] [0/0] [__output_code] 
V0405 02:54:07.496000 32888 torch\_inductor\codecache.py:1438] [0/0] [__output_code] runner = Runner(partitions=[])
V0405 02:54:07.496000 32888 torch\_inductor\codecache.py:1438] [0/0] [__output_code] call = runner.call
V0405 02:54:07.496000 32888 torch\_inductor\codecache.py:1438] [0/0] [__output_code] recursively_apply_fns = runner.recursively_apply_fns
V0405 02:54:07.496000 32888 torch\_inductor\codecache.py:1438] [0/0] [__output_code] 
V0405 02:54:07.496000 32888 torch\_inductor\codecache.py:1438] [0/0] [__output_code] 
V0405 02:54:07.496000 32888 torch\_inductor\codecache.py:1438] [0/0] [__output_code] def get_args():
V0405 02:54:07.496000 32888 torch\_inductor\codecache.py:1438] [0/0] [__output_code]     from torch._dynamo.testing import rand_strided
V0405 02:54:07.496000 32888 torch\_inductor\codecache.py:1438] [0/0] [__output_code]     arg0_1 = rand_strided((512, ), (1, ), device='cuda:0', dtype=torch.bfloat16)
V0405 02:54:07.496000 32888 torch\_inductor\codecache.py:1438] [0/0] [__output_code]     arg1_1 = rand_strided((4096, 512), (512, 1), device='cuda:0', dtype=torch.bfloat16)
V0405 02:54:07.496000 32888 torch\_inductor\codecache.py:1438] [0/0] [__output_code]     arg2_1 = rand_strided((512, 512), (512, 1), device='cuda:0', dtype=torch.bfloat16)
V0405 02:54:07.496000 32888 torch\_inductor\codecache.py:1438] [0/0] [__output_code]     arg3_1 = rand_strided((4096, 512), (512, 1), device='cuda:0', dtype=torch.bfloat16)
V0405 02:54:07.496000 32888 torch\_inductor\codecache.py:1438] [0/0] [__output_code]     return [arg0_1, arg1_1, arg2_1, arg3_1]
V0405 02:54:07.496000 32888 torch\_inductor\codecache.py:1438] [0/0] [__output_code] 
V0405 02:54:07.496000 32888 torch\_inductor\codecache.py:1438] [0/0] [__output_code] 
V0405 02:54:07.496000 32888 torch\_inductor\codecache.py:1438] [0/0] [__output_code] def benchmark_compiled_module(args, times=10, repeat=10):
V0405 02:54:07.496000 32888 torch\_inductor\codecache.py:1438] [0/0] [__output_code]     from torch._inductor.utils import print_performance
V0405 02:54:07.496000 32888 torch\_inductor\codecache.py:1438] [0/0] [__output_code]     fn = lambda: call(list(args))
V0405 02:54:07.496000 32888 torch\_inductor\codecache.py:1438] [0/0] [__output_code]     return print_performance(fn, times=times, repeat=repeat)
V0405 02:54:07.496000 32888 torch\_inductor\codecache.py:1438] [0/0] [__output_code] 
V0405 02:54:07.496000 32888 torch\_inductor\codecache.py:1438] [0/0] [__output_code] 
V0405 02:54:07.496000 32888 torch\_inductor\codecache.py:1438] [0/0] [__output_code] if __name__ == "__main__":
V0405 02:54:07.496000 32888 torch\_inductor\codecache.py:1438] [0/0] [__output_code]     from torch._inductor.wrapper_benchmark import compiled_module_main
V0405 02:54:07.496000 32888 torch\_inductor\codecache.py:1438] [0/0] [__output_code]     args = get_args()
V0405 02:54:07.496000 32888 torch\_inductor\codecache.py:1438] [0/0] [__output_code]     compiled_module_main('None', lambda times, repeat: benchmark_compiled_module(args, times=times, repeat=repeat))
V0405 02:54:07.496000 32888 torch\_inductor\codecache.py:1438] [0/0] [__output_code] 
V0405 02:54:07.496000 32888 torch\_inductor\codecache.py:1439] [0/0] [__output_code] Output code written to: C:\Users\adars\AppData\Local\Temp\torchinductor_adars\jm\cjm7h6uamzhnizo6hnz2w2su2tkkcxyvm6k3h5goz3bw5gvsmpaq.py
W0405 02:54:07.821000 32888 torch\_inductor\utils.py:1707] [0/0] Not enough SMs to use max_autotune_gemm mode
V0405 02:54:07.896000 32888 torch\_inductor\graph.py:2652] [0/0] [__output_code] Output code: 
V0405 02:54:07.896000 32888 torch\_inductor\graph.py:2652] [0/0] [__output_code] # AOT ID: ['3_inference']
V0405 02:54:07.896000 32888 torch\_inductor\graph.py:2652] [0/0] [__output_code] from ctypes import c_void_p, c_long, c_int
V0405 02:54:07.896000 32888 torch\_inductor\graph.py:2652] [0/0] [__output_code] import torch
V0405 02:54:07.896000 32888 torch\_inductor\graph.py:2652] [0/0] [__output_code] import math
V0405 02:54:07.896000 32888 torch\_inductor\graph.py:2652] [0/0] [__output_code] import random
V0405 02:54:07.896000 32888 torch\_inductor\graph.py:2652] [0/0] [__output_code] import os
V0405 02:54:07.896000 32888 torch\_inductor\graph.py:2652] [0/0] [__output_code] import tempfile
V0405 02:54:07.896000 32888 torch\_inductor\graph.py:2652] [0/0] [__output_code] from math import inf, nan
V0405 02:54:07.896000 32888 torch\_inductor\graph.py:2652] [0/0] [__output_code] from cmath import nanj
V0405 02:54:07.896000 32888 torch\_inductor\graph.py:2652] [0/0] [__output_code] from torch._inductor.hooks import run_intermediate_hooks
V0405 02:54:07.896000 32888 torch\_inductor\graph.py:2652] [0/0] [__output_code] from torch._inductor.utils import maybe_profile
V0405 02:54:07.896000 32888 torch\_inductor\graph.py:2652] [0/0] [__output_code] from torch._inductor.codegen.memory_planning import _align as align
V0405 02:54:07.896000 32888 torch\_inductor\graph.py:2652] [0/0] [__output_code] from torch import device, empty_strided
V0405 02:54:07.896000 32888 torch\_inductor\graph.py:2652] [0/0] [__output_code] from torch._inductor.async_compile import AsyncCompile
V0405 02:54:07.896000 32888 torch\_inductor\graph.py:2652] [0/0] [__output_code] from torch._inductor.select_algorithm import extern_kernels
V0405 02:54:07.896000 32888 torch\_inductor\graph.py:2652] [0/0] [__output_code] import triton
V0405 02:54:07.896000 32888 torch\_inductor\graph.py:2652] [0/0] [__output_code] import triton.language as tl
V0405 02:54:07.896000 32888 torch\_inductor\graph.py:2652] [0/0] [__output_code] from torch._inductor.runtime.triton_heuristics import start_graph, end_graph
V0405 02:54:07.896000 32888 torch\_inductor\graph.py:2652] [0/0] [__output_code] from torch._C import _cuda_getCurrentRawStream as get_raw_stream
V0405 02:54:07.896000 32888 torch\_inductor\graph.py:2652] [0/0] [__output_code] 
V0405 02:54:07.896000 32888 torch\_inductor\graph.py:2652] [0/0] [__output_code] aten = torch.ops.aten
V0405 02:54:07.896000 32888 torch\_inductor\graph.py:2652] [0/0] [__output_code] inductor_ops = torch.ops.inductor
V0405 02:54:07.896000 32888 torch\_inductor\graph.py:2652] [0/0] [__output_code] _quantized = torch.ops._quantized
V0405 02:54:07.896000 32888 torch\_inductor\graph.py:2652] [0/0] [__output_code] assert_size_stride = torch._C._dynamo.guards.assert_size_stride
V0405 02:54:07.896000 32888 torch\_inductor\graph.py:2652] [0/0] [__output_code] assert_alignment = torch._C._dynamo.guards.assert_alignment
V0405 02:54:07.896000 32888 torch\_inductor\graph.py:2652] [0/0] [__output_code] empty_strided_cpu = torch._C._dynamo.guards._empty_strided_cpu
V0405 02:54:07.896000 32888 torch\_inductor\graph.py:2652] [0/0] [__output_code] empty_strided_cpu_pinned = torch._C._dynamo.guards._empty_strided_cpu_pinned
V0405 02:54:07.896000 32888 torch\_inductor\graph.py:2652] [0/0] [__output_code] empty_strided_cuda = torch._C._dynamo.guards._empty_strided_cuda
V0405 02:54:07.896000 32888 torch\_inductor\graph.py:2652] [0/0] [__output_code] empty_strided_xpu = torch._C._dynamo.guards._empty_strided_xpu
V0405 02:54:07.896000 32888 torch\_inductor\graph.py:2652] [0/0] [__output_code] empty_strided_mtia = torch._C._dynamo.guards._empty_strided_mtia
V0405 02:54:07.896000 32888 torch\_inductor\graph.py:2652] [0/0] [__output_code] reinterpret_tensor = torch._C._dynamo.guards._reinterpret_tensor
V0405 02:54:07.896000 32888 torch\_inductor\graph.py:2652] [0/0] [__output_code] alloc_from_pool = torch.ops.inductor._alloc_from_pool
V0405 02:54:07.896000 32888 torch\_inductor\graph.py:2652] [0/0] [__output_code] async_compile = AsyncCompile()
V0405 02:54:07.896000 32888 torch\_inductor\graph.py:2652] [0/0] [__output_code] empty_strided_p2p = torch._C._distributed_c10d._SymmetricMemory.empty_strided_p2p
V0405 02:54:07.896000 32888 torch\_inductor\graph.py:2652] [0/0] [__output_code] 
V0405 02:54:07.896000 32888 torch\_inductor\graph.py:2652] [0/0] [__output_code] 
V0405 02:54:07.896000 32888 torch\_inductor\graph.py:2652] [0/0] [__output_code] # kernel path: C:\Users\adars\AppData\Local\Temp\torchinductor_adars\v4\cv43yjm45folxibeq6klqtsparsnr4cmnm6fahgidsvroj4m45cf.py
V0405 02:54:07.896000 32888 torch\_inductor\graph.py:2652] [0/0] [__output_code] # Topologically Sorted Source Nodes: [rms_norm, normed], Original ATen: [aten._fused_rms_norm, aten.mul]
V0405 02:54:07.896000 32888 torch\_inductor\graph.py:2652] [0/0] [__output_code] # Source node to ATen node mapping:
V0405 02:54:07.896000 32888 torch\_inductor\graph.py:2652] [0/0] [__output_code] #   normed => mul_1
V0405 02:54:07.896000 32888 torch\_inductor\graph.py:2652] [0/0] [__output_code] #   rms_norm => add, convert_element_type, convert_element_type_1, mean, mul, pow_1, rsqrt
V0405 02:54:07.896000 32888 torch\_inductor\graph.py:2652] [0/0] [__output_code] # Graph fragment:
V0405 02:54:07.896000 32888 torch\_inductor\graph.py:2652] [0/0] [__output_code] #   %arg0_1 : Tensor "bf16[4096, 512][512, 1]cuda:0" = PlaceHolder[target=arg0_1]
V0405 02:54:07.896000 32888 torch\_inductor\graph.py:2652] [0/0] [__output_code] #   %buf0 : Tensor "f32[4096, 1][1, 4096]cuda:0" = PlaceHolder[target=buf0]
V0405 02:54:07.896000 32888 torch\_inductor\graph.py:2652] [0/0] [__output_code] #   %arg1_1 : Tensor "bf16[][]cuda:0" = PlaceHolder[target=arg1_1]
V0405 02:54:07.896000 32888 torch\_inductor\graph.py:2652] [0/0] [__output_code] #   %convert_element_type : Tensor "f32[4096, 512][512, 1]cuda:0"[num_users=2] = call_function[target=torch.ops.prims.convert_element_type.default](args = (%arg0_1, torch.float32), kwargs = {})
V0405 02:54:07.896000 32888 torch\_inductor\graph.py:2652] [0/0] [__output_code] #   %pow_1 : Tensor "f32[4096, 512][512, 1]cuda:0"[num_users=1] = call_function[target=torch.ops.aten.pow.Tensor_Scalar](args = (%convert_element_type, 2), kwargs = {})
V0405 02:54:07.896000 32888 torch\_inductor\graph.py:2652] [0/0] [__output_code] #   %mean : Tensor "f32[4096, 1][1, 1]cuda:0"[num_users=1] = call_function[target=torch.ops.aten.mean.dim](args = (%pow_1, [1], True), kwargs = {})
V0405 02:54:07.896000 32888 torch\_inductor\graph.py:2652] [0/0] [__output_code] #   %add : Tensor "f32[4096, 1][1, 1]cuda:0"[num_users=1] = call_function[target=torch.ops.aten.add.Scalar](args = (%mean, 1.1920928955078125e-07), kwargs = {})
V0405 02:54:07.896000 32888 torch\_inductor\graph.py:2652] [0/0] [__output_code] #   %rsqrt : Tensor "f32[4096, 1][1, 1]cuda:0"[num_users=1] = call_function[target=torch.ops.aten.rsqrt.default](args = (%add,), kwargs = {})
V0405 02:54:07.896000 32888 torch\_inductor\graph.py:2652] [0/0] [__output_code] #   %mul : Tensor "f32[4096, 512][512, 1]cuda:0"[num_users=1] = call_function[target=torch.ops.aten.mul.Tensor](args = (%convert_element_type, %rsqrt), kwargs = {})
V0405 02:54:07.896000 32888 torch\_inductor\graph.py:2652] [0/0] [__output_code] #   %convert_element_type_1 : Tensor "bf16[4096, 512][512, 1]cuda:0"[num_users=1] = call_function[target=torch.ops.prims.convert_element_type.default](args = (%mul, torch.bfloat16), kwargs = {})
V0405 02:54:07.896000 32888 torch\_inductor\graph.py:2652] [0/0] [__output_code] #   %mul_1 : Tensor "bf16[4096, 512][512, 1]cuda:0"[num_users=1] = call_function[target=torch.ops.aten.mul.Tensor](args = (%convert_element_type_1, %arg1_1), kwargs = {})
V0405 02:54:07.896000 32888 torch\_inductor\graph.py:2652] [0/0] [__output_code] #   return %buf0,%mul_1
V0405 02:54:07.896000 32888 torch\_inductor\graph.py:2652] [0/0] [__output_code] triton_per_fused__fused_rms_norm_mul_0 = async_compile.triton('triton_per_fused__fused_rms_norm_mul_0', '''
V0405 02:54:07.896000 32888 torch\_inductor\graph.py:2652] [0/0] [__output_code] import triton
V0405 02:54:07.896000 32888 torch\_inductor\graph.py:2652] [0/0] [__output_code] import triton.language as tl
V0405 02:54:07.896000 32888 torch\_inductor\graph.py:2652] [0/0] [__output_code] 
V0405 02:54:07.896000 32888 torch\_inductor\graph.py:2652] [0/0] [__output_code] from torch._inductor.runtime import triton_helpers, triton_heuristics
V0405 02:54:07.896000 32888 torch\_inductor\graph.py:2652] [0/0] [__output_code] from torch._inductor.runtime.triton_helpers import libdevice, math as tl_math
V0405 02:54:07.896000 32888 torch\_inductor\graph.py:2652] [0/0] [__output_code] from torch._inductor.runtime.hints import AutotuneHint, ReductionHint, TileHint, DeviceProperties
V0405 02:54:07.896000 32888 torch\_inductor\graph.py:2652] [0/0] [__output_code] triton_helpers.set_driver_to_gpu()
V0405 02:54:07.896000 32888 torch\_inductor\graph.py:2652] [0/0] [__output_code] 
V0405 02:54:07.896000 32888 torch\_inductor\graph.py:2652] [0/0] [__output_code] @triton_heuristics.persistent_reduction(
V0405 02:54:07.896000 32888 torch\_inductor\graph.py:2652] [0/0] [__output_code]     size_hints={'x': 4096, 'r0_': 512},
V0405 02:54:07.896000 32888 torch\_inductor\graph.py:2652] [0/0] [__output_code]     reduction_hint=ReductionHint.INNER,
V0405 02:54:07.896000 32888 torch\_inductor\graph.py:2652] [0/0] [__output_code]     filename=__file__,
V0405 02:54:07.896000 32888 torch\_inductor\graph.py:2652] [0/0] [__output_code]     triton_meta={'signature': {'in_ptr0': '*bf16', 'in_ptr1': '*bf16', 'out_ptr1': '*bf16', 'xnumel': 'i32', 'r0_numel': 'i32', 'XBLOCK': 'constexpr'}, 'device': DeviceProperties(type='cuda', index=0, multi_processor_count=46, cc=120, major=12, regs_per_multiprocessor=65536, max_threads_per_multi_processor=1536, max_threads_per_block=1024, warp_size=32), 'constants': {}, 'native_matmul': False, 'enable_fp_fusion': True, 'launch_pdl': False, 'disable_ftz': False, 'configs': [{(0,): [['tt.divisibility', 16]], (1,): [['tt.divisibility', 16]], (2,): [['tt.divisibility', 16]], (3,): [['tt.divisibility', 16]], (4,): [['tt.divisibility', 16]]}]},
V0405 02:54:07.896000 32888 torch\_inductor\graph.py:2652] [0/0] [__output_code]     inductor_meta={'grid_type': 'Grid1D', 'autotune_hints': set(), 'kernel_name': 'triton_per_fused__fused_rms_norm_mul_0', 'mutated_arg_names': [], 'optimize_mem': True, 'no_x_dim': None, 'atomic_add_found': False, 'num_load': 2, 'num_store': 1, 'num_reduction': 1, 'backend_hash': '852F9A3305D7C93EBEB502CE3BC231F01B01CE166A6FB3A43463667B2BACE826', 'assert_indirect_indexing': True, 'autotune_local_cache': True, 'autotune_pointwise': True, 'autotune_remote_cache': None, 'force_disable_caches': False, 'dynamic_scale_rblock': True, 'max_autotune': False, 'max_autotune_pointwise': False, 'min_split_scan_rblock': 256, 'spill_threshold': 16, 'store_cubin': False, 'deterministic': False, 'force_filter_reduction_configs': False, 'mix_order_reduction_allow_multi_stages': False, 'are_deterministic_algorithms_enabled': False, 'tiling_scores': {'x': 0, 'r0_': 12582912}}
V0405 02:54:07.896000 32888 torch\_inductor\graph.py:2652] [0/0] [__output_code] )
V0405 02:54:07.896000 32888 torch\_inductor\graph.py:2652] [0/0] [__output_code] @triton.jit
V0405 02:54:07.896000 32888 torch\_inductor\graph.py:2652] [0/0] [__output_code] def triton_per_fused__fused_rms_norm_mul_0(in_ptr0, in_ptr1, out_ptr1, xnumel, r0_numel, XBLOCK : tl.constexpr):
V0405 02:54:07.896000 32888 torch\_inductor\graph.py:2652] [0/0] [__output_code]     xnumel = 4096
V0405 02:54:07.896000 32888 torch\_inductor\graph.py:2652] [0/0] [__output_code]     r0_numel = 512
V0405 02:54:07.896000 32888 torch\_inductor\graph.py:2652] [0/0] [__output_code]     R0_BLOCK: tl.constexpr = 512
V0405 02:54:07.896000 32888 torch\_inductor\graph.py:2652] [0/0] [__output_code]     rnumel = r0_numel
V0405 02:54:07.896000 32888 torch\_inductor\graph.py:2652] [0/0] [__output_code]     RBLOCK: tl.constexpr = R0_BLOCK
V0405 02:54:07.896000 32888 torch\_inductor\graph.py:2652] [0/0] [__output_code]     xoffset = tl.program_id(0) * XBLOCK
V0405 02:54:07.896000 32888 torch\_inductor\graph.py:2652] [0/0] [__output_code]     xindex = xoffset + tl.arange(0, XBLOCK)[:, None]
V0405 02:54:07.896000 32888 torch\_inductor\graph.py:2652] [0/0] [__output_code]     xmask = tl.full([XBLOCK], True, tl.int1)[:, None]
V0405 02:54:07.896000 32888 torch\_inductor\graph.py:2652] [0/0] [__output_code]     r0_index = tl.arange(0, R0_BLOCK)[None, :]
V0405 02:54:07.896000 32888 torch\_inductor\graph.py:2652] [0/0] [__output_code]     r0_offset = 0
V0405 02:54:07.896000 32888 torch\_inductor\graph.py:2652] [0/0] [__output_code]     r0_mask = tl.full([R0_BLOCK], True, tl.int1)[None, :]
V0405 02:54:07.896000 32888 torch\_inductor\graph.py:2652] [0/0] [__output_code]     roffset = r0_offset
V0405 02:54:07.896000 32888 torch\_inductor\graph.py:2652] [0/0] [__output_code]     rindex = r0_index
V0405 02:54:07.896000 32888 torch\_inductor\graph.py:2652] [0/0] [__output_code]     r0_1 = r0_index
V0405 02:54:07.896000 32888 torch\_inductor\graph.py:2652] [0/0] [__output_code]     x0 = xindex
V0405 02:54:07.896000 32888 torch\_inductor\graph.py:2652] [0/0] [__output_code]     tmp0 = tl.load(in_ptr0 + (r0_1 + 512*x0), None).to(tl.float32)
V0405 02:54:07.896000 32888 torch\_inductor\graph.py:2652] [0/0] [__output_code]     tmp13 = tl.load(in_ptr1 + (0)).to(tl.float32)
V0405 02:54:07.896000 32888 torch\_inductor\graph.py:2652] [0/0] [__output_code]     tmp14 = tl.broadcast_to(tmp13, [1, 1])
V0405 02:54:07.896000 32888 torch\_inductor\graph.py:2652] [0/0] [__output_code]     tmp1 = tmp0.to(tl.float32)
V0405 02:54:07.896000 32888 torch\_inductor\graph.py:2652] [0/0] [__output_code]     tmp2 = tmp1 * tmp1
V0405 02:54:07.896000 32888 torch\_inductor\graph.py:2652] [0/0] [__output_code]     tmp3 = tl.broadcast_to(tmp2, [XBLOCK, R0_BLOCK])
V0405 02:54:07.896000 32888 torch\_inductor\graph.py:2652] [0/0] [__output_code]     tmp5 = tl.sum(tmp3, 1)[:, None].to(tl.float32)
V0405 02:54:07.896000 32888 torch\_inductor\graph.py:2652] [0/0] [__output_code]     tmp6 = tl.full([1, 1], 512.0, tl.float32)
V0405 02:54:07.896000 32888 torch\_inductor\graph.py:2652] [0/0] [__output_code]     tmp7 = (tmp5 / tmp6)
V0405 02:54:07.896000 32888 torch\_inductor\graph.py:2652] [0/0] [__output_code]     tmp8 = tl.full([1, 1], 1.1920928955078125e-07, tl.float32)
V0405 02:54:07.896000 32888 torch\_inductor\graph.py:2652] [0/0] [__output_code]     tmp9 = tmp7 + tmp8
V0405 02:54:07.896000 32888 torch\_inductor\graph.py:2652] [0/0] [__output_code]     tmp10 = libdevice.rsqrt(tmp9)
V0405 02:54:07.896000 32888 torch\_inductor\graph.py:2652] [0/0] [__output_code]     tmp11 = tmp1 * tmp10
V0405 02:54:07.896000 32888 torch\_inductor\graph.py:2652] [0/0] [__output_code]     tmp12 = tmp11.to(tl.float32)
V0405 02:54:07.896000 32888 torch\_inductor\graph.py:2652] [0/0] [__output_code]     tmp15 = tmp12 * tmp14
V0405 02:54:07.896000 32888 torch\_inductor\graph.py:2652] [0/0] [__output_code]     tl.store(out_ptr1 + (r0_1 + 512*x0), tmp15, None)
V0405 02:54:07.896000 32888 torch\_inductor\graph.py:2652] [0/0] [__output_code] ''', device_str='cuda')
V0405 02:54:07.896000 32888 torch\_inductor\graph.py:2652] [0/0] [__output_code] 
V0405 02:54:07.896000 32888 torch\_inductor\graph.py:2652] [0/0] [__output_code] 
V0405 02:54:07.896000 32888 torch\_inductor\graph.py:2652] [0/0] [__output_code] # kernel path: C:\Users\adars\AppData\Local\Temp\torchinductor_adars\nu\cnuszvvogtw3g77v3zzqnjogmy6hwmgvtt3nqx4cr3v6xxfwjwfv.py
V0405 02:54:07.896000 32888 torch\_inductor\graph.py:2652] [0/0] [__output_code] # Topologically Sorted Source Nodes: [h, square], Original ATen: [aten.leaky_relu, aten.pow]
V0405 02:54:07.896000 32888 torch\_inductor\graph.py:2652] [0/0] [__output_code] # Source node to ATen node mapping:
V0405 02:54:07.896000 32888 torch\_inductor\graph.py:2652] [0/0] [__output_code] #   h => convert_element_type_4, convert_element_type_5, gt, mul_2, where
V0405 02:54:07.896000 32888 torch\_inductor\graph.py:2652] [0/0] [__output_code] #   square => pow_2
V0405 02:54:07.896000 32888 torch\_inductor\graph.py:2652] [0/0] [__output_code] # Graph fragment:
V0405 02:54:07.896000 32888 torch\_inductor\graph.py:2652] [0/0] [__output_code] #   %mm : Tensor "bf16[4096, 1536][1536, 1]cuda:0" = PlaceHolder[target=mm]
V0405 02:54:07.896000 32888 torch\_inductor\graph.py:2652] [0/0] [__output_code] #   %convert_element_type_4 : Tensor "f32[4096, 1536][1536, 1]cuda:0"[num_users=3] = call_function[target=torch.ops.prims.convert_element_type.default](args = (%mm, torch.float32), kwargs = {})
V0405 02:54:07.896000 32888 torch\_inductor\graph.py:2652] [0/0] [__output_code] #   %gt : Tensor "b8[4096, 1536][1536, 1]cuda:0"[num_users=1] = call_function[target=torch.ops.aten.gt.Scalar](args = (%convert_element_type_4, 0), kwargs = {})
V0405 02:54:07.896000 32888 torch\_inductor\graph.py:2652] [0/0] [__output_code] #   %mul_2 : Tensor "f32[4096, 1536][1536, 1]cuda:0"[num_users=1] = call_function[target=torch.ops.aten.mul.Tensor](args = (%convert_element_type_4, 0.5), kwargs = {})
V0405 02:54:07.896000 32888 torch\_inductor\graph.py:2652] [0/0] [__output_code] #   %where : Tensor "f32[4096, 1536][1536, 1]cuda:0"[num_users=1] = call_function[target=torch.ops.aten.where.self](args = (%gt, %convert_element_type_4, %mul_2), kwargs = {})
V0405 02:54:07.896000 32888 torch\_inductor\graph.py:2652] [0/0] [__output_code] #   %convert_element_type_5 : Tensor "bf16[4096, 1536][1536, 1]cuda:0"[num_users=1] = call_function[target=torch.ops.prims.convert_element_type.default](args = (%where, torch.bfloat16), kwargs = {})
V0405 02:54:07.896000 32888 torch\_inductor\graph.py:2652] [0/0] [__output_code] #   %pow_2 : Tensor "bf16[4096, 1536][1536, 1]cuda:0"[num_users=1] = call_function[target=torch.ops.aten.pow.Tensor_Scalar](args = (%convert_element_type_5, 2), kwargs = {})
V0405 02:54:07.896000 32888 torch\_inductor\graph.py:2652] [0/0] [__output_code] #   return %pow_2
V0405 02:54:07.896000 32888 torch\_inductor\graph.py:2652] [0/0] [__output_code] triton_poi_fused_leaky_relu_pow_1 = async_compile.triton('triton_poi_fused_leaky_relu_pow_1', '''
V0405 02:54:07.896000 32888 torch\_inductor\graph.py:2652] [0/0] [__output_code] import triton
V0405 02:54:07.896000 32888 torch\_inductor\graph.py:2652] [0/0] [__output_code] import triton.language as tl
V0405 02:54:07.896000 32888 torch\_inductor\graph.py:2652] [0/0] [__output_code] 
V0405 02:54:07.896000 32888 torch\_inductor\graph.py:2652] [0/0] [__output_code] from torch._inductor.runtime import triton_helpers, triton_heuristics
V0405 02:54:07.896000 32888 torch\_inductor\graph.py:2652] [0/0] [__output_code] from torch._inductor.runtime.triton_helpers import libdevice, math as tl_math
V0405 02:54:07.896000 32888 torch\_inductor\graph.py:2652] [0/0] [__output_code] from torch._inductor.runtime.hints import AutotuneHint, ReductionHint, TileHint, DeviceProperties
V0405 02:54:07.896000 32888 torch\_inductor\graph.py:2652] [0/0] [__output_code] triton_helpers.set_driver_to_gpu()
V0405 02:54:07.896000 32888 torch\_inductor\graph.py:2652] [0/0] [__output_code] 
V0405 02:54:07.896000 32888 torch\_inductor\graph.py:2652] [0/0] [__output_code] @triton_heuristics.pointwise(
V0405 02:54:07.896000 32888 torch\_inductor\graph.py:2652] [0/0] [__output_code]     size_hints={'x': 8388608}, 
V0405 02:54:07.896000 32888 torch\_inductor\graph.py:2652] [0/0] [__output_code]     filename=__file__,
V0405 02:54:07.896000 32888 torch\_inductor\graph.py:2652] [0/0] [__output_code]     triton_meta={'signature': {'in_out_ptr0': '*bf16', 'xnumel': 'i32', 'XBLOCK': 'constexpr'}, 'device': DeviceProperties(type='cuda', index=0, multi_processor_count=46, cc=120, major=12, regs_per_multiprocessor=65536, max_threads_per_multi_processor=1536, max_threads_per_block=1024, warp_size=32), 'constants': {}, 'native_matmul': False, 'enable_fp_fusion': True, 'launch_pdl': False, 'disable_ftz': False, 'configs': [{(0,): [['tt.divisibility', 16]], (1,): [['tt.divisibility', 16]]}]},
V0405 02:54:07.896000 32888 torch\_inductor\graph.py:2652] [0/0] [__output_code]     inductor_meta={'grid_type': 'Grid1D', 'autotune_hints': set(), 'kernel_name': 'triton_poi_fused_leaky_relu_pow_1', 'mutated_arg_names': ['in_out_ptr0'], 'optimize_mem': True, 'no_x_dim': False, 'atomic_add_found': False, 'num_load': 1, 'num_store': 1, 'num_reduction': 0, 'backend_hash': '852F9A3305D7C93EBEB502CE3BC231F01B01CE166A6FB3A43463667B2BACE826', 'assert_indirect_indexing': True, 'autotune_local_cache': True, 'autotune_pointwise': True, 'autotune_remote_cache': None, 'force_disable_caches': False, 'dynamic_scale_rblock': True, 'max_autotune': False, 'max_autotune_pointwise': False, 'min_split_scan_rblock': 256, 'spill_threshold': 16, 'store_cubin': False, 'deterministic': False, 'force_filter_reduction_configs': False, 'mix_order_reduction_allow_multi_stages': False, 'are_deterministic_algorithms_enabled': False, 'tiling_scores': {'x': 37748736}},
V0405 02:54:07.896000 32888 torch\_inductor\graph.py:2652] [0/0] [__output_code]     min_elem_per_thread=0
V0405 02:54:07.896000 32888 torch\_inductor\graph.py:2652] [0/0] [__output_code] )
V0405 02:54:07.896000 32888 torch\_inductor\graph.py:2652] [0/0] [__output_code] @triton.jit
V0405 02:54:07.896000 32888 torch\_inductor\graph.py:2652] [0/0] [__output_code] def triton_poi_fused_leaky_relu_pow_1(in_out_ptr0, xnumel, XBLOCK : tl.constexpr):
V0405 02:54:07.896000 32888 torch\_inductor\graph.py:2652] [0/0] [__output_code]     xnumel = 6291456
V0405 02:54:07.896000 32888 torch\_inductor\graph.py:2652] [0/0] [__output_code]     xoffset = tl.program_id(0) * XBLOCK
V0405 02:54:07.896000 32888 torch\_inductor\graph.py:2652] [0/0] [__output_code]     xindex = xoffset + tl.arange(0, XBLOCK)[:]
V0405 02:54:07.896000 32888 torch\_inductor\graph.py:2652] [0/0] [__output_code]     xmask = tl.full([XBLOCK], True, tl.int1)[:]
V0405 02:54:07.896000 32888 torch\_inductor\graph.py:2652] [0/0] [__output_code]     x0 = xindex
V0405 02:54:07.896000 32888 torch\_inductor\graph.py:2652] [0/0] [__output_code]     tmp0 = tl.load(in_out_ptr0 + (x0), None).to(tl.float32)
V0405 02:54:07.896000 32888 torch\_inductor\graph.py:2652] [0/0] [__output_code]     tmp1 = tmp0.to(tl.float32)
V0405 02:54:07.896000 32888 torch\_inductor\graph.py:2652] [0/0] [__output_code]     tmp2 = tl.full([1], 0.0, tl.float32)
V0405 02:54:07.896000 32888 torch\_inductor\graph.py:2652] [0/0] [__output_code]     tmp3 = tmp1 > tmp2
V0405 02:54:07.896000 32888 torch\_inductor\graph.py:2652] [0/0] [__output_code]     tmp4 = tl.full([1], 0.5, tl.float32)
V0405 02:54:07.896000 32888 torch\_inductor\graph.py:2652] [0/0] [__output_code]     tmp5 = tmp1 * tmp4
V0405 02:54:07.896000 32888 torch\_inductor\graph.py:2652] [0/0] [__output_code]     tmp6 = tl.where(tmp3, tmp1, tmp5)
V0405 02:54:07.896000 32888 torch\_inductor\graph.py:2652] [0/0] [__output_code]     tmp7 = tmp6.to(tl.float32)
V0405 02:54:07.896000 32888 torch\_inductor\graph.py:2652] [0/0] [__output_code]     tmp8 = tmp7 * tmp7
V0405 02:54:07.896000 32888 torch\_inductor\graph.py:2652] [0/0] [__output_code]     tl.store(in_out_ptr0 + (x0), tmp8, None)
V0405 02:54:07.896000 32888 torch\_inductor\graph.py:2652] [0/0] [__output_code] ''', device_str='cuda')
V0405 02:54:07.896000 32888 torch\_inductor\graph.py:2652] [0/0] [__output_code] 
V0405 02:54:07.896000 32888 torch\_inductor\graph.py:2652] [0/0] [__output_code] 
V0405 02:54:07.896000 32888 torch\_inductor\graph.py:2652] [0/0] [__output_code] # kernel path: C:\Users\adars\AppData\Local\Temp\torchinductor_adars\6s\c6s7f7vh7m3bkgr4d3wsnjccftfcbe77fxgbwyrjy3sswi5usaju.py
V0405 02:54:07.896000 32888 torch\_inductor\graph.py:2652] [0/0] [__output_code] # Topologically Sorted Source Nodes: [getitem, mul_1, add], Original ATen: [aten.unsqueeze, aten.mul, aten.add]
V0405 02:54:07.896000 32888 torch\_inductor\graph.py:2652] [0/0] [__output_code] # Source node to ATen node mapping:
V0405 02:54:07.896000 32888 torch\_inductor\graph.py:2652] [0/0] [__output_code] #   add => add_1
V0405 02:54:07.896000 32888 torch\_inductor\graph.py:2652] [0/0] [__output_code] #   getitem => unsqueeze
V0405 02:54:07.896000 32888 torch\_inductor\graph.py:2652] [0/0] [__output_code] #   mul_1 => mul_3
V0405 02:54:07.896000 32888 torch\_inductor\graph.py:2652] [0/0] [__output_code] # Graph fragment:
V0405 02:54:07.896000 32888 torch\_inductor\graph.py:2652] [0/0] [__output_code] #   %arg0_1 : Tensor "bf16[4096, 512][512, 1]cuda:0" = PlaceHolder[target=arg0_1]
V0405 02:54:07.896000 32888 torch\_inductor\graph.py:2652] [0/0] [__output_code] #   %arg4_1 : Tensor "bf16[512][1]cuda:0" = PlaceHolder[target=arg4_1]
V0405 02:54:07.896000 32888 torch\_inductor\graph.py:2652] [0/0] [__output_code] #   %mm_1 : Tensor "bf16[4096, 512][512, 1]cuda:0" = PlaceHolder[target=mm_1]
V0405 02:54:07.896000 32888 torch\_inductor\graph.py:2652] [0/0] [__output_code] #   %unsqueeze : Tensor "bf16[1, 512][512, 1]cuda:0"[num_users=1] = call_function[target=torch.ops.aten.unsqueeze.default](args = (%arg4_1, 0), kwargs = {})
V0405 02:54:07.896000 32888 torch\_inductor\graph.py:2652] [0/0] [__output_code] #   %mul_3 : Tensor "bf16[4096, 512][512, 1]cuda:0"[num_users=1] = call_function[target=torch.ops.aten.mul.Tensor](args = (%unsqueeze, %mm_1), kwargs = {})
V0405 02:54:07.896000 32888 torch\_inductor\graph.py:2652] [0/0] [__output_code] #   %add_1 : Tensor "bf16[4096, 512][512, 1]cuda:0"[num_users=1] = call_function[target=torch.ops.aten.add.Tensor](args = (%arg0_1, %mul_3), kwargs = {})
V0405 02:54:07.896000 32888 torch\_inductor\graph.py:2652] [0/0] [__output_code] #   return %add_1
V0405 02:54:07.896000 32888 torch\_inductor\graph.py:2652] [0/0] [__output_code] triton_poi_fused_add_mul_unsqueeze_2 = async_compile.triton('triton_poi_fused_add_mul_unsqueeze_2', '''
V0405 02:54:07.896000 32888 torch\_inductor\graph.py:2652] [0/0] [__output_code] import triton
V0405 02:54:07.896000 32888 torch\_inductor\graph.py:2652] [0/0] [__output_code] import triton.language as tl
V0405 02:54:07.896000 32888 torch\_inductor\graph.py:2652] [0/0] [__output_code] 
V0405 02:54:07.896000 32888 torch\_inductor\graph.py:2652] [0/0] [__output_code] from torch._inductor.runtime import triton_helpers, triton_heuristics
V0405 02:54:07.896000 32888 torch\_inductor\graph.py:2652] [0/0] [__output_code] from torch._inductor.runtime.triton_helpers import libdevice, math as tl_math
V0405 02:54:07.896000 32888 torch\_inductor\graph.py:2652] [0/0] [__output_code] from torch._inductor.runtime.hints import AutotuneHint, ReductionHint, TileHint, DeviceProperties
V0405 02:54:07.896000 32888 torch\_inductor\graph.py:2652] [0/0] [__output_code] triton_helpers.set_driver_to_gpu()
V0405 02:54:07.896000 32888 torch\_inductor\graph.py:2652] [0/0] [__output_code] 
V0405 02:54:07.896000 32888 torch\_inductor\graph.py:2652] [0/0] [__output_code] @triton_heuristics.pointwise(
V0405 02:54:07.896000 32888 torch\_inductor\graph.py:2652] [0/0] [__output_code]     size_hints={'x': 2097152}, 
V0405 02:54:07.896000 32888 torch\_inductor\graph.py:2652] [0/0] [__output_code]     filename=__file__,
V0405 02:54:07.896000 32888 torch\_inductor\graph.py:2652] [0/0] [__output_code]     triton_meta={'signature': {'in_out_ptr0': '*bf16', 'in_ptr0': '*bf16', 'in_ptr1': '*bf16', 'xnumel': 'i32', 'XBLOCK': 'constexpr'}, 'device': DeviceProperties(type='cuda', index=0, multi_processor_count=46, cc=120, major=12, regs_per_multiprocessor=65536, max_threads_per_multi_processor=1536, max_threads_per_block=1024, warp_size=32), 'constants': {}, 'native_matmul': False, 'enable_fp_fusion': True, 'launch_pdl': False, 'disable_ftz': False, 'configs': [{(0,): [['tt.divisibility', 16]], (1,): [['tt.divisibility', 16]], (2,): [['tt.divisibility', 16]], (3,): [['tt.divisibility', 16]]}]},
V0405 02:54:07.896000 32888 torch\_inductor\graph.py:2652] [0/0] [__output_code]     inductor_meta={'grid_type': 'Grid1D', 'autotune_hints': set(), 'kernel_name': 'triton_poi_fused_add_mul_unsqueeze_2', 'mutated_arg_names': ['in_out_ptr0'], 'optimize_mem': True, 'no_x_dim': False, 'atomic_add_found': False, 'num_load': 3, 'num_store': 1, 'num_reduction': 0, 'backend_hash': '852F9A3305D7C93EBEB502CE3BC231F01B01CE166A6FB3A43463667B2BACE826', 'assert_indirect_indexing': True, 'autotune_local_cache': True, 'autotune_pointwise': True, 'autotune_remote_cache': None, 'force_disable_caches': False, 'dynamic_scale_rblock': True, 'max_autotune': False, 'max_autotune_pointwise': False, 'min_split_scan_rblock': 256, 'spill_threshold': 16, 'store_cubin': False, 'deterministic': False, 'force_filter_reduction_configs': False, 'mix_order_reduction_allow_multi_stages': False, 'are_deterministic_algorithms_enabled': False, 'tiling_scores': {'x': 16778240}},
V0405 02:54:07.896000 32888 torch\_inductor\graph.py:2652] [0/0] [__output_code]     min_elem_per_thread=0
V0405 02:54:07.896000 32888 torch\_inductor\graph.py:2652] [0/0] [__output_code] )
V0405 02:54:07.896000 32888 torch\_inductor\graph.py:2652] [0/0] [__output_code] @triton.jit
V0405 02:54:07.896000 32888 torch\_inductor\graph.py:2652] [0/0] [__output_code] def triton_poi_fused_add_mul_unsqueeze_2(in_out_ptr0, in_ptr0, in_ptr1, xnumel, XBLOCK : tl.constexpr):
V0405 02:54:07.896000 32888 torch\_inductor\graph.py:2652] [0/0] [__output_code]     xnumel = 2097152
V0405 02:54:07.896000 32888 torch\_inductor\graph.py:2652] [0/0] [__output_code]     xoffset = tl.program_id(0) * XBLOCK
V0405 02:54:07.896000 32888 torch\_inductor\graph.py:2652] [0/0] [__output_code]     xindex = xoffset + tl.arange(0, XBLOCK)[:]
V0405 02:54:07.896000 32888 torch\_inductor\graph.py:2652] [0/0] [__output_code]     xmask = tl.full([XBLOCK], True, tl.int1)[:]
V0405 02:54:07.896000 32888 torch\_inductor\graph.py:2652] [0/0] [__output_code]     x2 = xindex
V0405 02:54:07.896000 32888 torch\_inductor\graph.py:2652] [0/0] [__output_code]     x0 = (xindex % 512)
V0405 02:54:07.896000 32888 torch\_inductor\graph.py:2652] [0/0] [__output_code]     tmp0 = tl.load(in_ptr0 + (x2), None).to(tl.float32)
V0405 02:54:07.896000 32888 torch\_inductor\graph.py:2652] [0/0] [__output_code]     tmp1 = tl.load(in_ptr1 + (x0), None, eviction_policy='evict_last').to(tl.float32)
V0405 02:54:07.896000 32888 torch\_inductor\graph.py:2652] [0/0] [__output_code]     tmp2 = tl.load(in_out_ptr0 + (x2), None).to(tl.float32)
V0405 02:54:07.896000 32888 torch\_inductor\graph.py:2652] [0/0] [__output_code]     tmp3 = tmp1 * tmp2
V0405 02:54:07.896000 32888 torch\_inductor\graph.py:2652] [0/0] [__output_code]     tmp4 = tmp0 + tmp3
V0405 02:54:07.896000 32888 torch\_inductor\graph.py:2652] [0/0] [__output_code]     tl.store(in_out_ptr0 + (x2), tmp4, None)
V0405 02:54:07.896000 32888 torch\_inductor\graph.py:2652] [0/0] [__output_code] ''', device_str='cuda')
V0405 02:54:07.896000 32888 torch\_inductor\graph.py:2652] [0/0] [__output_code] 
V0405 02:54:07.896000 32888 torch\_inductor\graph.py:2652] [0/0] [__output_code] 
V0405 02:54:07.896000 32888 torch\_inductor\graph.py:2652] [0/0] [__output_code] async_compile.wait(globals())
V0405 02:54:07.896000 32888 torch\_inductor\graph.py:2652] [0/0] [__output_code] del async_compile
V0405 02:54:07.896000 32888 torch\_inductor\graph.py:2652] [0/0] [__output_code] 
V0405 02:54:07.896000 32888 torch\_inductor\graph.py:2652] [0/0] [__output_code] class Runner:
V0405 02:54:07.896000 32888 torch\_inductor\graph.py:2652] [0/0] [__output_code]     def __init__(self, partitions):
V0405 02:54:07.896000 32888 torch\_inductor\graph.py:2652] [0/0] [__output_code]         self.partitions = partitions
V0405 02:54:07.896000 32888 torch\_inductor\graph.py:2652] [0/0] [__output_code] 
V0405 02:54:07.896000 32888 torch\_inductor\graph.py:2652] [0/0] [__output_code]     def recursively_apply_fns(self, fns):
V0405 02:54:07.896000 32888 torch\_inductor\graph.py:2652] [0/0] [__output_code]         new_callables = []
V0405 02:54:07.896000 32888 torch\_inductor\graph.py:2652] [0/0] [__output_code]         for fn, c in zip(fns, self.partitions):
V0405 02:54:07.896000 32888 torch\_inductor\graph.py:2652] [0/0] [__output_code]             new_callables.append(fn(c))
V0405 02:54:07.896000 32888 torch\_inductor\graph.py:2652] [0/0] [__output_code]         self.partitions = new_callables
V0405 02:54:07.896000 32888 torch\_inductor\graph.py:2652] [0/0] [__output_code] 
V0405 02:54:07.896000 32888 torch\_inductor\graph.py:2652] [0/0] [__output_code]     def call(self, args):
V0405 02:54:07.896000 32888 torch\_inductor\graph.py:2652] [0/0] [__output_code]         arg0_1, arg1_1, arg2_1, arg3_1, arg4_1 = args
V0405 02:54:07.896000 32888 torch\_inductor\graph.py:2652] [0/0] [__output_code]         args.clear()
V0405 02:54:07.896000 32888 torch\_inductor\graph.py:2652] [0/0] [__output_code]         assert_size_stride(arg0_1, (4096, 512), (512, 1))
V0405 02:54:07.896000 32888 torch\_inductor\graph.py:2652] [0/0] [__output_code]         assert_size_stride(arg1_1, (), ())
V0405 02:54:07.896000 32888 torch\_inductor\graph.py:2652] [0/0] [__output_code]         assert_size_stride(arg2_1, (1536, 512), (512, 1))
V0405 02:54:07.896000 32888 torch\_inductor\graph.py:2652] [0/0] [__output_code]         assert_size_stride(arg3_1, (512, 1536), (1536, 1))
V0405 02:54:07.896000 32888 torch\_inductor\graph.py:2652] [0/0] [__output_code]         assert_size_stride(arg4_1, (512, ), (1, ))
V0405 02:54:07.896000 32888 torch\_inductor\graph.py:2652] [0/0] [__output_code]         with torch.cuda._DeviceGuard(0):
V0405 02:54:07.896000 32888 torch\_inductor\graph.py:2652] [0/0] [__output_code]             torch.cuda.set_device(0)
V0405 02:54:07.896000 32888 torch\_inductor\graph.py:2652] [0/0] [__output_code]             buf1 = empty_strided_cuda((4096, 512), (512, 1), torch.bfloat16)
V0405 02:54:07.896000 32888 torch\_inductor\graph.py:2652] [0/0] [__output_code]             # Topologically Sorted Source Nodes: [rms_norm, normed], Original ATen: [aten._fused_rms_norm, aten.mul]
V0405 02:54:07.896000 32888 torch\_inductor\graph.py:2652] [0/0] [__output_code]             stream0 = get_raw_stream(0)
V0405 02:54:07.896000 32888 torch\_inductor\graph.py:2652] [0/0] [__output_code]             triton_per_fused__fused_rms_norm_mul_0.run(arg0_1, arg1_1, buf1, 4096, 512, stream=stream0)
V0405 02:54:07.896000 32888 torch\_inductor\graph.py:2652] [0/0] [__output_code]             del arg1_1
V0405 02:54:07.896000 32888 torch\_inductor\graph.py:2652] [0/0] [__output_code]             buf2 = empty_strided_cuda((4096, 1536), (1536, 1), torch.bfloat16)
V0405 02:54:07.896000 32888 torch\_inductor\graph.py:2652] [0/0] [__output_code]             # Topologically Sorted Source Nodes: [rms_norm, normed, linear], Original ATen: [aten._fused_rms_norm, aten.mul, aten.t, aten.mm]
V0405 02:54:07.896000 32888 torch\_inductor\graph.py:2652] [0/0] [__output_code]             extern_kernels.mm(buf1, reinterpret_tensor(arg2_1, (512, 1536), (1, 512), 0), out=buf2)
V0405 02:54:07.896000 32888 torch\_inductor\graph.py:2652] [0/0] [__output_code]             del arg2_1
V0405 02:54:07.896000 32888 torch\_inductor\graph.py:2652] [0/0] [__output_code]             del buf1
V0405 02:54:07.896000 32888 torch\_inductor\graph.py:2652] [0/0] [__output_code]             buf3 = buf2; del buf2  # reuse
V0405 02:54:07.896000 32888 torch\_inductor\graph.py:2652] [0/0] [__output_code]             # Topologically Sorted Source Nodes: [h, square], Original ATen: [aten.leaky_relu, aten.pow]
V0405 02:54:07.896000 32888 torch\_inductor\graph.py:2652] [0/0] [__output_code]             stream0 = get_raw_stream(0)
V0405 02:54:07.896000 32888 torch\_inductor\graph.py:2652] [0/0] [__output_code]             triton_poi_fused_leaky_relu_pow_1.run(buf3, 6291456, stream=stream0)
V0405 02:54:07.896000 32888 torch\_inductor\graph.py:2652] [0/0] [__output_code]             buf4 = empty_strided_cuda((4096, 512), (512, 1), torch.bfloat16)
V0405 02:54:07.896000 32888 torch\_inductor\graph.py:2652] [0/0] [__output_code]             # Topologically Sorted Source Nodes: [h, square, out], Original ATen: [aten.leaky_relu, aten.pow, aten.t, aten.mm]
V0405 02:54:07.896000 32888 torch\_inductor\graph.py:2652] [0/0] [__output_code]             extern_kernels.mm(buf3, reinterpret_tensor(arg3_1, (1536, 512), (1, 1536), 0), out=buf4)
V0405 02:54:07.896000 32888 torch\_inductor\graph.py:2652] [0/0] [__output_code]             del arg3_1
V0405 02:54:07.896000 32888 torch\_inductor\graph.py:2652] [0/0] [__output_code]             del buf3
V0405 02:54:07.896000 32888 torch\_inductor\graph.py:2652] [0/0] [__output_code]             buf5 = buf4; del buf4  # reuse
V0405 02:54:07.896000 32888 torch\_inductor\graph.py:2652] [0/0] [__output_code]             # Topologically Sorted Source Nodes: [getitem, mul_1, add], Original ATen: [aten.unsqueeze, aten.mul, aten.add]
V0405 02:54:07.896000 32888 torch\_inductor\graph.py:2652] [0/0] [__output_code]             stream0 = get_raw_stream(0)
V0405 02:54:07.896000 32888 torch\_inductor\graph.py:2652] [0/0] [__output_code]             triton_poi_fused_add_mul_unsqueeze_2.run(buf5, arg0_1, arg4_1, 2097152, stream=stream0)
V0405 02:54:07.896000 32888 torch\_inductor\graph.py:2652] [0/0] [__output_code]             del arg0_1
V0405 02:54:07.896000 32888 torch\_inductor\graph.py:2652] [0/0] [__output_code]             del arg4_1
V0405 02:54:07.896000 32888 torch\_inductor\graph.py:2652] [0/0] [__output_code]         return (buf5, )
V0405 02:54:07.896000 32888 torch\_inductor\graph.py:2652] [0/0] [__output_code] 
V0405 02:54:07.896000 32888 torch\_inductor\graph.py:2652] [0/0] [__output_code] runner = Runner(partitions=[])
V0405 02:54:07.896000 32888 torch\_inductor\graph.py:2652] [0/0] [__output_code] call = runner.call
V0405 02:54:07.896000 32888 torch\_inductor\graph.py:2652] [0/0] [__output_code] recursively_apply_fns = runner.recursively_apply_fns
V0405 02:54:07.896000 32888 torch\_inductor\graph.py:2652] [0/0] [__output_code] 
V0405 02:54:07.896000 32888 torch\_inductor\graph.py:2652] [0/0] [__output_code] 
V0405 02:54:07.896000 32888 torch\_inductor\graph.py:2652] [0/0] [__output_code] def get_args():
V0405 02:54:07.896000 32888 torch\_inductor\graph.py:2652] [0/0] [__output_code]     from torch._dynamo.testing import rand_strided
V0405 02:54:07.896000 32888 torch\_inductor\graph.py:2652] [0/0] [__output_code]     arg0_1 = rand_strided((4096, 512), (512, 1), device='cuda:0', dtype=torch.bfloat16)
V0405 02:54:07.896000 32888 torch\_inductor\graph.py:2652] [0/0] [__output_code]     arg1_1 = rand_strided((), (), device='cuda:0', dtype=torch.bfloat16)
V0405 02:54:07.896000 32888 torch\_inductor\graph.py:2652] [0/0] [__output_code]     arg2_1 = rand_strided((1536, 512), (512, 1), device='cuda:0', dtype=torch.bfloat16)
V0405 02:54:07.896000 32888 torch\_inductor\graph.py:2652] [0/0] [__output_code]     arg3_1 = rand_strided((512, 1536), (1536, 1), device='cuda:0', dtype=torch.bfloat16)
V0405 02:54:07.896000 32888 torch\_inductor\graph.py:2652] [0/0] [__output_code]     arg4_1 = rand_strided((512, ), (1, ), device='cuda:0', dtype=torch.bfloat16)
V0405 02:54:07.896000 32888 torch\_inductor\graph.py:2652] [0/0] [__output_code]     return [arg0_1, arg1_1, arg2_1, arg3_1, arg4_1]
V0405 02:54:07.896000 32888 torch\_inductor\graph.py:2652] [0/0] [__output_code] 
V0405 02:54:07.896000 32888 torch\_inductor\graph.py:2652] [0/0] [__output_code] 
V0405 02:54:07.896000 32888 torch\_inductor\graph.py:2652] [0/0] [__output_code] def benchmark_compiled_module(args, times=10, repeat=10):
V0405 02:54:07.896000 32888 torch\_inductor\graph.py:2652] [0/0] [__output_code]     from torch._inductor.utils import print_performance
V0405 02:54:07.896000 32888 torch\_inductor\graph.py:2652] [0/0] [__output_code]     fn = lambda: call(list(args))
V0405 02:54:07.896000 32888 torch\_inductor\graph.py:2652] [0/0] [__output_code]     return print_performance(fn, times=times, repeat=repeat)
V0405 02:54:07.896000 32888 torch\_inductor\graph.py:2652] [0/0] [__output_code] 
V0405 02:54:07.896000 32888 torch\_inductor\graph.py:2652] [0/0] [__output_code] 
V0405 02:54:07.896000 32888 torch\_inductor\graph.py:2652] [0/0] [__output_code] if __name__ == "__main__":
V0405 02:54:07.896000 32888 torch\_inductor\graph.py:2652] [0/0] [__output_code]     from torch._inductor.wrapper_benchmark import compiled_module_main
V0405 02:54:07.896000 32888 torch\_inductor\graph.py:2652] [0/0] [__output_code]     args = get_args()
V0405 02:54:07.896000 32888 torch\_inductor\graph.py:2652] [0/0] [__output_code]     compiled_module_main('None', lambda times, repeat: benchmark_compiled_module(args, times=times, repeat=repeat))
V0405 02:54:07.896000 32888 torch\_inductor\graph.py:2652] [0/0] [__output_code] 
V0405 02:54:07.899000 32888 torch\_inductor\graph.py:2663] [0/0] [__output_code] Output code written to: C:\Users\adars\AppData\Local\Temp\torchinductor_adars\za\czanjooawoax322wh3uluwzwiuqdmxeqrx2fmbualh457syxx3ou.py
I0405 02:54:08.829000 32888 torch\_inductor\graph.py:2623] [0/0] [__output_code] Output code written to: C:\Users\adars\AppData\Local\Temp\torchinductor_adars\za\czanjooawoax322wh3uluwzwiuqdmxeqrx2fmbualh457syxx3ou.py
V0405 02:54:09.164000 32888 torch\_inductor\graph.py:2652] [0/0] [__output_code] Output code: 
V0405 02:54:09.164000 32888 torch\_inductor\graph.py:2652] [0/0] [__output_code] # AOT ID: ['4_inference']
V0405 02:54:09.164000 32888 torch\_inductor\graph.py:2652] [0/0] [__output_code] from ctypes import c_void_p, c_long, c_int
V0405 02:54:09.164000 32888 torch\_inductor\graph.py:2652] [0/0] [__output_code] import torch
V0405 02:54:09.164000 32888 torch\_inductor\graph.py:2652] [0/0] [__output_code] import math
V0405 02:54:09.164000 32888 torch\_inductor\graph.py:2652] [0/0] [__output_code] import random
V0405 02:54:09.164000 32888 torch\_inductor\graph.py:2652] [0/0] [__output_code] import os
V0405 02:54:09.164000 32888 torch\_inductor\graph.py:2652] [0/0] [__output_code] import tempfile
V0405 02:54:09.164000 32888 torch\_inductor\graph.py:2652] [0/0] [__output_code] from math import inf, nan
V0405 02:54:09.164000 32888 torch\_inductor\graph.py:2652] [0/0] [__output_code] from cmath import nanj
V0405 02:54:09.164000 32888 torch\_inductor\graph.py:2652] [0/0] [__output_code] from torch._inductor.hooks import run_intermediate_hooks
V0405 02:54:09.164000 32888 torch\_inductor\graph.py:2652] [0/0] [__output_code] from torch._inductor.utils import maybe_profile
V0405 02:54:09.164000 32888 torch\_inductor\graph.py:2652] [0/0] [__output_code] from torch._inductor.codegen.memory_planning import _align as align
V0405 02:54:09.164000 32888 torch\_inductor\graph.py:2652] [0/0] [__output_code] from torch import device, empty_strided
V0405 02:54:09.164000 32888 torch\_inductor\graph.py:2652] [0/0] [__output_code] from torch._inductor.async_compile import AsyncCompile
V0405 02:54:09.164000 32888 torch\_inductor\graph.py:2652] [0/0] [__output_code] from torch._inductor.select_algorithm import extern_kernels
V0405 02:54:09.164000 32888 torch\_inductor\graph.py:2652] [0/0] [__output_code] import triton
V0405 02:54:09.164000 32888 torch\_inductor\graph.py:2652] [0/0] [__output_code] import triton.language as tl
V0405 02:54:09.164000 32888 torch\_inductor\graph.py:2652] [0/0] [__output_code] from torch._inductor.runtime.triton_heuristics import start_graph, end_graph
V0405 02:54:09.164000 32888 torch\_inductor\graph.py:2652] [0/0] [__output_code] from torch._C import _cuda_getCurrentRawStream as get_raw_stream
V0405 02:54:09.164000 32888 torch\_inductor\graph.py:2652] [0/0] [__output_code] 
V0405 02:54:09.164000 32888 torch\_inductor\graph.py:2652] [0/0] [__output_code] aten = torch.ops.aten
V0405 02:54:09.164000 32888 torch\_inductor\graph.py:2652] [0/0] [__output_code] inductor_ops = torch.ops.inductor
V0405 02:54:09.164000 32888 torch\_inductor\graph.py:2652] [0/0] [__output_code] _quantized = torch.ops._quantized
V0405 02:54:09.164000 32888 torch\_inductor\graph.py:2652] [0/0] [__output_code] assert_size_stride = torch._C._dynamo.guards.assert_size_stride
V0405 02:54:09.164000 32888 torch\_inductor\graph.py:2652] [0/0] [__output_code] assert_alignment = torch._C._dynamo.guards.assert_alignment
V0405 02:54:09.164000 32888 torch\_inductor\graph.py:2652] [0/0] [__output_code] empty_strided_cpu = torch._C._dynamo.guards._empty_strided_cpu
V0405 02:54:09.164000 32888 torch\_inductor\graph.py:2652] [0/0] [__output_code] empty_strided_cpu_pinned = torch._C._dynamo.guards._empty_strided_cpu_pinned
V0405 02:54:09.164000 32888 torch\_inductor\graph.py:2652] [0/0] [__output_code] empty_strided_cuda = torch._C._dynamo.guards._empty_strided_cuda
V0405 02:54:09.164000 32888 torch\_inductor\graph.py:2652] [0/0] [__output_code] empty_strided_xpu = torch._C._dynamo.guards._empty_strided_xpu
V0405 02:54:09.164000 32888 torch\_inductor\graph.py:2652] [0/0] [__output_code] empty_strided_mtia = torch._C._dynamo.guards._empty_strided_mtia
V0405 02:54:09.164000 32888 torch\_inductor\graph.py:2652] [0/0] [__output_code] reinterpret_tensor = torch._C._dynamo.guards._reinterpret_tensor
V0405 02:54:09.164000 32888 torch\_inductor\graph.py:2652] [0/0] [__output_code] alloc_from_pool = torch.ops.inductor._alloc_from_pool
V0405 02:54:09.164000 32888 torch\_inductor\graph.py:2652] [0/0] [__output_code] async_compile = AsyncCompile()
V0405 02:54:09.164000 32888 torch\_inductor\graph.py:2652] [0/0] [__output_code] empty_strided_p2p = torch._C._distributed_c10d._SymmetricMemory.empty_strided_p2p
V0405 02:54:09.164000 32888 torch\_inductor\graph.py:2652] [0/0] [__output_code] from torch._C import _cuda_getCurrentRawStream as get_raw_stream
V0405 02:54:09.164000 32888 torch\_inductor\graph.py:2652] [0/0] [__output_code] 
V0405 02:54:09.164000 32888 torch\_inductor\graph.py:2652] [0/0] [__output_code] 
V0405 02:54:09.164000 32888 torch\_inductor\graph.py:2652] [0/0] [__output_code] 
V0405 02:54:09.164000 32888 torch\_inductor\graph.py:2652] [0/0] [__output_code] # kernel path: C:\Users\adars\AppData\Local\Temp\torchinductor_adars\f7\cf7sqgc5vrmpm67ymheuzvancejzzm27cthmq3x3w5rtrodpjmuk.py
V0405 02:54:09.164000 32888 torch\_inductor\graph.py:2652] [0/0] [__output_code] # Topologically Sorted Source Nodes: [rms_norm, normed], Original ATen: [aten._fused_rms_norm, aten.mul]
V0405 02:54:09.164000 32888 torch\_inductor\graph.py:2652] [0/0] [__output_code] # Source node to ATen node mapping:
V0405 02:54:09.164000 32888 torch\_inductor\graph.py:2652] [0/0] [__output_code] #   normed => mul_1
V0405 02:54:09.164000 32888 torch\_inductor\graph.py:2652] [0/0] [__output_code] #   rms_norm => add, convert_element_type, convert_element_type_1, mean, mul, pow_1, rsqrt
V0405 02:54:09.164000 32888 torch\_inductor\graph.py:2652] [0/0] [__output_code] # Graph fragment:
V0405 02:54:09.164000 32888 torch\_inductor\graph.py:2652] [0/0] [__output_code] #   %arg0_1 : Tensor "bf16[4096, 512][512, 1]cuda:0" = PlaceHolder[target=arg0_1]
V0405 02:54:09.164000 32888 torch\_inductor\graph.py:2652] [0/0] [__output_code] #   %buf0 : Tensor "f32[4096, 1][1, 4096]cuda:0" = PlaceHolder[target=buf0]
V0405 02:54:09.164000 32888 torch\_inductor\graph.py:2652] [0/0] [__output_code] #   %arg1_1 : Tensor "bf16[][]cuda:0" = PlaceHolder[target=arg1_1]
V0405 02:54:09.164000 32888 torch\_inductor\graph.py:2652] [0/0] [__output_code] #   %convert_element_type : Tensor "f32[4096, 512][512, 1]cuda:0"[num_users=2] = call_function[target=torch.ops.prims.convert_element_type.default](args = (%arg0_1, torch.float32), kwargs = {})
V0405 02:54:09.164000 32888 torch\_inductor\graph.py:2652] [0/0] [__output_code] #   %pow_1 : Tensor "f32[4096, 512][512, 1]cuda:0"[num_users=1] = call_function[target=torch.ops.aten.pow.Tensor_Scalar](args = (%convert_element_type, 2), kwargs = {})
V0405 02:54:09.164000 32888 torch\_inductor\graph.py:2652] [0/0] [__output_code] #   %mean : Tensor "f32[4096, 1][1, 1]cuda:0"[num_users=1] = call_function[target=torch.ops.aten.mean.dim](args = (%pow_1, [1], True), kwargs = {})
V0405 02:54:09.164000 32888 torch\_inductor\graph.py:2652] [0/0] [__output_code] #   %add : Tensor "f32[4096, 1][1, 1]cuda:0"[num_users=1] = call_function[target=torch.ops.aten.add.Scalar](args = (%mean, 1.1920928955078125e-07), kwargs = {})
V0405 02:54:09.164000 32888 torch\_inductor\graph.py:2652] [0/0] [__output_code] #   %rsqrt : Tensor "f32[4096, 1][1, 1]cuda:0"[num_users=1] = call_function[target=torch.ops.aten.rsqrt.default](args = (%add,), kwargs = {})
V0405 02:54:09.164000 32888 torch\_inductor\graph.py:2652] [0/0] [__output_code] #   %mul : Tensor "f32[4096, 512][512, 1]cuda:0"[num_users=1] = call_function[target=torch.ops.aten.mul.Tensor](args = (%convert_element_type, %rsqrt), kwargs = {})
V0405 02:54:09.164000 32888 torch\_inductor\graph.py:2652] [0/0] [__output_code] #   %convert_element_type_1 : Tensor "bf16[4096, 512][512, 1]cuda:0"[num_users=1] = call_function[target=torch.ops.prims.convert_element_type.default](args = (%mul, torch.bfloat16), kwargs = {})
V0405 02:54:09.164000 32888 torch\_inductor\graph.py:2652] [0/0] [__output_code] #   %mul_1 : Tensor "bf16[4096, 512][512, 1]cuda:0"[num_users=1] = call_function[target=torch.ops.aten.mul.Tensor](args = (%convert_element_type_1, %arg1_1), kwargs = {})
V0405 02:54:09.164000 32888 torch\_inductor\graph.py:2652] [0/0] [__output_code] #   return %buf0,%mul_1
V0405 02:54:09.164000 32888 torch\_inductor\graph.py:2652] [0/0] [__output_code] triton_per_fused__fused_rms_norm_mul_0 = async_compile.triton('triton_per_fused__fused_rms_norm_mul_0', '''
V0405 02:54:09.164000 32888 torch\_inductor\graph.py:2652] [0/0] [__output_code] import triton
V0405 02:54:09.164000 32888 torch\_inductor\graph.py:2652] [0/0] [__output_code] import triton.language as tl
V0405 02:54:09.164000 32888 torch\_inductor\graph.py:2652] [0/0] [__output_code] 
V0405 02:54:09.164000 32888 torch\_inductor\graph.py:2652] [0/0] [__output_code] from torch._inductor.runtime import triton_helpers, triton_heuristics
V0405 02:54:09.164000 32888 torch\_inductor\graph.py:2652] [0/0] [__output_code] from torch._inductor.runtime.triton_helpers import libdevice, math as tl_math
V0405 02:54:09.164000 32888 torch\_inductor\graph.py:2652] [0/0] [__output_code] from torch._inductor.runtime.hints import AutotuneHint, ReductionHint, TileHint, DeviceProperties
V0405 02:54:09.164000 32888 torch\_inductor\graph.py:2652] [0/0] [__output_code] triton_helpers.set_driver_to_gpu()
V0405 02:54:09.164000 32888 torch\_inductor\graph.py:2652] [0/0] [__output_code] 
V0405 02:54:09.164000 32888 torch\_inductor\graph.py:2652] [0/0] [__output_code] @triton_heuristics.persistent_reduction(
V0405 02:54:09.164000 32888 torch\_inductor\graph.py:2652] [0/0] [__output_code]     size_hints={'x': 4096, 'r0_': 512},
V0405 02:54:09.164000 32888 torch\_inductor\graph.py:2652] [0/0] [__output_code]     reduction_hint=ReductionHint.INNER,
V0405 02:54:09.164000 32888 torch\_inductor\graph.py:2652] [0/0] [__output_code]     filename=__file__,
V0405 02:54:09.164000 32888 torch\_inductor\graph.py:2652] [0/0] [__output_code]     triton_meta={'signature': {'in_ptr0': '*bf16', 'in_ptr1': '*bf16', 'out_ptr1': '*bf16', 'xnumel': 'i32', 'r0_numel': 'i32', 'XBLOCK': 'constexpr'}, 'device': DeviceProperties(type='cuda', index=0, multi_processor_count=46, cc=120, major=12, regs_per_multiprocessor=65536, max_threads_per_multi_processor=1536, max_threads_per_block=1024, warp_size=32), 'constants': {}, 'native_matmul': False, 'enable_fp_fusion': True, 'launch_pdl': False, 'disable_ftz': False, 'configs': [{(0,): [['tt.divisibility', 16]], (1,): [['tt.divisibility', 16]], (2,): [['tt.divisibility', 16]], (3,): [['tt.divisibility', 16]], (4,): [['tt.divisibility', 16]]}]},
V0405 02:54:09.164000 32888 torch\_inductor\graph.py:2652] [0/0] [__output_code]     inductor_meta={'grid_type': 'Grid1D', 'autotune_hints': set(), 'kernel_name': 'triton_per_fused__fused_rms_norm_mul_0', 'mutated_arg_names': [], 'optimize_mem': True, 'no_x_dim': None, 'atomic_add_found': False, 'num_load': 2, 'num_store': 1, 'num_reduction': 1, 'backend_hash': '852F9A3305D7C93EBEB502CE3BC231F01B01CE166A6FB3A43463667B2BACE826', 'assert_indirect_indexing': True, 'autotune_local_cache': True, 'autotune_pointwise': True, 'autotune_remote_cache': None, 'force_disable_caches': False, 'dynamic_scale_rblock': True, 'max_autotune': True, 'max_autotune_pointwise': False, 'min_split_scan_rblock': 256, 'spill_threshold': 16, 'store_cubin': False, 'deterministic': False, 'force_filter_reduction_configs': False, 'mix_order_reduction_allow_multi_stages': False, 'are_deterministic_algorithms_enabled': False, 'coordinate_descent_tuning': True, 'coordinate_descent_search_radius': 1, 'coordinate_descent_check_all_directions': False, 'tiling_scores': {'x': 0, 'r0_': 12582912}}
V0405 02:54:09.164000 32888 torch\_inductor\graph.py:2652] [0/0] [__output_code] )
V0405 02:54:09.164000 32888 torch\_inductor\graph.py:2652] [0/0] [__output_code] @triton.jit
V0405 02:54:09.164000 32888 torch\_inductor\graph.py:2652] [0/0] [__output_code] def triton_per_fused__fused_rms_norm_mul_0(in_ptr0, in_ptr1, out_ptr1, xnumel, r0_numel, XBLOCK : tl.constexpr):
V0405 02:54:09.164000 32888 torch\_inductor\graph.py:2652] [0/0] [__output_code]     xnumel = 4096
V0405 02:54:09.164000 32888 torch\_inductor\graph.py:2652] [0/0] [__output_code]     r0_numel = 512
V0405 02:54:09.164000 32888 torch\_inductor\graph.py:2652] [0/0] [__output_code]     R0_BLOCK: tl.constexpr = 512
V0405 02:54:09.164000 32888 torch\_inductor\graph.py:2652] [0/0] [__output_code]     rnumel = r0_numel
V0405 02:54:09.164000 32888 torch\_inductor\graph.py:2652] [0/0] [__output_code]     RBLOCK: tl.constexpr = R0_BLOCK
V0405 02:54:09.164000 32888 torch\_inductor\graph.py:2652] [0/0] [__output_code]     xoffset = tl.program_id(0) * XBLOCK
V0405 02:54:09.164000 32888 torch\_inductor\graph.py:2652] [0/0] [__output_code]     xindex = xoffset + tl.arange(0, XBLOCK)[:, None]
V0405 02:54:09.164000 32888 torch\_inductor\graph.py:2652] [0/0] [__output_code]     xmask = tl.full([XBLOCK], True, tl.int1)[:, None]
V0405 02:54:09.164000 32888 torch\_inductor\graph.py:2652] [0/0] [__output_code]     r0_index = tl.arange(0, R0_BLOCK)[None, :]
V0405 02:54:09.164000 32888 torch\_inductor\graph.py:2652] [0/0] [__output_code]     r0_offset = 0
V0405 02:54:09.164000 32888 torch\_inductor\graph.py:2652] [0/0] [__output_code]     r0_mask = tl.full([R0_BLOCK], True, tl.int1)[None, :]
V0405 02:54:09.164000 32888 torch\_inductor\graph.py:2652] [0/0] [__output_code]     roffset = r0_offset
V0405 02:54:09.164000 32888 torch\_inductor\graph.py:2652] [0/0] [__output_code]     rindex = r0_index
V0405 02:54:09.164000 32888 torch\_inductor\graph.py:2652] [0/0] [__output_code]     r0_1 = r0_index
V0405 02:54:09.164000 32888 torch\_inductor\graph.py:2652] [0/0] [__output_code]     x0 = xindex
V0405 02:54:09.164000 32888 torch\_inductor\graph.py:2652] [0/0] [__output_code]     tmp0 = tl.load(in_ptr0 + (r0_1 + 512*x0), None).to(tl.float32)
V0405 02:54:09.164000 32888 torch\_inductor\graph.py:2652] [0/0] [__output_code]     tmp13 = tl.load(in_ptr1 + (0)).to(tl.float32)
V0405 02:54:09.164000 32888 torch\_inductor\graph.py:2652] [0/0] [__output_code]     tmp14 = tl.broadcast_to(tmp13, [1, 1])
V0405 02:54:09.164000 32888 torch\_inductor\graph.py:2652] [0/0] [__output_code]     tmp1 = tmp0.to(tl.float32)
V0405 02:54:09.164000 32888 torch\_inductor\graph.py:2652] [0/0] [__output_code]     tmp2 = tmp1 * tmp1
V0405 02:54:09.164000 32888 torch\_inductor\graph.py:2652] [0/0] [__output_code]     tmp3 = tl.broadcast_to(tmp2, [XBLOCK, R0_BLOCK])
V0405 02:54:09.164000 32888 torch\_inductor\graph.py:2652] [0/0] [__output_code]     tmp5 = tl.sum(tmp3, 1)[:, None].to(tl.float32)
V0405 02:54:09.164000 32888 torch\_inductor\graph.py:2652] [0/0] [__output_code]     tmp6 = tl.full([1, 1], 512.0, tl.float32)
V0405 02:54:09.164000 32888 torch\_inductor\graph.py:2652] [0/0] [__output_code]     tmp7 = (tmp5 / tmp6)
V0405 02:54:09.164000 32888 torch\_inductor\graph.py:2652] [0/0] [__output_code]     tmp8 = tl.full([1, 1], 1.1920928955078125e-07, tl.float32)
V0405 02:54:09.164000 32888 torch\_inductor\graph.py:2652] [0/0] [__output_code]     tmp9 = tmp7 + tmp8
V0405 02:54:09.164000 32888 torch\_inductor\graph.py:2652] [0/0] [__output_code]     tmp10 = libdevice.rsqrt(tmp9)
V0405 02:54:09.164000 32888 torch\_inductor\graph.py:2652] [0/0] [__output_code]     tmp11 = tmp1 * tmp10
V0405 02:54:09.164000 32888 torch\_inductor\graph.py:2652] [0/0] [__output_code]     tmp12 = tmp11.to(tl.float32)
V0405 02:54:09.164000 32888 torch\_inductor\graph.py:2652] [0/0] [__output_code]     tmp15 = tmp12 * tmp14
V0405 02:54:09.164000 32888 torch\_inductor\graph.py:2652] [0/0] [__output_code]     tl.store(out_ptr1 + (r0_1 + 512*x0), tmp15, None)
V0405 02:54:09.164000 32888 torch\_inductor\graph.py:2652] [0/0] [__output_code] ''', device_str='cuda')
V0405 02:54:09.164000 32888 torch\_inductor\graph.py:2652] [0/0] [__output_code] 
V0405 02:54:09.164000 32888 torch\_inductor\graph.py:2652] [0/0] [__output_code] 
V0405 02:54:09.164000 32888 torch\_inductor\graph.py:2652] [0/0] [__output_code] # kernel path: C:\Users\adars\AppData\Local\Temp\torchinductor_adars\5o\c5oigxjtx7o74mtfyirhsvcemoxfjyyveht2gzmyleadokfk4qxt.py
V0405 02:54:09.164000 32888 torch\_inductor\graph.py:2652] [0/0] [__output_code] # Topologically Sorted Source Nodes: [h, square], Original ATen: [aten.leaky_relu, aten.pow]
V0405 02:54:09.164000 32888 torch\_inductor\graph.py:2652] [0/0] [__output_code] # Source node to ATen node mapping:
V0405 02:54:09.164000 32888 torch\_inductor\graph.py:2652] [0/0] [__output_code] #   h => convert_element_type_4, convert_element_type_5, gt, mul_2, where
V0405 02:54:09.164000 32888 torch\_inductor\graph.py:2652] [0/0] [__output_code] #   square => pow_2
V0405 02:54:09.164000 32888 torch\_inductor\graph.py:2652] [0/0] [__output_code] # Graph fragment:
V0405 02:54:09.164000 32888 torch\_inductor\graph.py:2652] [0/0] [__output_code] #   %mm : Tensor "bf16[4096, 1536][1536, 1]cuda:0" = PlaceHolder[target=mm]
V0405 02:54:09.164000 32888 torch\_inductor\graph.py:2652] [0/0] [__output_code] #   %convert_element_type_4 : Tensor "f32[4096, 1536][1536, 1]cuda:0"[num_users=3] = call_function[target=torch.ops.prims.convert_element_type.default](args = (%mm, torch.float32), kwargs = {})
V0405 02:54:09.164000 32888 torch\_inductor\graph.py:2652] [0/0] [__output_code] #   %gt : Tensor "b8[4096, 1536][1536, 1]cuda:0"[num_users=1] = call_function[target=torch.ops.aten.gt.Scalar](args = (%convert_element_type_4, 0), kwargs = {})
V0405 02:54:09.164000 32888 torch\_inductor\graph.py:2652] [0/0] [__output_code] #   %mul_2 : Tensor "f32[4096, 1536][1536, 1]cuda:0"[num_users=1] = call_function[target=torch.ops.aten.mul.Tensor](args = (%convert_element_type_4, 0.5), kwargs = {})
V0405 02:54:09.164000 32888 torch\_inductor\graph.py:2652] [0/0] [__output_code] #   %where : Tensor "f32[4096, 1536][1536, 1]cuda:0"[num_users=1] = call_function[target=torch.ops.aten.where.self](args = (%gt, %convert_element_type_4, %mul_2), kwargs = {})
V0405 02:54:09.164000 32888 torch\_inductor\graph.py:2652] [0/0] [__output_code] #   %convert_element_type_5 : Tensor "bf16[4096, 1536][1536, 1]cuda:0"[num_users=1] = call_function[target=torch.ops.prims.convert_element_type.default](args = (%where, torch.bfloat16), kwargs = {})
V0405 02:54:09.164000 32888 torch\_inductor\graph.py:2652] [0/0] [__output_code] #   %pow_2 : Tensor "bf16[4096, 1536][1536, 1]cuda:0"[num_users=1] = call_function[target=torch.ops.aten.pow.Tensor_Scalar](args = (%convert_element_type_5, 2), kwargs = {})
V0405 02:54:09.164000 32888 torch\_inductor\graph.py:2652] [0/0] [__output_code] #   return %pow_2
V0405 02:54:09.164000 32888 torch\_inductor\graph.py:2652] [0/0] [__output_code] triton_poi_fused_leaky_relu_pow_1 = async_compile.triton('triton_poi_fused_leaky_relu_pow_1', '''
V0405 02:54:09.164000 32888 torch\_inductor\graph.py:2652] [0/0] [__output_code] import triton
V0405 02:54:09.164000 32888 torch\_inductor\graph.py:2652] [0/0] [__output_code] import triton.language as tl
V0405 02:54:09.164000 32888 torch\_inductor\graph.py:2652] [0/0] [__output_code] 
V0405 02:54:09.164000 32888 torch\_inductor\graph.py:2652] [0/0] [__output_code] from torch._inductor.runtime import triton_helpers, triton_heuristics
V0405 02:54:09.164000 32888 torch\_inductor\graph.py:2652] [0/0] [__output_code] from torch._inductor.runtime.triton_helpers import libdevice, math as tl_math
V0405 02:54:09.164000 32888 torch\_inductor\graph.py:2652] [0/0] [__output_code] from torch._inductor.runtime.hints import AutotuneHint, ReductionHint, TileHint, DeviceProperties
V0405 02:54:09.164000 32888 torch\_inductor\graph.py:2652] [0/0] [__output_code] triton_helpers.set_driver_to_gpu()
V0405 02:54:09.164000 32888 torch\_inductor\graph.py:2652] [0/0] [__output_code] 
V0405 02:54:09.164000 32888 torch\_inductor\graph.py:2652] [0/0] [__output_code] @triton_heuristics.pointwise(
V0405 02:54:09.164000 32888 torch\_inductor\graph.py:2652] [0/0] [__output_code]     size_hints={'x': 8388608}, 
V0405 02:54:09.164000 32888 torch\_inductor\graph.py:2652] [0/0] [__output_code]     filename=__file__,
V0405 02:54:09.164000 32888 torch\_inductor\graph.py:2652] [0/0] [__output_code]     triton_meta={'signature': {'in_out_ptr0': '*bf16', 'xnumel': 'i32', 'XBLOCK': 'constexpr'}, 'device': DeviceProperties(type='cuda', index=0, multi_processor_count=46, cc=120, major=12, regs_per_multiprocessor=65536, max_threads_per_multi_processor=1536, max_threads_per_block=1024, warp_size=32), 'constants': {}, 'native_matmul': False, 'enable_fp_fusion': True, 'launch_pdl': False, 'disable_ftz': False, 'configs': [{(0,): [['tt.divisibility', 16]], (1,): [['tt.divisibility', 16]]}]},
V0405 02:54:09.164000 32888 torch\_inductor\graph.py:2652] [0/0] [__output_code]     inductor_meta={'grid_type': 'Grid1D', 'autotune_hints': set(), 'kernel_name': 'triton_poi_fused_leaky_relu_pow_1', 'mutated_arg_names': ['in_out_ptr0'], 'optimize_mem': True, 'no_x_dim': False, 'atomic_add_found': False, 'num_load': 1, 'num_store': 1, 'num_reduction': 0, 'backend_hash': '852F9A3305D7C93EBEB502CE3BC231F01B01CE166A6FB3A43463667B2BACE826', 'assert_indirect_indexing': True, 'autotune_local_cache': True, 'autotune_pointwise': True, 'autotune_remote_cache': None, 'force_disable_caches': False, 'dynamic_scale_rblock': True, 'max_autotune': True, 'max_autotune_pointwise': False, 'min_split_scan_rblock': 256, 'spill_threshold': 16, 'store_cubin': False, 'deterministic': False, 'force_filter_reduction_configs': False, 'mix_order_reduction_allow_multi_stages': False, 'are_deterministic_algorithms_enabled': False, 'coordinate_descent_tuning': True, 'coordinate_descent_search_radius': 1, 'coordinate_descent_check_all_directions': False, 'tiling_scores': {'x': 37748736}},
V0405 02:54:09.164000 32888 torch\_inductor\graph.py:2652] [0/0] [__output_code]     min_elem_per_thread=0
V0405 02:54:09.164000 32888 torch\_inductor\graph.py:2652] [0/0] [__output_code] )
V0405 02:54:09.164000 32888 torch\_inductor\graph.py:2652] [0/0] [__output_code] @triton.jit
V0405 02:54:09.164000 32888 torch\_inductor\graph.py:2652] [0/0] [__output_code] def triton_poi_fused_leaky_relu_pow_1(in_out_ptr0, xnumel, XBLOCK : tl.constexpr):
V0405 02:54:09.164000 32888 torch\_inductor\graph.py:2652] [0/0] [__output_code]     xnumel = 6291456
V0405 02:54:09.164000 32888 torch\_inductor\graph.py:2652] [0/0] [__output_code]     xoffset = tl.program_id(0) * XBLOCK
V0405 02:54:09.164000 32888 torch\_inductor\graph.py:2652] [0/0] [__output_code]     xindex = xoffset + tl.arange(0, XBLOCK)[:]
V0405 02:54:09.164000 32888 torch\_inductor\graph.py:2652] [0/0] [__output_code]     xmask = tl.full([XBLOCK], True, tl.int1)[:]
V0405 02:54:09.164000 32888 torch\_inductor\graph.py:2652] [0/0] [__output_code]     x0 = xindex
V0405 02:54:09.164000 32888 torch\_inductor\graph.py:2652] [0/0] [__output_code]     tmp0 = tl.load(in_out_ptr0 + (x0), None).to(tl.float32)
V0405 02:54:09.164000 32888 torch\_inductor\graph.py:2652] [0/0] [__output_code]     tmp1 = tmp0.to(tl.float32)
V0405 02:54:09.164000 32888 torch\_inductor\graph.py:2652] [0/0] [__output_code]     tmp2 = tl.full([1], 0.0, tl.float32)
V0405 02:54:09.164000 32888 torch\_inductor\graph.py:2652] [0/0] [__output_code]     tmp3 = tmp1 > tmp2
V0405 02:54:09.164000 32888 torch\_inductor\graph.py:2652] [0/0] [__output_code]     tmp4 = tl.full([1], 0.5, tl.float32)
V0405 02:54:09.164000 32888 torch\_inductor\graph.py:2652] [0/0] [__output_code]     tmp5 = tmp1 * tmp4
V0405 02:54:09.164000 32888 torch\_inductor\graph.py:2652] [0/0] [__output_code]     tmp6 = tl.where(tmp3, tmp1, tmp5)
V0405 02:54:09.164000 32888 torch\_inductor\graph.py:2652] [0/0] [__output_code]     tmp7 = tmp6.to(tl.float32)
V0405 02:54:09.164000 32888 torch\_inductor\graph.py:2652] [0/0] [__output_code]     tmp8 = tmp7 * tmp7
V0405 02:54:09.164000 32888 torch\_inductor\graph.py:2652] [0/0] [__output_code]     tl.store(in_out_ptr0 + (x0), tmp8, None)
V0405 02:54:09.164000 32888 torch\_inductor\graph.py:2652] [0/0] [__output_code] ''', device_str='cuda')
V0405 02:54:09.164000 32888 torch\_inductor\graph.py:2652] [0/0] [__output_code] 
V0405 02:54:09.164000 32888 torch\_inductor\graph.py:2652] [0/0] [__output_code] 
V0405 02:54:09.164000 32888 torch\_inductor\graph.py:2652] [0/0] [__output_code] # kernel path: C:\Users\adars\AppData\Local\Temp\torchinductor_adars\xg\cxguspsr336nxntph7m23jc2rtns42xpj5akopzmhill3lufgluf.py
V0405 02:54:09.164000 32888 torch\_inductor\graph.py:2652] [0/0] [__output_code] # Topologically Sorted Source Nodes: [getitem, mul_1, add], Original ATen: [aten.unsqueeze, aten.mul, aten.add]
V0405 02:54:09.164000 32888 torch\_inductor\graph.py:2652] [0/0] [__output_code] # Source node to ATen node mapping:
V0405 02:54:09.164000 32888 torch\_inductor\graph.py:2652] [0/0] [__output_code] #   add => add_1
V0405 02:54:09.164000 32888 torch\_inductor\graph.py:2652] [0/0] [__output_code] #   getitem => unsqueeze
V0405 02:54:09.164000 32888 torch\_inductor\graph.py:2652] [0/0] [__output_code] #   mul_1 => mul_3
V0405 02:54:09.164000 32888 torch\_inductor\graph.py:2652] [0/0] [__output_code] # Graph fragment:
V0405 02:54:09.164000 32888 torch\_inductor\graph.py:2652] [0/0] [__output_code] #   %arg0_1 : Tensor "bf16[4096, 512][512, 1]cuda:0" = PlaceHolder[target=arg0_1]
V0405 02:54:09.164000 32888 torch\_inductor\graph.py:2652] [0/0] [__output_code] #   %arg4_1 : Tensor "bf16[512][1]cuda:0" = PlaceHolder[target=arg4_1]
V0405 02:54:09.164000 32888 torch\_inductor\graph.py:2652] [0/0] [__output_code] #   %mm_1 : Tensor "bf16[4096, 512][512, 1]cuda:0" = PlaceHolder[target=mm_1]
V0405 02:54:09.164000 32888 torch\_inductor\graph.py:2652] [0/0] [__output_code] #   %unsqueeze : Tensor "bf16[1, 512][512, 1]cuda:0"[num_users=1] = call_function[target=torch.ops.aten.unsqueeze.default](args = (%arg4_1, 0), kwargs = {})
V0405 02:54:09.164000 32888 torch\_inductor\graph.py:2652] [0/0] [__output_code] #   %mul_3 : Tensor "bf16[4096, 512][512, 1]cuda:0"[num_users=1] = call_function[target=torch.ops.aten.mul.Tensor](args = (%unsqueeze, %mm_1), kwargs = {})
V0405 02:54:09.164000 32888 torch\_inductor\graph.py:2652] [0/0] [__output_code] #   %add_1 : Tensor "bf16[4096, 512][512, 1]cuda:0"[num_users=1] = call_function[target=torch.ops.aten.add.Tensor](args = (%arg0_1, %mul_3), kwargs = {})
V0405 02:54:09.164000 32888 torch\_inductor\graph.py:2652] [0/0] [__output_code] #   return %add_1
V0405 02:54:09.164000 32888 torch\_inductor\graph.py:2652] [0/0] [__output_code] triton_poi_fused_add_mul_unsqueeze_2 = async_compile.triton('triton_poi_fused_add_mul_unsqueeze_2', '''
V0405 02:54:09.164000 32888 torch\_inductor\graph.py:2652] [0/0] [__output_code] import triton
V0405 02:54:09.164000 32888 torch\_inductor\graph.py:2652] [0/0] [__output_code] import triton.language as tl
V0405 02:54:09.164000 32888 torch\_inductor\graph.py:2652] [0/0] [__output_code] 
V0405 02:54:09.164000 32888 torch\_inductor\graph.py:2652] [0/0] [__output_code] from torch._inductor.runtime import triton_helpers, triton_heuristics
V0405 02:54:09.164000 32888 torch\_inductor\graph.py:2652] [0/0] [__output_code] from torch._inductor.runtime.triton_helpers import libdevice, math as tl_math
V0405 02:54:09.164000 32888 torch\_inductor\graph.py:2652] [0/0] [__output_code] from torch._inductor.runtime.hints import AutotuneHint, ReductionHint, TileHint, DeviceProperties
V0405 02:54:09.164000 32888 torch\_inductor\graph.py:2652] [0/0] [__output_code] triton_helpers.set_driver_to_gpu()
V0405 02:54:09.164000 32888 torch\_inductor\graph.py:2652] [0/0] [__output_code] 
V0405 02:54:09.164000 32888 torch\_inductor\graph.py:2652] [0/0] [__output_code] @triton_heuristics.pointwise(
V0405 02:54:09.164000 32888 torch\_inductor\graph.py:2652] [0/0] [__output_code]     size_hints={'x': 2097152}, 
V0405 02:54:09.164000 32888 torch\_inductor\graph.py:2652] [0/0] [__output_code]     filename=__file__,
V0405 02:54:09.164000 32888 torch\_inductor\graph.py:2652] [0/0] [__output_code]     triton_meta={'signature': {'in_out_ptr0': '*bf16', 'in_ptr0': '*bf16', 'in_ptr1': '*bf16', 'xnumel': 'i32', 'XBLOCK': 'constexpr'}, 'device': DeviceProperties(type='cuda', index=0, multi_processor_count=46, cc=120, major=12, regs_per_multiprocessor=65536, max_threads_per_multi_processor=1536, max_threads_per_block=1024, warp_size=32), 'constants': {}, 'native_matmul': False, 'enable_fp_fusion': True, 'launch_pdl': False, 'disable_ftz': False, 'configs': [{(0,): [['tt.divisibility', 16]], (1,): [['tt.divisibility', 16]], (2,): [['tt.divisibility', 16]], (3,): [['tt.divisibility', 16]]}]},
V0405 02:54:09.164000 32888 torch\_inductor\graph.py:2652] [0/0] [__output_code]     inductor_meta={'grid_type': 'Grid1D', 'autotune_hints': set(), 'kernel_name': 'triton_poi_fused_add_mul_unsqueeze_2', 'mutated_arg_names': ['in_out_ptr0'], 'optimize_mem': True, 'no_x_dim': False, 'atomic_add_found': False, 'num_load': 3, 'num_store': 1, 'num_reduction': 0, 'backend_hash': '852F9A3305D7C93EBEB502CE3BC231F01B01CE166A6FB3A43463667B2BACE826', 'assert_indirect_indexing': True, 'autotune_local_cache': True, 'autotune_pointwise': True, 'autotune_remote_cache': None, 'force_disable_caches': False, 'dynamic_scale_rblock': True, 'max_autotune': True, 'max_autotune_pointwise': False, 'min_split_scan_rblock': 256, 'spill_threshold': 16, 'store_cubin': False, 'deterministic': False, 'force_filter_reduction_configs': False, 'mix_order_reduction_allow_multi_stages': False, 'are_deterministic_algorithms_enabled': False, 'coordinate_descent_tuning': True, 'coordinate_descent_search_radius': 1, 'coordinate_descent_check_all_directions': False, 'tiling_scores': {'x': 16778240}},
V0405 02:54:09.164000 32888 torch\_inductor\graph.py:2652] [0/0] [__output_code]     min_elem_per_thread=0
V0405 02:54:09.164000 32888 torch\_inductor\graph.py:2652] [0/0] [__output_code] )
V0405 02:54:09.164000 32888 torch\_inductor\graph.py:2652] [0/0] [__output_code] @triton.jit
V0405 02:54:09.164000 32888 torch\_inductor\graph.py:2652] [0/0] [__output_code] def triton_poi_fused_add_mul_unsqueeze_2(in_out_ptr0, in_ptr0, in_ptr1, xnumel, XBLOCK : tl.constexpr):
V0405 02:54:09.164000 32888 torch\_inductor\graph.py:2652] [0/0] [__output_code]     xnumel = 2097152
V0405 02:54:09.164000 32888 torch\_inductor\graph.py:2652] [0/0] [__output_code]     xoffset = tl.program_id(0) * XBLOCK
V0405 02:54:09.164000 32888 torch\_inductor\graph.py:2652] [0/0] [__output_code]     xindex = xoffset + tl.arange(0, XBLOCK)[:]
V0405 02:54:09.164000 32888 torch\_inductor\graph.py:2652] [0/0] [__output_code]     xmask = tl.full([XBLOCK], True, tl.int1)[:]
V0405 02:54:09.164000 32888 torch\_inductor\graph.py:2652] [0/0] [__output_code]     x2 = xindex
V0405 02:54:09.164000 32888 torch\_inductor\graph.py:2652] [0/0] [__output_code]     x0 = (xindex % 512)
V0405 02:54:09.164000 32888 torch\_inductor\graph.py:2652] [0/0] [__output_code]     tmp0 = tl.load(in_ptr0 + (x2), None).to(tl.float32)
V0405 02:54:09.164000 32888 torch\_inductor\graph.py:2652] [0/0] [__output_code]     tmp1 = tl.load(in_ptr1 + (x0), None, eviction_policy='evict_last').to(tl.float32)
V0405 02:54:09.164000 32888 torch\_inductor\graph.py:2652] [0/0] [__output_code]     tmp2 = tl.load(in_out_ptr0 + (x2), None).to(tl.float32)
V0405 02:54:09.164000 32888 torch\_inductor\graph.py:2652] [0/0] [__output_code]     tmp3 = tmp1 * tmp2
V0405 02:54:09.164000 32888 torch\_inductor\graph.py:2652] [0/0] [__output_code]     tmp4 = tmp0 + tmp3
V0405 02:54:09.164000 32888 torch\_inductor\graph.py:2652] [0/0] [__output_code]     tl.store(in_out_ptr0 + (x2), tmp4, None)
V0405 02:54:09.164000 32888 torch\_inductor\graph.py:2652] [0/0] [__output_code] ''', device_str='cuda')
V0405 02:54:09.164000 32888 torch\_inductor\graph.py:2652] [0/0] [__output_code] 
V0405 02:54:09.164000 32888 torch\_inductor\graph.py:2652] [0/0] [__output_code] def partition_0(args):
V0405 02:54:09.164000 32888 torch\_inductor\graph.py:2652] [0/0] [__output_code]     arg0_1, arg1_1, arg2_1, arg3_1, arg4_1 = args
V0405 02:54:09.164000 32888 torch\_inductor\graph.py:2652] [0/0] [__output_code]     args.clear()
V0405 02:54:09.164000 32888 torch\_inductor\graph.py:2652] [0/0] [__output_code]     assert_size_stride(arg0_1, (4096, 512), (512, 1))
V0405 02:54:09.164000 32888 torch\_inductor\graph.py:2652] [0/0] [__output_code]     assert_size_stride(arg1_1, (), ())
V0405 02:54:09.164000 32888 torch\_inductor\graph.py:2652] [0/0] [__output_code]     assert_size_stride(arg2_1, (1536, 512), (512, 1))
V0405 02:54:09.164000 32888 torch\_inductor\graph.py:2652] [0/0] [__output_code]     assert_size_stride(arg3_1, (512, 1536), (1536, 1))
V0405 02:54:09.164000 32888 torch\_inductor\graph.py:2652] [0/0] [__output_code]     assert_size_stride(arg4_1, (512, ), (1, ))
V0405 02:54:09.164000 32888 torch\_inductor\graph.py:2652] [0/0] [__output_code]     with torch.cuda._DeviceGuard(0):
V0405 02:54:09.164000 32888 torch\_inductor\graph.py:2652] [0/0] [__output_code]         torch.cuda.set_device(0)
V0405 02:54:09.164000 32888 torch\_inductor\graph.py:2652] [0/0] [__output_code]         buf1 = empty_strided_cuda((4096, 512), (512, 1), torch.bfloat16)
V0405 02:54:09.164000 32888 torch\_inductor\graph.py:2652] [0/0] [__output_code]         # Topologically Sorted Source Nodes: [rms_norm, normed], Original ATen: [aten._fused_rms_norm, aten.mul]
V0405 02:54:09.164000 32888 torch\_inductor\graph.py:2652] [0/0] [__output_code]         stream0 = get_raw_stream(0)
V0405 02:54:09.164000 32888 torch\_inductor\graph.py:2652] [0/0] [__output_code]         triton_per_fused__fused_rms_norm_mul_0.run(arg0_1, arg1_1, buf1, 4096, 512, stream=stream0)
V0405 02:54:09.164000 32888 torch\_inductor\graph.py:2652] [0/0] [__output_code]         del arg1_1
V0405 02:54:09.164000 32888 torch\_inductor\graph.py:2652] [0/0] [__output_code]         buf2 = empty_strided_cuda((4096, 1536), (1536, 1), torch.bfloat16)
V0405 02:54:09.164000 32888 torch\_inductor\graph.py:2652] [0/0] [__output_code]         # Topologically Sorted Source Nodes: [rms_norm, normed, linear], Original ATen: [aten._fused_rms_norm, aten.mul, aten.t, aten.mm]
V0405 02:54:09.164000 32888 torch\_inductor\graph.py:2652] [0/0] [__output_code]         extern_kernels.mm(buf1, reinterpret_tensor(arg2_1, (512, 1536), (1, 512), 0), out=buf2)
V0405 02:54:09.164000 32888 torch\_inductor\graph.py:2652] [0/0] [__output_code]         del arg2_1
V0405 02:54:09.164000 32888 torch\_inductor\graph.py:2652] [0/0] [__output_code]         del buf1
V0405 02:54:09.164000 32888 torch\_inductor\graph.py:2652] [0/0] [__output_code]         buf3 = buf2; del buf2  # reuse
V0405 02:54:09.164000 32888 torch\_inductor\graph.py:2652] [0/0] [__output_code]         # Topologically Sorted Source Nodes: [h, square], Original ATen: [aten.leaky_relu, aten.pow]
V0405 02:54:09.164000 32888 torch\_inductor\graph.py:2652] [0/0] [__output_code]         stream0 = get_raw_stream(0)
V0405 02:54:09.164000 32888 torch\_inductor\graph.py:2652] [0/0] [__output_code]         triton_poi_fused_leaky_relu_pow_1.run(buf3, 6291456, stream=stream0)
V0405 02:54:09.164000 32888 torch\_inductor\graph.py:2652] [0/0] [__output_code]         buf4 = empty_strided_cuda((4096, 512), (512, 1), torch.bfloat16)
V0405 02:54:09.164000 32888 torch\_inductor\graph.py:2652] [0/0] [__output_code]         # Topologically Sorted Source Nodes: [h, square, out], Original ATen: [aten.leaky_relu, aten.pow, aten.t, aten.mm]
V0405 02:54:09.164000 32888 torch\_inductor\graph.py:2652] [0/0] [__output_code]         extern_kernels.mm(buf3, reinterpret_tensor(arg3_1, (1536, 512), (1, 1536), 0), out=buf4)
V0405 02:54:09.164000 32888 torch\_inductor\graph.py:2652] [0/0] [__output_code]         del arg3_1
V0405 02:54:09.164000 32888 torch\_inductor\graph.py:2652] [0/0] [__output_code]         del buf3
V0405 02:54:09.164000 32888 torch\_inductor\graph.py:2652] [0/0] [__output_code]         buf5 = buf4; del buf4  # reuse
V0405 02:54:09.164000 32888 torch\_inductor\graph.py:2652] [0/0] [__output_code]         # Topologically Sorted Source Nodes: [getitem, mul_1, add], Original ATen: [aten.unsqueeze, aten.mul, aten.add]
V0405 02:54:09.164000 32888 torch\_inductor\graph.py:2652] [0/0] [__output_code]         stream0 = get_raw_stream(0)
V0405 02:54:09.164000 32888 torch\_inductor\graph.py:2652] [0/0] [__output_code]         triton_poi_fused_add_mul_unsqueeze_2.run(buf5, arg0_1, arg4_1, 2097152, stream=stream0)
V0405 02:54:09.164000 32888 torch\_inductor\graph.py:2652] [0/0] [__output_code]         del arg0_1
V0405 02:54:09.164000 32888 torch\_inductor\graph.py:2652] [0/0] [__output_code]         del arg4_1
V0405 02:54:09.164000 32888 torch\_inductor\graph.py:2652] [0/0] [__output_code]     return (buf5, )
V0405 02:54:09.164000 32888 torch\_inductor\graph.py:2652] [0/0] [__output_code] 
V0405 02:54:09.164000 32888 torch\_inductor\graph.py:2652] [0/0] [__output_code] 
V0405 02:54:09.164000 32888 torch\_inductor\graph.py:2652] [0/0] [__output_code] async_compile.wait(globals())
V0405 02:54:09.164000 32888 torch\_inductor\graph.py:2652] [0/0] [__output_code] del async_compile
V0405 02:54:09.164000 32888 torch\_inductor\graph.py:2652] [0/0] [__output_code] 
V0405 02:54:09.164000 32888 torch\_inductor\graph.py:2652] [0/0] [__output_code] class Runner:
V0405 02:54:09.164000 32888 torch\_inductor\graph.py:2652] [0/0] [__output_code]     def __init__(self, partitions):
V0405 02:54:09.164000 32888 torch\_inductor\graph.py:2652] [0/0] [__output_code]         self.partitions = partitions
V0405 02:54:09.164000 32888 torch\_inductor\graph.py:2652] [0/0] [__output_code] 
V0405 02:54:09.164000 32888 torch\_inductor\graph.py:2652] [0/0] [__output_code]     def recursively_apply_fns(self, fns):
V0405 02:54:09.164000 32888 torch\_inductor\graph.py:2652] [0/0] [__output_code]         new_callables = []
V0405 02:54:09.164000 32888 torch\_inductor\graph.py:2652] [0/0] [__output_code]         for fn, c in zip(fns, self.partitions):
V0405 02:54:09.164000 32888 torch\_inductor\graph.py:2652] [0/0] [__output_code]             new_callables.append(fn(c))
V0405 02:54:09.164000 32888 torch\_inductor\graph.py:2652] [0/0] [__output_code]         self.partitions = new_callables
V0405 02:54:09.164000 32888 torch\_inductor\graph.py:2652] [0/0] [__output_code] 
V0405 02:54:09.164000 32888 torch\_inductor\graph.py:2652] [0/0] [__output_code]     def call(self, args):
V0405 02:54:09.164000 32888 torch\_inductor\graph.py:2652] [0/0] [__output_code]         arg0_1, arg1_1, arg2_1, arg3_1, arg4_1 = args
V0405 02:54:09.164000 32888 torch\_inductor\graph.py:2652] [0/0] [__output_code]         args.clear()
V0405 02:54:09.164000 32888 torch\_inductor\graph.py:2652] [0/0] [__output_code]         partition0_args = [arg0_1, arg1_1, arg2_1, arg3_1, arg4_1]
V0405 02:54:09.164000 32888 torch\_inductor\graph.py:2652] [0/0] [__output_code]         del arg0_1, arg1_1, arg2_1, arg3_1, arg4_1
V0405 02:54:09.164000 32888 torch\_inductor\graph.py:2652] [0/0] [__output_code]         (buf5,) = self.partitions[0](partition0_args)
V0405 02:54:09.164000 32888 torch\_inductor\graph.py:2652] [0/0] [__output_code]         del partition0_args
V0405 02:54:09.164000 32888 torch\_inductor\graph.py:2652] [0/0] [__output_code]         return (buf5, )
V0405 02:54:09.164000 32888 torch\_inductor\graph.py:2652] [0/0] [__output_code] 
V0405 02:54:09.164000 32888 torch\_inductor\graph.py:2652] [0/0] [__output_code] runner = Runner(partitions=[partition_0,])
V0405 02:54:09.164000 32888 torch\_inductor\graph.py:2652] [0/0] [__output_code] call = runner.call
V0405 02:54:09.164000 32888 torch\_inductor\graph.py:2652] [0/0] [__output_code] recursively_apply_fns = runner.recursively_apply_fns
V0405 02:54:09.164000 32888 torch\_inductor\graph.py:2652] [0/0] [__output_code] 
V0405 02:54:09.164000 32888 torch\_inductor\graph.py:2652] [0/0] [__output_code] 
V0405 02:54:09.164000 32888 torch\_inductor\graph.py:2652] [0/0] [__output_code] def get_args():
V0405 02:54:09.164000 32888 torch\_inductor\graph.py:2652] [0/0] [__output_code]     from torch._dynamo.testing import rand_strided
V0405 02:54:09.164000 32888 torch\_inductor\graph.py:2652] [0/0] [__output_code]     arg0_1 = rand_strided((4096, 512), (512, 1), device='cuda:0', dtype=torch.bfloat16)
V0405 02:54:09.164000 32888 torch\_inductor\graph.py:2652] [0/0] [__output_code]     arg1_1 = rand_strided((), (), device='cuda:0', dtype=torch.bfloat16)
V0405 02:54:09.164000 32888 torch\_inductor\graph.py:2652] [0/0] [__output_code]     arg2_1 = rand_strided((1536, 512), (512, 1), device='cuda:0', dtype=torch.bfloat16)
V0405 02:54:09.164000 32888 torch\_inductor\graph.py:2652] [0/0] [__output_code]     arg3_1 = rand_strided((512, 1536), (1536, 1), device='cuda:0', dtype=torch.bfloat16)
V0405 02:54:09.164000 32888 torch\_inductor\graph.py:2652] [0/0] [__output_code]     arg4_1 = rand_strided((512, ), (1, ), device='cuda:0', dtype=torch.bfloat16)
V0405 02:54:09.164000 32888 torch\_inductor\graph.py:2652] [0/0] [__output_code]     return [arg0_1, arg1_1, arg2_1, arg3_1, arg4_1]
V0405 02:54:09.164000 32888 torch\_inductor\graph.py:2652] [0/0] [__output_code] 
V0405 02:54:09.164000 32888 torch\_inductor\graph.py:2652] [0/0] [__output_code] 
V0405 02:54:09.164000 32888 torch\_inductor\graph.py:2652] [0/0] [__output_code] def benchmark_compiled_module(args, times=10, repeat=10):
V0405 02:54:09.164000 32888 torch\_inductor\graph.py:2652] [0/0] [__output_code]     from torch._inductor.utils import print_performance
V0405 02:54:09.164000 32888 torch\_inductor\graph.py:2652] [0/0] [__output_code]     fn = lambda: call(list(args))
V0405 02:54:09.164000 32888 torch\_inductor\graph.py:2652] [0/0] [__output_code]     return print_performance(fn, times=times, repeat=repeat)
V0405 02:54:09.164000 32888 torch\_inductor\graph.py:2652] [0/0] [__output_code] 
V0405 02:54:09.164000 32888 torch\_inductor\graph.py:2652] [0/0] [__output_code] 
V0405 02:54:09.164000 32888 torch\_inductor\graph.py:2652] [0/0] [__output_code] if __name__ == "__main__":
V0405 02:54:09.164000 32888 torch\_inductor\graph.py:2652] [0/0] [__output_code]     from torch._inductor.wrapper_benchmark import compiled_module_main
V0405 02:54:09.164000 32888 torch\_inductor\graph.py:2652] [0/0] [__output_code]     args = get_args()
V0405 02:54:09.164000 32888 torch\_inductor\graph.py:2652] [0/0] [__output_code]     compiled_module_main('None', lambda times, repeat: benchmark_compiled_module(args, times=times, repeat=repeat))
V0405 02:54:09.164000 32888 torch\_inductor\graph.py:2652] [0/0] [__output_code] 
V0405 02:54:09.166000 32888 torch\_inductor\graph.py:2663] [0/0] [__output_code] Output code written to: C:\Users\adars\AppData\Local\Temp\torchinductor_adars\zk\czkehnl5ymrkqc3wzyl2kpehhyifb7t476qwgraxcvfzct2lwkp7.py
I0405 02:54:09.700000 32888 torch\_inductor\graph.py:2623] [0/0] [__output_code] Output code written to: C:\Users\adars\AppData\Local\Temp\torchinductor_adars\zk\czkehnl5ymrkqc3wzyl2kpehhyifb7t476qwgraxcvfzct2lwkp7.py
V0405 02:54:12.735000 32888 torch\_inductor\graph.py:2652] [0/0] [__output_code] Output code: 
V0405 02:54:12.735000 32888 torch\_inductor\graph.py:2652] [0/0] [__output_code] # AOT ID: ['5_inference']
V0405 02:54:12.735000 32888 torch\_inductor\graph.py:2652] [0/0] [__output_code] from ctypes import c_void_p, c_long, c_int
V0405 02:54:12.735000 32888 torch\_inductor\graph.py:2652] [0/0] [__output_code] import torch
V0405 02:54:12.735000 32888 torch\_inductor\graph.py:2652] [0/0] [__output_code] import math
V0405 02:54:12.735000 32888 torch\_inductor\graph.py:2652] [0/0] [__output_code] import random
V0405 02:54:12.735000 32888 torch\_inductor\graph.py:2652] [0/0] [__output_code] import os
V0405 02:54:12.735000 32888 torch\_inductor\graph.py:2652] [0/0] [__output_code] import tempfile
V0405 02:54:12.735000 32888 torch\_inductor\graph.py:2652] [0/0] [__output_code] from math import inf, nan
V0405 02:54:12.735000 32888 torch\_inductor\graph.py:2652] [0/0] [__output_code] from cmath import nanj
V0405 02:54:12.735000 32888 torch\_inductor\graph.py:2652] [0/0] [__output_code] from torch._inductor.hooks import run_intermediate_hooks
V0405 02:54:12.735000 32888 torch\_inductor\graph.py:2652] [0/0] [__output_code] from torch._inductor.utils import maybe_profile
V0405 02:54:12.735000 32888 torch\_inductor\graph.py:2652] [0/0] [__output_code] from torch._inductor.codegen.memory_planning import _align as align
V0405 02:54:12.735000 32888 torch\_inductor\graph.py:2652] [0/0] [__output_code] from torch import device, empty_strided
V0405 02:54:12.735000 32888 torch\_inductor\graph.py:2652] [0/0] [__output_code] from torch._inductor.async_compile import AsyncCompile
V0405 02:54:12.735000 32888 torch\_inductor\graph.py:2652] [0/0] [__output_code] from torch._inductor.select_algorithm import extern_kernels
V0405 02:54:12.735000 32888 torch\_inductor\graph.py:2652] [0/0] [__output_code] import triton
V0405 02:54:12.735000 32888 torch\_inductor\graph.py:2652] [0/0] [__output_code] import triton.language as tl
V0405 02:54:12.735000 32888 torch\_inductor\graph.py:2652] [0/0] [__output_code] from torch._inductor.runtime.triton_heuristics import start_graph, end_graph
V0405 02:54:12.735000 32888 torch\_inductor\graph.py:2652] [0/0] [__output_code] from torch._C import _cuda_getCurrentRawStream as get_raw_stream
V0405 02:54:12.735000 32888 torch\_inductor\graph.py:2652] [0/0] [__output_code] 
V0405 02:54:12.735000 32888 torch\_inductor\graph.py:2652] [0/0] [__output_code] aten = torch.ops.aten
V0405 02:54:12.735000 32888 torch\_inductor\graph.py:2652] [0/0] [__output_code] inductor_ops = torch.ops.inductor
V0405 02:54:12.735000 32888 torch\_inductor\graph.py:2652] [0/0] [__output_code] _quantized = torch.ops._quantized
V0405 02:54:12.735000 32888 torch\_inductor\graph.py:2652] [0/0] [__output_code] assert_size_stride = torch._C._dynamo.guards.assert_size_stride
V0405 02:54:12.735000 32888 torch\_inductor\graph.py:2652] [0/0] [__output_code] assert_alignment = torch._C._dynamo.guards.assert_alignment
V0405 02:54:12.735000 32888 torch\_inductor\graph.py:2652] [0/0] [__output_code] empty_strided_cpu = torch._C._dynamo.guards._empty_strided_cpu
V0405 02:54:12.735000 32888 torch\_inductor\graph.py:2652] [0/0] [__output_code] empty_strided_cpu_pinned = torch._C._dynamo.guards._empty_strided_cpu_pinned
V0405 02:54:12.735000 32888 torch\_inductor\graph.py:2652] [0/0] [__output_code] empty_strided_cuda = torch._C._dynamo.guards._empty_strided_cuda
V0405 02:54:12.735000 32888 torch\_inductor\graph.py:2652] [0/0] [__output_code] empty_strided_xpu = torch._C._dynamo.guards._empty_strided_xpu
V0405 02:54:12.735000 32888 torch\_inductor\graph.py:2652] [0/0] [__output_code] empty_strided_mtia = torch._C._dynamo.guards._empty_strided_mtia
V0405 02:54:12.735000 32888 torch\_inductor\graph.py:2652] [0/0] [__output_code] reinterpret_tensor = torch._C._dynamo.guards._reinterpret_tensor
V0405 02:54:12.735000 32888 torch\_inductor\graph.py:2652] [0/0] [__output_code] alloc_from_pool = torch.ops.inductor._alloc_from_pool
V0405 02:54:12.735000 32888 torch\_inductor\graph.py:2652] [0/0] [__output_code] async_compile = AsyncCompile()
V0405 02:54:12.735000 32888 torch\_inductor\graph.py:2652] [0/0] [__output_code] empty_strided_p2p = torch._C._distributed_c10d._SymmetricMemory.empty_strided_p2p
V0405 02:54:12.735000 32888 torch\_inductor\graph.py:2652] [0/0] [__output_code] 
V0405 02:54:12.735000 32888 torch\_inductor\graph.py:2652] [0/0] [__output_code] 
V0405 02:54:12.735000 32888 torch\_inductor\graph.py:2652] [0/0] [__output_code] # kernel path: C:\Users\adars\AppData\Local\Temp\torchinductor_adars\bm\cbmtteohsuah7vpd5yox24o4jo3ko2lmwpeijzvtt7t6uy234m32.py
V0405 02:54:12.735000 32888 torch\_inductor\graph.py:2652] [0/0] [__output_code] # Topologically Sorted Source Nodes: [normed], Original ATen: [aten._fused_rms_norm]
V0405 02:54:12.735000 32888 torch\_inductor\graph.py:2652] [0/0] [__output_code] # Source node to ATen node mapping:
V0405 02:54:12.735000 32888 torch\_inductor\graph.py:2652] [0/0] [__output_code] #   normed => add, convert_element_type, convert_element_type_1, mean, mul, pow_1, rsqrt
V0405 02:54:12.735000 32888 torch\_inductor\graph.py:2652] [0/0] [__output_code] # Graph fragment:
V0405 02:54:12.735000 32888 torch\_inductor\graph.py:2652] [0/0] [__output_code] #   %arg0_1 : Tensor "bf16[4096, 512][512, 1]cuda:0" = PlaceHolder[target=arg0_1]
V0405 02:54:12.735000 32888 torch\_inductor\graph.py:2652] [0/0] [__output_code] #   %buf0 : Tensor "f32[4096, 1][1, 4096]cuda:0" = PlaceHolder[target=buf0]
V0405 02:54:12.735000 32888 torch\_inductor\graph.py:2652] [0/0] [__output_code] #   %convert_element_type : Tensor "f32[4096, 512][512, 1]cuda:0"[num_users=2] = call_function[target=torch.ops.prims.convert_element_type.default](args = (%arg0_1, torch.float32), kwargs = {})
V0405 02:54:12.735000 32888 torch\_inductor\graph.py:2652] [0/0] [__output_code] #   %pow_1 : Tensor "f32[4096, 512][512, 1]cuda:0"[num_users=1] = call_function[target=torch.ops.aten.pow.Tensor_Scalar](args = (%convert_element_type, 2), kwargs = {})
V0405 02:54:12.735000 32888 torch\_inductor\graph.py:2652] [0/0] [__output_code] #   %mean : Tensor "f32[4096, 1][1, 1]cuda:0"[num_users=1] = call_function[target=torch.ops.aten.mean.dim](args = (%pow_1, [1], True), kwargs = {})
V0405 02:54:12.735000 32888 torch\_inductor\graph.py:2652] [0/0] [__output_code] #   %add : Tensor "f32[4096, 1][1, 1]cuda:0"[num_users=1] = call_function[target=torch.ops.aten.add.Scalar](args = (%mean, 1.1920928955078125e-07), kwargs = {})
V0405 02:54:12.735000 32888 torch\_inductor\graph.py:2652] [0/0] [__output_code] #   %rsqrt : Tensor "f32[4096, 1][1, 1]cuda:0"[num_users=1] = call_function[target=torch.ops.aten.rsqrt.default](args = (%add,), kwargs = {})
V0405 02:54:12.735000 32888 torch\_inductor\graph.py:2652] [0/0] [__output_code] #   %mul : Tensor "f32[4096, 512][512, 1]cuda:0"[num_users=1] = call_function[target=torch.ops.aten.mul.Tensor](args = (%convert_element_type, %rsqrt), kwargs = {})
V0405 02:54:12.735000 32888 torch\_inductor\graph.py:2652] [0/0] [__output_code] #   %convert_element_type_1 : Tensor "bf16[4096, 512][512, 1]cuda:0"[num_users=3] = call_function[target=torch.ops.prims.convert_element_type.default](args = (%mul, torch.bfloat16), kwargs = {})
V0405 02:54:12.735000 32888 torch\_inductor\graph.py:2652] [0/0] [__output_code] #   return %buf0,%convert_element_type_1
V0405 02:54:12.735000 32888 torch\_inductor\graph.py:2652] [0/0] [__output_code] triton_per_fused__fused_rms_norm_0 = async_compile.triton('triton_per_fused__fused_rms_norm_0', '''
V0405 02:54:12.735000 32888 torch\_inductor\graph.py:2652] [0/0] [__output_code] import triton
V0405 02:54:12.735000 32888 torch\_inductor\graph.py:2652] [0/0] [__output_code] import triton.language as tl
V0405 02:54:12.735000 32888 torch\_inductor\graph.py:2652] [0/0] [__output_code] 
V0405 02:54:12.735000 32888 torch\_inductor\graph.py:2652] [0/0] [__output_code] from torch._inductor.runtime import triton_helpers, triton_heuristics
V0405 02:54:12.735000 32888 torch\_inductor\graph.py:2652] [0/0] [__output_code] from torch._inductor.runtime.triton_helpers import libdevice, math as tl_math
V0405 02:54:12.735000 32888 torch\_inductor\graph.py:2652] [0/0] [__output_code] from torch._inductor.runtime.hints import AutotuneHint, ReductionHint, TileHint, DeviceProperties
V0405 02:54:12.735000 32888 torch\_inductor\graph.py:2652] [0/0] [__output_code] triton_helpers.set_driver_to_gpu()
V0405 02:54:12.735000 32888 torch\_inductor\graph.py:2652] [0/0] [__output_code] 
V0405 02:54:12.735000 32888 torch\_inductor\graph.py:2652] [0/0] [__output_code] @triton_heuristics.persistent_reduction(
V0405 02:54:12.735000 32888 torch\_inductor\graph.py:2652] [0/0] [__output_code]     size_hints={'x': 4096, 'r0_': 512},
V0405 02:54:12.735000 32888 torch\_inductor\graph.py:2652] [0/0] [__output_code]     reduction_hint=ReductionHint.INNER,
V0405 02:54:12.735000 32888 torch\_inductor\graph.py:2652] [0/0] [__output_code]     filename=__file__,
V0405 02:54:12.735000 32888 torch\_inductor\graph.py:2652] [0/0] [__output_code]     triton_meta={'signature': {'in_ptr0': '*bf16', 'out_ptr1': '*bf16', 'xnumel': 'i32', 'r0_numel': 'i32', 'XBLOCK': 'constexpr'}, 'device': DeviceProperties(type='cuda', index=0, multi_processor_count=46, cc=120, major=12, regs_per_multiprocessor=65536, max_threads_per_multi_processor=1536, max_threads_per_block=1024, warp_size=32), 'constants': {}, 'native_matmul': False, 'enable_fp_fusion': True, 'launch_pdl': False, 'disable_ftz': False, 'configs': [{(0,): [['tt.divisibility', 16]], (1,): [['tt.divisibility', 16]], (2,): [['tt.divisibility', 16]], (3,): [['tt.divisibility', 16]]}]},
V0405 02:54:12.735000 32888 torch\_inductor\graph.py:2652] [0/0] [__output_code]     inductor_meta={'grid_type': 'Grid1D', 'autotune_hints': set(), 'kernel_name': 'triton_per_fused__fused_rms_norm_0', 'mutated_arg_names': [], 'optimize_mem': True, 'no_x_dim': None, 'atomic_add_found': False, 'num_load': 1, 'num_store': 1, 'num_reduction': 1, 'backend_hash': '852F9A3305D7C93EBEB502CE3BC231F01B01CE166A6FB3A43463667B2BACE826', 'assert_indirect_indexing': True, 'autotune_local_cache': True, 'autotune_pointwise': True, 'autotune_remote_cache': None, 'force_disable_caches': False, 'dynamic_scale_rblock': True, 'max_autotune': False, 'max_autotune_pointwise': False, 'min_split_scan_rblock': 256, 'spill_threshold': 16, 'store_cubin': False, 'deterministic': False, 'force_filter_reduction_configs': False, 'mix_order_reduction_allow_multi_stages': False, 'are_deterministic_algorithms_enabled': False, 'tiling_scores': {'x': 0, 'r0_': 12582912}}
V0405 02:54:12.735000 32888 torch\_inductor\graph.py:2652] [0/0] [__output_code] )
V0405 02:54:12.735000 32888 torch\_inductor\graph.py:2652] [0/0] [__output_code] @triton.jit
V0405 02:54:12.735000 32888 torch\_inductor\graph.py:2652] [0/0] [__output_code] def triton_per_fused__fused_rms_norm_0(in_ptr0, out_ptr1, xnumel, r0_numel, XBLOCK : tl.constexpr):
V0405 02:54:12.735000 32888 torch\_inductor\graph.py:2652] [0/0] [__output_code]     xnumel = 4096
V0405 02:54:12.735000 32888 torch\_inductor\graph.py:2652] [0/0] [__output_code]     r0_numel = 512
V0405 02:54:12.735000 32888 torch\_inductor\graph.py:2652] [0/0] [__output_code]     R0_BLOCK: tl.constexpr = 512
V0405 02:54:12.735000 32888 torch\_inductor\graph.py:2652] [0/0] [__output_code]     rnumel = r0_numel
V0405 02:54:12.735000 32888 torch\_inductor\graph.py:2652] [0/0] [__output_code]     RBLOCK: tl.constexpr = R0_BLOCK
V0405 02:54:12.735000 32888 torch\_inductor\graph.py:2652] [0/0] [__output_code]     xoffset = tl.program_id(0) * XBLOCK
V0405 02:54:12.735000 32888 torch\_inductor\graph.py:2652] [0/0] [__output_code]     xindex = xoffset + tl.arange(0, XBLOCK)[:, None]
V0405 02:54:12.735000 32888 torch\_inductor\graph.py:2652] [0/0] [__output_code]     xmask = tl.full([XBLOCK], True, tl.int1)[:, None]
V0405 02:54:12.735000 32888 torch\_inductor\graph.py:2652] [0/0] [__output_code]     r0_index = tl.arange(0, R0_BLOCK)[None, :]
V0405 02:54:12.735000 32888 torch\_inductor\graph.py:2652] [0/0] [__output_code]     r0_offset = 0
V0405 02:54:12.735000 32888 torch\_inductor\graph.py:2652] [0/0] [__output_code]     r0_mask = tl.full([R0_BLOCK], True, tl.int1)[None, :]
V0405 02:54:12.735000 32888 torch\_inductor\graph.py:2652] [0/0] [__output_code]     roffset = r0_offset
V0405 02:54:12.735000 32888 torch\_inductor\graph.py:2652] [0/0] [__output_code]     rindex = r0_index
V0405 02:54:12.735000 32888 torch\_inductor\graph.py:2652] [0/0] [__output_code]     r0_1 = r0_index
V0405 02:54:12.735000 32888 torch\_inductor\graph.py:2652] [0/0] [__output_code]     x0 = xindex
V0405 02:54:12.735000 32888 torch\_inductor\graph.py:2652] [0/0] [__output_code]     tmp0 = tl.load(in_ptr0 + (r0_1 + 512*x0), None).to(tl.float32)
V0405 02:54:12.735000 32888 torch\_inductor\graph.py:2652] [0/0] [__output_code]     tmp1 = tmp0.to(tl.float32)
V0405 02:54:12.735000 32888 torch\_inductor\graph.py:2652] [0/0] [__output_code]     tmp2 = tmp1 * tmp1
V0405 02:54:12.735000 32888 torch\_inductor\graph.py:2652] [0/0] [__output_code]     tmp3 = tl.broadcast_to(tmp2, [XBLOCK, R0_BLOCK])
V0405 02:54:12.735000 32888 torch\_inductor\graph.py:2652] [0/0] [__output_code]     tmp5 = tl.sum(tmp3, 1)[:, None].to(tl.float32)
V0405 02:54:12.735000 32888 torch\_inductor\graph.py:2652] [0/0] [__output_code]     tmp6 = tl.full([1, 1], 512.0, tl.float32)
V0405 02:54:12.735000 32888 torch\_inductor\graph.py:2652] [0/0] [__output_code]     tmp7 = (tmp5 / tmp6)
V0405 02:54:12.735000 32888 torch\_inductor\graph.py:2652] [0/0] [__output_code]     tmp8 = tl.full([1, 1], 1.1920928955078125e-07, tl.float32)
V0405 02:54:12.735000 32888 torch\_inductor\graph.py:2652] [0/0] [__output_code]     tmp9 = tmp7 + tmp8
V0405 02:54:12.735000 32888 torch\_inductor\graph.py:2652] [0/0] [__output_code]     tmp10 = libdevice.rsqrt(tmp9)
V0405 02:54:12.735000 32888 torch\_inductor\graph.py:2652] [0/0] [__output_code]     tmp11 = tmp1 * tmp10
V0405 02:54:12.735000 32888 torch\_inductor\graph.py:2652] [0/0] [__output_code]     tmp12 = tmp11.to(tl.float32)
V0405 02:54:12.735000 32888 torch\_inductor\graph.py:2652] [0/0] [__output_code]     tl.store(out_ptr1 + (r0_1 + 512*x0), tmp12, None)
V0405 02:54:12.735000 32888 torch\_inductor\graph.py:2652] [0/0] [__output_code] ''', device_str='cuda')
V0405 02:54:12.735000 32888 torch\_inductor\graph.py:2652] [0/0] [__output_code] 
V0405 02:54:12.735000 32888 torch\_inductor\graph.py:2652] [0/0] [__output_code] 
V0405 02:54:12.735000 32888 torch\_inductor\graph.py:2652] [0/0] [__output_code] async_compile.wait(globals())
V0405 02:54:12.735000 32888 torch\_inductor\graph.py:2652] [0/0] [__output_code] del async_compile
V0405 02:54:12.735000 32888 torch\_inductor\graph.py:2652] [0/0] [__output_code] 
V0405 02:54:12.735000 32888 torch\_inductor\graph.py:2652] [0/0] [__output_code] class Runner:
V0405 02:54:12.735000 32888 torch\_inductor\graph.py:2652] [0/0] [__output_code]     def __init__(self, partitions):
V0405 02:54:12.735000 32888 torch\_inductor\graph.py:2652] [0/0] [__output_code]         self.partitions = partitions
V0405 02:54:12.735000 32888 torch\_inductor\graph.py:2652] [0/0] [__output_code] 
V0405 02:54:12.735000 32888 torch\_inductor\graph.py:2652] [0/0] [__output_code]     def recursively_apply_fns(self, fns):
V0405 02:54:12.735000 32888 torch\_inductor\graph.py:2652] [0/0] [__output_code]         new_callables = []
V0405 02:54:12.735000 32888 torch\_inductor\graph.py:2652] [0/0] [__output_code]         for fn, c in zip(fns, self.partitions):
V0405 02:54:12.735000 32888 torch\_inductor\graph.py:2652] [0/0] [__output_code]             new_callables.append(fn(c))
V0405 02:54:12.735000 32888 torch\_inductor\graph.py:2652] [0/0] [__output_code]         self.partitions = new_callables
V0405 02:54:12.735000 32888 torch\_inductor\graph.py:2652] [0/0] [__output_code] 
V0405 02:54:12.735000 32888 torch\_inductor\graph.py:2652] [0/0] [__output_code]     def call(self, args):
V0405 02:54:12.735000 32888 torch\_inductor\graph.py:2652] [0/0] [__output_code]         arg0_1, arg1_1, arg2_1 = args
V0405 02:54:12.735000 32888 torch\_inductor\graph.py:2652] [0/0] [__output_code]         args.clear()
V0405 02:54:12.735000 32888 torch\_inductor\graph.py:2652] [0/0] [__output_code]         assert_size_stride(arg0_1, (4096, 512), (512, 1))
V0405 02:54:12.735000 32888 torch\_inductor\graph.py:2652] [0/0] [__output_code]         assert_size_stride(arg1_1, (512, 512), (512, 1))
V0405 02:54:12.735000 32888 torch\_inductor\graph.py:2652] [0/0] [__output_code]         assert_size_stride(arg2_1, (256, 512), (512, 1))
V0405 02:54:12.735000 32888 torch\_inductor\graph.py:2652] [0/0] [__output_code]         with torch.cuda._DeviceGuard(0):
V0405 02:54:12.735000 32888 torch\_inductor\graph.py:2652] [0/0] [__output_code]             torch.cuda.set_device(0)
V0405 02:54:12.735000 32888 torch\_inductor\graph.py:2652] [0/0] [__output_code]             buf1 = empty_strided_cuda((4096, 512), (512, 1), torch.bfloat16)
V0405 02:54:12.735000 32888 torch\_inductor\graph.py:2652] [0/0] [__output_code]             # Topologically Sorted Source Nodes: [normed], Original ATen: [aten._fused_rms_norm]
V0405 02:54:12.735000 32888 torch\_inductor\graph.py:2652] [0/0] [__output_code]             stream0 = get_raw_stream(0)
V0405 02:54:12.735000 32888 torch\_inductor\graph.py:2652] [0/0] [__output_code]             triton_per_fused__fused_rms_norm_0.run(arg0_1, buf1, 4096, 512, stream=stream0)
V0405 02:54:12.735000 32888 torch\_inductor\graph.py:2652] [0/0] [__output_code]             del arg0_1
V0405 02:54:12.735000 32888 torch\_inductor\graph.py:2652] [0/0] [__output_code]             buf2 = empty_strided_cuda((4096, 512), (512, 1), torch.bfloat16)
V0405 02:54:12.735000 32888 torch\_inductor\graph.py:2652] [0/0] [__output_code]             # Topologically Sorted Source Nodes: [q], Original ATen: [aten.t, aten.mm]
V0405 02:54:12.735000 32888 torch\_inductor\graph.py:2652] [0/0] [__output_code]             extern_kernels.mm(buf1, reinterpret_tensor(arg1_1, (512, 512), (1, 512), 0), out=buf2)
V0405 02:54:12.735000 32888 torch\_inductor\graph.py:2652] [0/0] [__output_code]             del arg1_1
V0405 02:54:12.735000 32888 torch\_inductor\graph.py:2652] [0/0] [__output_code]             buf3 = empty_strided_cuda((4096, 256), (256, 1), torch.bfloat16)
V0405 02:54:12.735000 32888 torch\_inductor\graph.py:2652] [0/0] [__output_code]             # Topologically Sorted Source Nodes: [k], Original ATen: [aten.t, aten.mm]
V0405 02:54:12.735000 32888 torch\_inductor\graph.py:2652] [0/0] [__output_code]             extern_kernels.mm(buf1, reinterpret_tensor(arg2_1, (512, 256), (1, 512), 0), out=buf3)
V0405 02:54:12.735000 32888 torch\_inductor\graph.py:2652] [0/0] [__output_code]             buf4 = empty_strided_cuda((4096, 256), (256, 1), torch.bfloat16)
V0405 02:54:12.735000 32888 torch\_inductor\graph.py:2652] [0/0] [__output_code]             # Topologically Sorted Source Nodes: [v], Original ATen: [aten.t, aten.mm]
V0405 02:54:12.735000 32888 torch\_inductor\graph.py:2652] [0/0] [__output_code]             extern_kernels.mm(buf1, reinterpret_tensor(arg2_1, (512, 256), (1, 512), 0), out=buf4)
V0405 02:54:12.735000 32888 torch\_inductor\graph.py:2652] [0/0] [__output_code]             del arg2_1
V0405 02:54:12.735000 32888 torch\_inductor\graph.py:2652] [0/0] [__output_code]             del buf1
V0405 02:54:12.735000 32888 torch\_inductor\graph.py:2652] [0/0] [__output_code]         return (buf2, buf3, buf4, )
V0405 02:54:12.735000 32888 torch\_inductor\graph.py:2652] [0/0] [__output_code] 
V0405 02:54:12.735000 32888 torch\_inductor\graph.py:2652] [0/0] [__output_code] runner = Runner(partitions=[])
V0405 02:54:12.735000 32888 torch\_inductor\graph.py:2652] [0/0] [__output_code] call = runner.call
V0405 02:54:12.735000 32888 torch\_inductor\graph.py:2652] [0/0] [__output_code] recursively_apply_fns = runner.recursively_apply_fns
V0405 02:54:12.735000 32888 torch\_inductor\graph.py:2652] [0/0] [__output_code] 
V0405 02:54:12.735000 32888 torch\_inductor\graph.py:2652] [0/0] [__output_code] 
V0405 02:54:12.735000 32888 torch\_inductor\graph.py:2652] [0/0] [__output_code] def get_args():
V0405 02:54:12.735000 32888 torch\_inductor\graph.py:2652] [0/0] [__output_code]     from torch._dynamo.testing import rand_strided
V0405 02:54:12.735000 32888 torch\_inductor\graph.py:2652] [0/0] [__output_code]     arg0_1 = rand_strided((4096, 512), (512, 1), device='cuda:0', dtype=torch.bfloat16)
V0405 02:54:12.735000 32888 torch\_inductor\graph.py:2652] [0/0] [__output_code]     arg1_1 = rand_strided((512, 512), (512, 1), device='cuda:0', dtype=torch.bfloat16)
V0405 02:54:12.735000 32888 torch\_inductor\graph.py:2652] [0/0] [__output_code]     arg2_1 = rand_strided((256, 512), (512, 1), device='cuda:0', dtype=torch.bfloat16)
V0405 02:54:12.735000 32888 torch\_inductor\graph.py:2652] [0/0] [__output_code]     return [arg0_1, arg1_1, arg2_1]
V0405 02:54:12.735000 32888 torch\_inductor\graph.py:2652] [0/0] [__output_code] 
V0405 02:54:12.735000 32888 torch\_inductor\graph.py:2652] [0/0] [__output_code] 
V0405 02:54:12.735000 32888 torch\_inductor\graph.py:2652] [0/0] [__output_code] def benchmark_compiled_module(args, times=10, repeat=10):
V0405 02:54:12.735000 32888 torch\_inductor\graph.py:2652] [0/0] [__output_code]     from torch._inductor.utils import print_performance
V0405 02:54:12.735000 32888 torch\_inductor\graph.py:2652] [0/0] [__output_code]     fn = lambda: call(list(args))
V0405 02:54:12.735000 32888 torch\_inductor\graph.py:2652] [0/0] [__output_code]     return print_performance(fn, times=times, repeat=repeat)
V0405 02:54:12.735000 32888 torch\_inductor\graph.py:2652] [0/0] [__output_code] 
V0405 02:54:12.735000 32888 torch\_inductor\graph.py:2652] [0/0] [__output_code] 
V0405 02:54:12.735000 32888 torch\_inductor\graph.py:2652] [0/0] [__output_code] if __name__ == "__main__":
V0405 02:54:12.735000 32888 torch\_inductor\graph.py:2652] [0/0] [__output_code]     from torch._inductor.wrapper_benchmark import compiled_module_main
V0405 02:54:12.735000 32888 torch\_inductor\graph.py:2652] [0/0] [__output_code]     args = get_args()
V0405 02:54:12.735000 32888 torch\_inductor\graph.py:2652] [0/0] [__output_code]     compiled_module_main('None', lambda times, repeat: benchmark_compiled_module(args, times=times, repeat=repeat))
V0405 02:54:12.735000 32888 torch\_inductor\graph.py:2652] [0/0] [__output_code] 
V0405 02:54:12.738000 32888 torch\_inductor\graph.py:2663] [0/0] [__output_code] Output code written to: C:\Users\adars\AppData\Local\Temp\torchinductor_adars\ac\cacppj3r4dkydkegpwg6bj2epescgrdq4c3plttmxs4pyqdcmtlq.py
I0405 02:54:12.764000 32888 torch\_inductor\graph.py:2623] [0/0] [__output_code] Output code written to: C:\Users\adars\AppData\Local\Temp\torchinductor_adars\ac\cacppj3r4dkydkegpwg6bj2epescgrdq4c3plttmxs4pyqdcmtlq.py
V0405 02:54:12.981000 32888 torch\_inductor\codecache.py:1438] [1/0] [__output_code] Output code: 
V0405 02:54:12.981000 32888 torch\_inductor\codecache.py:1438] [1/0] [__output_code] # AOT ID: ['3_inference']
V0405 02:54:12.981000 32888 torch\_inductor\codecache.py:1438] [1/0] [__output_code] from ctypes import c_void_p, c_long, c_int
V0405 02:54:12.981000 32888 torch\_inductor\codecache.py:1438] [1/0] [__output_code] import torch
V0405 02:54:12.981000 32888 torch\_inductor\codecache.py:1438] [1/0] [__output_code] import math
V0405 02:54:12.981000 32888 torch\_inductor\codecache.py:1438] [1/0] [__output_code] import random
V0405 02:54:12.981000 32888 torch\_inductor\codecache.py:1438] [1/0] [__output_code] import os
V0405 02:54:12.981000 32888 torch\_inductor\codecache.py:1438] [1/0] [__output_code] import tempfile
V0405 02:54:12.981000 32888 torch\_inductor\codecache.py:1438] [1/0] [__output_code] from math import inf, nan
V0405 02:54:12.981000 32888 torch\_inductor\codecache.py:1438] [1/0] [__output_code] from cmath import nanj
V0405 02:54:12.981000 32888 torch\_inductor\codecache.py:1438] [1/0] [__output_code] from torch._inductor.hooks import run_intermediate_hooks
V0405 02:54:12.981000 32888 torch\_inductor\codecache.py:1438] [1/0] [__output_code] from torch._inductor.utils import maybe_profile
V0405 02:54:12.981000 32888 torch\_inductor\codecache.py:1438] [1/0] [__output_code] from torch._inductor.codegen.memory_planning import _align as align
V0405 02:54:12.981000 32888 torch\_inductor\codecache.py:1438] [1/0] [__output_code] from torch import device, empty_strided
V0405 02:54:12.981000 32888 torch\_inductor\codecache.py:1438] [1/0] [__output_code] from torch._inductor.async_compile import AsyncCompile
V0405 02:54:12.981000 32888 torch\_inductor\codecache.py:1438] [1/0] [__output_code] from torch._inductor.select_algorithm import extern_kernels
V0405 02:54:12.981000 32888 torch\_inductor\codecache.py:1438] [1/0] [__output_code] import triton
V0405 02:54:12.981000 32888 torch\_inductor\codecache.py:1438] [1/0] [__output_code] import triton.language as tl
V0405 02:54:12.981000 32888 torch\_inductor\codecache.py:1438] [1/0] [__output_code] from torch._inductor.runtime.triton_heuristics import start_graph, end_graph
V0405 02:54:12.981000 32888 torch\_inductor\codecache.py:1438] [1/0] [__output_code] from torch._C import _cuda_getCurrentRawStream as get_raw_stream
V0405 02:54:12.981000 32888 torch\_inductor\codecache.py:1438] [1/0] [__output_code] 
V0405 02:54:12.981000 32888 torch\_inductor\codecache.py:1438] [1/0] [__output_code] aten = torch.ops.aten
V0405 02:54:12.981000 32888 torch\_inductor\codecache.py:1438] [1/0] [__output_code] inductor_ops = torch.ops.inductor
V0405 02:54:12.981000 32888 torch\_inductor\codecache.py:1438] [1/0] [__output_code] _quantized = torch.ops._quantized
V0405 02:54:12.981000 32888 torch\_inductor\codecache.py:1438] [1/0] [__output_code] assert_size_stride = torch._C._dynamo.guards.assert_size_stride
V0405 02:54:12.981000 32888 torch\_inductor\codecache.py:1438] [1/0] [__output_code] assert_alignment = torch._C._dynamo.guards.assert_alignment
V0405 02:54:12.981000 32888 torch\_inductor\codecache.py:1438] [1/0] [__output_code] empty_strided_cpu = torch._C._dynamo.guards._empty_strided_cpu
V0405 02:54:12.981000 32888 torch\_inductor\codecache.py:1438] [1/0] [__output_code] empty_strided_cpu_pinned = torch._C._dynamo.guards._empty_strided_cpu_pinned
V0405 02:54:12.981000 32888 torch\_inductor\codecache.py:1438] [1/0] [__output_code] empty_strided_cuda = torch._C._dynamo.guards._empty_strided_cuda
V0405 02:54:12.981000 32888 torch\_inductor\codecache.py:1438] [1/0] [__output_code] empty_strided_xpu = torch._C._dynamo.guards._empty_strided_xpu
V0405 02:54:12.981000 32888 torch\_inductor\codecache.py:1438] [1/0] [__output_code] empty_strided_mtia = torch._C._dynamo.guards._empty_strided_mtia
V0405 02:54:12.981000 32888 torch\_inductor\codecache.py:1438] [1/0] [__output_code] reinterpret_tensor = torch._C._dynamo.guards._reinterpret_tensor
V0405 02:54:12.981000 32888 torch\_inductor\codecache.py:1438] [1/0] [__output_code] alloc_from_pool = torch.ops.inductor._alloc_from_pool
V0405 02:54:12.981000 32888 torch\_inductor\codecache.py:1438] [1/0] [__output_code] async_compile = AsyncCompile()
V0405 02:54:12.981000 32888 torch\_inductor\codecache.py:1438] [1/0] [__output_code] empty_strided_p2p = torch._C._distributed_c10d._SymmetricMemory.empty_strided_p2p
V0405 02:54:12.981000 32888 torch\_inductor\codecache.py:1438] [1/0] [__output_code] 
V0405 02:54:12.981000 32888 torch\_inductor\codecache.py:1438] [1/0] [__output_code] 
V0405 02:54:12.981000 32888 torch\_inductor\codecache.py:1438] [1/0] [__output_code] # kernel path: C:\Users\adars\AppData\Local\Temp\torchinductor_adars\v4\cv43yjm45folxibeq6klqtsparsnr4cmnm6fahgidsvroj4m45cf.py
V0405 02:54:12.981000 32888 torch\_inductor\codecache.py:1438] [1/0] [__output_code] # Topologically Sorted Source Nodes: [rms_norm, normed], Original ATen: [aten._fused_rms_norm, aten.mul]
V0405 02:54:12.981000 32888 torch\_inductor\codecache.py:1438] [1/0] [__output_code] # Source node to ATen node mapping:
V0405 02:54:12.981000 32888 torch\_inductor\codecache.py:1438] [1/0] [__output_code] #   normed => mul_1
V0405 02:54:12.981000 32888 torch\_inductor\codecache.py:1438] [1/0] [__output_code] #   rms_norm => add, convert_element_type, convert_element_type_1, mean, mul, pow_1, rsqrt
V0405 02:54:12.981000 32888 torch\_inductor\codecache.py:1438] [1/0] [__output_code] # Graph fragment:
V0405 02:54:12.981000 32888 torch\_inductor\codecache.py:1438] [1/0] [__output_code] #   %arg0_1 : Tensor "bf16[4096, 512][512, 1]cuda:0" = PlaceHolder[target=arg0_1]
V0405 02:54:12.981000 32888 torch\_inductor\codecache.py:1438] [1/0] [__output_code] #   %buf0 : Tensor "f32[4096, 1][1, 4096]cuda:0" = PlaceHolder[target=buf0]
V0405 02:54:12.981000 32888 torch\_inductor\codecache.py:1438] [1/0] [__output_code] #   %arg1_1 : Tensor "bf16[][]cuda:0" = PlaceHolder[target=arg1_1]
V0405 02:54:12.981000 32888 torch\_inductor\codecache.py:1438] [1/0] [__output_code] #   %convert_element_type : Tensor "f32[4096, 512][512, 1]cuda:0"[num_users=2] = call_function[target=torch.ops.prims.convert_element_type.default](args = (%arg0_1, torch.float32), kwargs = {})
V0405 02:54:12.981000 32888 torch\_inductor\codecache.py:1438] [1/0] [__output_code] #   %pow_1 : Tensor "f32[4096, 512][512, 1]cuda:0"[num_users=1] = call_function[target=torch.ops.aten.pow.Tensor_Scalar](args = (%convert_element_type, 2), kwargs = {})
V0405 02:54:12.981000 32888 torch\_inductor\codecache.py:1438] [1/0] [__output_code] #   %mean : Tensor "f32[4096, 1][1, 1]cuda:0"[num_users=1] = call_function[target=torch.ops.aten.mean.dim](args = (%pow_1, [1], True), kwargs = {})
V0405 02:54:12.981000 32888 torch\_inductor\codecache.py:1438] [1/0] [__output_code] #   %add : Tensor "f32[4096, 1][1, 1]cuda:0"[num_users=1] = call_function[target=torch.ops.aten.add.Scalar](args = (%mean, 1.1920928955078125e-07), kwargs = {})
V0405 02:54:12.981000 32888 torch\_inductor\codecache.py:1438] [1/0] [__output_code] #   %rsqrt : Tensor "f32[4096, 1][1, 1]cuda:0"[num_users=1] = call_function[target=torch.ops.aten.rsqrt.default](args = (%add,), kwargs = {})
V0405 02:54:12.981000 32888 torch\_inductor\codecache.py:1438] [1/0] [__output_code] #   %mul : Tensor "f32[4096, 512][512, 1]cuda:0"[num_users=1] = call_function[target=torch.ops.aten.mul.Tensor](args = (%convert_element_type, %rsqrt), kwargs = {})
V0405 02:54:12.981000 32888 torch\_inductor\codecache.py:1438] [1/0] [__output_code] #   %convert_element_type_1 : Tensor "bf16[4096, 512][512, 1]cuda:0"[num_users=1] = call_function[target=torch.ops.prims.convert_element_type.default](args = (%mul, torch.bfloat16), kwargs = {})
V0405 02:54:12.981000 32888 torch\_inductor\codecache.py:1438] [1/0] [__output_code] #   %mul_1 : Tensor "bf16[4096, 512][512, 1]cuda:0"[num_users=1] = call_function[target=torch.ops.aten.mul.Tensor](args = (%convert_element_type_1, %arg1_1), kwargs = {})
V0405 02:54:12.981000 32888 torch\_inductor\codecache.py:1438] [1/0] [__output_code] #   return %buf0,%mul_1
V0405 02:54:12.981000 32888 torch\_inductor\codecache.py:1438] [1/0] [__output_code] triton_per_fused__fused_rms_norm_mul_0 = async_compile.triton('triton_per_fused__fused_rms_norm_mul_0', '''
V0405 02:54:12.981000 32888 torch\_inductor\codecache.py:1438] [1/0] [__output_code] import triton
V0405 02:54:12.981000 32888 torch\_inductor\codecache.py:1438] [1/0] [__output_code] import triton.language as tl
V0405 02:54:12.981000 32888 torch\_inductor\codecache.py:1438] [1/0] [__output_code] 
V0405 02:54:12.981000 32888 torch\_inductor\codecache.py:1438] [1/0] [__output_code] from torch._inductor.runtime import triton_helpers, triton_heuristics
V0405 02:54:12.981000 32888 torch\_inductor\codecache.py:1438] [1/0] [__output_code] from torch._inductor.runtime.triton_helpers import libdevice, math as tl_math
V0405 02:54:12.981000 32888 torch\_inductor\codecache.py:1438] [1/0] [__output_code] from torch._inductor.runtime.hints import AutotuneHint, ReductionHint, TileHint, DeviceProperties
V0405 02:54:12.981000 32888 torch\_inductor\codecache.py:1438] [1/0] [__output_code] triton_helpers.set_driver_to_gpu()
V0405 02:54:12.981000 32888 torch\_inductor\codecache.py:1438] [1/0] [__output_code] 
V0405 02:54:12.981000 32888 torch\_inductor\codecache.py:1438] [1/0] [__output_code] @triton_heuristics.persistent_reduction(
V0405 02:54:12.981000 32888 torch\_inductor\codecache.py:1438] [1/0] [__output_code]     size_hints={'x': 4096, 'r0_': 512},
V0405 02:54:12.981000 32888 torch\_inductor\codecache.py:1438] [1/0] [__output_code]     reduction_hint=ReductionHint.INNER,
V0405 02:54:12.981000 32888 torch\_inductor\codecache.py:1438] [1/0] [__output_code]     filename=__file__,
V0405 02:54:12.981000 32888 torch\_inductor\codecache.py:1438] [1/0] [__output_code]     triton_meta={'signature': {'in_ptr0': '*bf16', 'in_ptr1': '*bf16', 'out_ptr1': '*bf16', 'xnumel': 'i32', 'r0_numel': 'i32', 'XBLOCK': 'constexpr'}, 'device': DeviceProperties(type='cuda', index=0, multi_processor_count=46, cc=120, major=12, regs_per_multiprocessor=65536, max_threads_per_multi_processor=1536, max_threads_per_block=1024, warp_size=32), 'constants': {}, 'native_matmul': False, 'enable_fp_fusion': True, 'launch_pdl': False, 'disable_ftz': False, 'configs': [{(0,): [['tt.divisibility', 16]], (1,): [['tt.divisibility', 16]], (2,): [['tt.divisibility', 16]], (3,): [['tt.divisibility', 16]], (4,): [['tt.divisibility', 16]]}]},
V0405 02:54:12.981000 32888 torch\_inductor\codecache.py:1438] [1/0] [__output_code]     inductor_meta={'grid_type': 'Grid1D', 'autotune_hints': set(), 'kernel_name': 'triton_per_fused__fused_rms_norm_mul_0', 'mutated_arg_names': [], 'optimize_mem': True, 'no_x_dim': None, 'atomic_add_found': False, 'num_load': 2, 'num_store': 1, 'num_reduction': 1, 'backend_hash': '852F9A3305D7C93EBEB502CE3BC231F01B01CE166A6FB3A43463667B2BACE826', 'assert_indirect_indexing': True, 'autotune_local_cache': True, 'autotune_pointwise': True, 'autotune_remote_cache': None, 'force_disable_caches': False, 'dynamic_scale_rblock': True, 'max_autotune': False, 'max_autotune_pointwise': False, 'min_split_scan_rblock': 256, 'spill_threshold': 16, 'store_cubin': False, 'deterministic': False, 'force_filter_reduction_configs': False, 'mix_order_reduction_allow_multi_stages': False, 'are_deterministic_algorithms_enabled': False, 'tiling_scores': {'x': 0, 'r0_': 12582912}}
V0405 02:54:12.981000 32888 torch\_inductor\codecache.py:1438] [1/0] [__output_code] )
V0405 02:54:12.981000 32888 torch\_inductor\codecache.py:1438] [1/0] [__output_code] @triton.jit
V0405 02:54:12.981000 32888 torch\_inductor\codecache.py:1438] [1/0] [__output_code] def triton_per_fused__fused_rms_norm_mul_0(in_ptr0, in_ptr1, out_ptr1, xnumel, r0_numel, XBLOCK : tl.constexpr):
V0405 02:54:12.981000 32888 torch\_inductor\codecache.py:1438] [1/0] [__output_code]     xnumel = 4096
V0405 02:54:12.981000 32888 torch\_inductor\codecache.py:1438] [1/0] [__output_code]     r0_numel = 512
V0405 02:54:12.981000 32888 torch\_inductor\codecache.py:1438] [1/0] [__output_code]     R0_BLOCK: tl.constexpr = 512
V0405 02:54:12.981000 32888 torch\_inductor\codecache.py:1438] [1/0] [__output_code]     rnumel = r0_numel
V0405 02:54:12.981000 32888 torch\_inductor\codecache.py:1438] [1/0] [__output_code]     RBLOCK: tl.constexpr = R0_BLOCK
V0405 02:54:12.981000 32888 torch\_inductor\codecache.py:1438] [1/0] [__output_code]     xoffset = tl.program_id(0) * XBLOCK
V0405 02:54:12.981000 32888 torch\_inductor\codecache.py:1438] [1/0] [__output_code]     xindex = xoffset + tl.arange(0, XBLOCK)[:, None]
V0405 02:54:12.981000 32888 torch\_inductor\codecache.py:1438] [1/0] [__output_code]     xmask = tl.full([XBLOCK], True, tl.int1)[:, None]
V0405 02:54:12.981000 32888 torch\_inductor\codecache.py:1438] [1/0] [__output_code]     r0_index = tl.arange(0, R0_BLOCK)[None, :]
V0405 02:54:12.981000 32888 torch\_inductor\codecache.py:1438] [1/0] [__output_code]     r0_offset = 0
V0405 02:54:12.981000 32888 torch\_inductor\codecache.py:1438] [1/0] [__output_code]     r0_mask = tl.full([R0_BLOCK], True, tl.int1)[None, :]
V0405 02:54:12.981000 32888 torch\_inductor\codecache.py:1438] [1/0] [__output_code]     roffset = r0_offset
V0405 02:54:12.981000 32888 torch\_inductor\codecache.py:1438] [1/0] [__output_code]     rindex = r0_index
V0405 02:54:12.981000 32888 torch\_inductor\codecache.py:1438] [1/0] [__output_code]     r0_1 = r0_index
V0405 02:54:12.981000 32888 torch\_inductor\codecache.py:1438] [1/0] [__output_code]     x0 = xindex
V0405 02:54:12.981000 32888 torch\_inductor\codecache.py:1438] [1/0] [__output_code]     tmp0 = tl.load(in_ptr0 + (r0_1 + 512*x0), None).to(tl.float32)
V0405 02:54:12.981000 32888 torch\_inductor\codecache.py:1438] [1/0] [__output_code]     tmp13 = tl.load(in_ptr1 + (0)).to(tl.float32)
V0405 02:54:12.981000 32888 torch\_inductor\codecache.py:1438] [1/0] [__output_code]     tmp14 = tl.broadcast_to(tmp13, [1, 1])
V0405 02:54:12.981000 32888 torch\_inductor\codecache.py:1438] [1/0] [__output_code]     tmp1 = tmp0.to(tl.float32)
V0405 02:54:12.981000 32888 torch\_inductor\codecache.py:1438] [1/0] [__output_code]     tmp2 = tmp1 * tmp1
V0405 02:54:12.981000 32888 torch\_inductor\codecache.py:1438] [1/0] [__output_code]     tmp3 = tl.broadcast_to(tmp2, [XBLOCK, R0_BLOCK])
V0405 02:54:12.981000 32888 torch\_inductor\codecache.py:1438] [1/0] [__output_code]     tmp5 = tl.sum(tmp3, 1)[:, None].to(tl.float32)
V0405 02:54:12.981000 32888 torch\_inductor\codecache.py:1438] [1/0] [__output_code]     tmp6 = tl.full([1, 1], 512.0, tl.float32)
V0405 02:54:12.981000 32888 torch\_inductor\codecache.py:1438] [1/0] [__output_code]     tmp7 = (tmp5 / tmp6)
V0405 02:54:12.981000 32888 torch\_inductor\codecache.py:1438] [1/0] [__output_code]     tmp8 = tl.full([1, 1], 1.1920928955078125e-07, tl.float32)
V0405 02:54:12.981000 32888 torch\_inductor\codecache.py:1438] [1/0] [__output_code]     tmp9 = tmp7 + tmp8
V0405 02:54:12.981000 32888 torch\_inductor\codecache.py:1438] [1/0] [__output_code]     tmp10 = libdevice.rsqrt(tmp9)
V0405 02:54:12.981000 32888 torch\_inductor\codecache.py:1438] [1/0] [__output_code]     tmp11 = tmp1 * tmp10
V0405 02:54:12.981000 32888 torch\_inductor\codecache.py:1438] [1/0] [__output_code]     tmp12 = tmp11.to(tl.float32)
V0405 02:54:12.981000 32888 torch\_inductor\codecache.py:1438] [1/0] [__output_code]     tmp15 = tmp12 * tmp14
V0405 02:54:12.981000 32888 torch\_inductor\codecache.py:1438] [1/0] [__output_code]     tl.store(out_ptr1 + (r0_1 + 512*x0), tmp15, None)
V0405 02:54:12.981000 32888 torch\_inductor\codecache.py:1438] [1/0] [__output_code] ''', device_str='cuda')
V0405 02:54:12.981000 32888 torch\_inductor\codecache.py:1438] [1/0] [__output_code] 
V0405 02:54:12.981000 32888 torch\_inductor\codecache.py:1438] [1/0] [__output_code] 
V0405 02:54:12.981000 32888 torch\_inductor\codecache.py:1438] [1/0] [__output_code] # kernel path: C:\Users\adars\AppData\Local\Temp\torchinductor_adars\nu\cnuszvvogtw3g77v3zzqnjogmy6hwmgvtt3nqx4cr3v6xxfwjwfv.py
V0405 02:54:12.981000 32888 torch\_inductor\codecache.py:1438] [1/0] [__output_code] # Topologically Sorted Source Nodes: [h, square], Original ATen: [aten.leaky_relu, aten.pow]
V0405 02:54:12.981000 32888 torch\_inductor\codecache.py:1438] [1/0] [__output_code] # Source node to ATen node mapping:
V0405 02:54:12.981000 32888 torch\_inductor\codecache.py:1438] [1/0] [__output_code] #   h => convert_element_type_4, convert_element_type_5, gt, mul_2, where
V0405 02:54:12.981000 32888 torch\_inductor\codecache.py:1438] [1/0] [__output_code] #   square => pow_2
V0405 02:54:12.981000 32888 torch\_inductor\codecache.py:1438] [1/0] [__output_code] # Graph fragment:
V0405 02:54:12.981000 32888 torch\_inductor\codecache.py:1438] [1/0] [__output_code] #   %mm : Tensor "bf16[4096, 1536][1536, 1]cuda:0" = PlaceHolder[target=mm]
V0405 02:54:12.981000 32888 torch\_inductor\codecache.py:1438] [1/0] [__output_code] #   %convert_element_type_4 : Tensor "f32[4096, 1536][1536, 1]cuda:0"[num_users=3] = call_function[target=torch.ops.prims.convert_element_type.default](args = (%mm, torch.float32), kwargs = {})
V0405 02:54:12.981000 32888 torch\_inductor\codecache.py:1438] [1/0] [__output_code] #   %gt : Tensor "b8[4096, 1536][1536, 1]cuda:0"[num_users=1] = call_function[target=torch.ops.aten.gt.Scalar](args = (%convert_element_type_4, 0), kwargs = {})
V0405 02:54:12.981000 32888 torch\_inductor\codecache.py:1438] [1/0] [__output_code] #   %mul_2 : Tensor "f32[4096, 1536][1536, 1]cuda:0"[num_users=1] = call_function[target=torch.ops.aten.mul.Tensor](args = (%convert_element_type_4, 0.5), kwargs = {})
V0405 02:54:12.981000 32888 torch\_inductor\codecache.py:1438] [1/0] [__output_code] #   %where : Tensor "f32[4096, 1536][1536, 1]cuda:0"[num_users=1] = call_function[target=torch.ops.aten.where.self](args = (%gt, %convert_element_type_4, %mul_2), kwargs = {})
V0405 02:54:12.981000 32888 torch\_inductor\codecache.py:1438] [1/0] [__output_code] #   %convert_element_type_5 : Tensor "bf16[4096, 1536][1536, 1]cuda:0"[num_users=1] = call_function[target=torch.ops.prims.convert_element_type.default](args = (%where, torch.bfloat16), kwargs = {})
V0405 02:54:12.981000 32888 torch\_inductor\codecache.py:1438] [1/0] [__output_code] #   %pow_2 : Tensor "bf16[4096, 1536][1536, 1]cuda:0"[num_users=1] = call_function[target=torch.ops.aten.pow.Tensor_Scalar](args = (%convert_element_type_5, 2), kwargs = {})
V0405 02:54:12.981000 32888 torch\_inductor\codecache.py:1438] [1/0] [__output_code] #   return %pow_2
V0405 02:54:12.981000 32888 torch\_inductor\codecache.py:1438] [1/0] [__output_code] triton_poi_fused_leaky_relu_pow_1 = async_compile.triton('triton_poi_fused_leaky_relu_pow_1', '''
V0405 02:54:12.981000 32888 torch\_inductor\codecache.py:1438] [1/0] [__output_code] import triton
V0405 02:54:12.981000 32888 torch\_inductor\codecache.py:1438] [1/0] [__output_code] import triton.language as tl
V0405 02:54:12.981000 32888 torch\_inductor\codecache.py:1438] [1/0] [__output_code] 
V0405 02:54:12.981000 32888 torch\_inductor\codecache.py:1438] [1/0] [__output_code] from torch._inductor.runtime import triton_helpers, triton_heuristics
V0405 02:54:12.981000 32888 torch\_inductor\codecache.py:1438] [1/0] [__output_code] from torch._inductor.runtime.triton_helpers import libdevice, math as tl_math
V0405 02:54:12.981000 32888 torch\_inductor\codecache.py:1438] [1/0] [__output_code] from torch._inductor.runtime.hints import AutotuneHint, ReductionHint, TileHint, DeviceProperties
V0405 02:54:12.981000 32888 torch\_inductor\codecache.py:1438] [1/0] [__output_code] triton_helpers.set_driver_to_gpu()
V0405 02:54:12.981000 32888 torch\_inductor\codecache.py:1438] [1/0] [__output_code] 
V0405 02:54:12.981000 32888 torch\_inductor\codecache.py:1438] [1/0] [__output_code] @triton_heuristics.pointwise(
V0405 02:54:12.981000 32888 torch\_inductor\codecache.py:1438] [1/0] [__output_code]     size_hints={'x': 8388608}, 
V0405 02:54:12.981000 32888 torch\_inductor\codecache.py:1438] [1/0] [__output_code]     filename=__file__,
V0405 02:54:12.981000 32888 torch\_inductor\codecache.py:1438] [1/0] [__output_code]     triton_meta={'signature': {'in_out_ptr0': '*bf16', 'xnumel': 'i32', 'XBLOCK': 'constexpr'}, 'device': DeviceProperties(type='cuda', index=0, multi_processor_count=46, cc=120, major=12, regs_per_multiprocessor=65536, max_threads_per_multi_processor=1536, max_threads_per_block=1024, warp_size=32), 'constants': {}, 'native_matmul': False, 'enable_fp_fusion': True, 'launch_pdl': False, 'disable_ftz': False, 'configs': [{(0,): [['tt.divisibility', 16]], (1,): [['tt.divisibility', 16]]}]},
V0405 02:54:12.981000 32888 torch\_inductor\codecache.py:1438] [1/0] [__output_code]     inductor_meta={'grid_type': 'Grid1D', 'autotune_hints': set(), 'kernel_name': 'triton_poi_fused_leaky_relu_pow_1', 'mutated_arg_names': ['in_out_ptr0'], 'optimize_mem': True, 'no_x_dim': False, 'atomic_add_found': False, 'num_load': 1, 'num_store': 1, 'num_reduction': 0, 'backend_hash': '852F9A3305D7C93EBEB502CE3BC231F01B01CE166A6FB3A43463667B2BACE826', 'assert_indirect_indexing': True, 'autotune_local_cache': True, 'autotune_pointwise': True, 'autotune_remote_cache': None, 'force_disable_caches': False, 'dynamic_scale_rblock': True, 'max_autotune': False, 'max_autotune_pointwise': False, 'min_split_scan_rblock': 256, 'spill_threshold': 16, 'store_cubin': False, 'deterministic': False, 'force_filter_reduction_configs': False, 'mix_order_reduction_allow_multi_stages': False, 'are_deterministic_algorithms_enabled': False, 'tiling_scores': {'x': 37748736}},
V0405 02:54:12.981000 32888 torch\_inductor\codecache.py:1438] [1/0] [__output_code]     min_elem_per_thread=0
V0405 02:54:12.981000 32888 torch\_inductor\codecache.py:1438] [1/0] [__output_code] )
V0405 02:54:12.981000 32888 torch\_inductor\codecache.py:1438] [1/0] [__output_code] @triton.jit
V0405 02:54:12.981000 32888 torch\_inductor\codecache.py:1438] [1/0] [__output_code] def triton_poi_fused_leaky_relu_pow_1(in_out_ptr0, xnumel, XBLOCK : tl.constexpr):
V0405 02:54:12.981000 32888 torch\_inductor\codecache.py:1438] [1/0] [__output_code]     xnumel = 6291456
V0405 02:54:12.981000 32888 torch\_inductor\codecache.py:1438] [1/0] [__output_code]     xoffset = tl.program_id(0) * XBLOCK
V0405 02:54:12.981000 32888 torch\_inductor\codecache.py:1438] [1/0] [__output_code]     xindex = xoffset + tl.arange(0, XBLOCK)[:]
V0405 02:54:12.981000 32888 torch\_inductor\codecache.py:1438] [1/0] [__output_code]     xmask = tl.full([XBLOCK], True, tl.int1)[:]
V0405 02:54:12.981000 32888 torch\_inductor\codecache.py:1438] [1/0] [__output_code]     x0 = xindex
V0405 02:54:12.981000 32888 torch\_inductor\codecache.py:1438] [1/0] [__output_code]     tmp0 = tl.load(in_out_ptr0 + (x0), None).to(tl.float32)
V0405 02:54:12.981000 32888 torch\_inductor\codecache.py:1438] [1/0] [__output_code]     tmp1 = tmp0.to(tl.float32)
V0405 02:54:12.981000 32888 torch\_inductor\codecache.py:1438] [1/0] [__output_code]     tmp2 = tl.full([1], 0.0, tl.float32)
V0405 02:54:12.981000 32888 torch\_inductor\codecache.py:1438] [1/0] [__output_code]     tmp3 = tmp1 > tmp2
V0405 02:54:12.981000 32888 torch\_inductor\codecache.py:1438] [1/0] [__output_code]     tmp4 = tl.full([1], 0.5, tl.float32)
V0405 02:54:12.981000 32888 torch\_inductor\codecache.py:1438] [1/0] [__output_code]     tmp5 = tmp1 * tmp4
V0405 02:54:12.981000 32888 torch\_inductor\codecache.py:1438] [1/0] [__output_code]     tmp6 = tl.where(tmp3, tmp1, tmp5)
V0405 02:54:12.981000 32888 torch\_inductor\codecache.py:1438] [1/0] [__output_code]     tmp7 = tmp6.to(tl.float32)
V0405 02:54:12.981000 32888 torch\_inductor\codecache.py:1438] [1/0] [__output_code]     tmp8 = tmp7 * tmp7
V0405 02:54:12.981000 32888 torch\_inductor\codecache.py:1438] [1/0] [__output_code]     tl.store(in_out_ptr0 + (x0), tmp8, None)
V0405 02:54:12.981000 32888 torch\_inductor\codecache.py:1438] [1/0] [__output_code] ''', device_str='cuda')
V0405 02:54:12.981000 32888 torch\_inductor\codecache.py:1438] [1/0] [__output_code] 
V0405 02:54:12.981000 32888 torch\_inductor\codecache.py:1438] [1/0] [__output_code] 
V0405 02:54:12.981000 32888 torch\_inductor\codecache.py:1438] [1/0] [__output_code] # kernel path: C:\Users\adars\AppData\Local\Temp\torchinductor_adars\6s\c6s7f7vh7m3bkgr4d3wsnjccftfcbe77fxgbwyrjy3sswi5usaju.py
V0405 02:54:12.981000 32888 torch\_inductor\codecache.py:1438] [1/0] [__output_code] # Topologically Sorted Source Nodes: [getitem, mul_1, add], Original ATen: [aten.unsqueeze, aten.mul, aten.add]
V0405 02:54:12.981000 32888 torch\_inductor\codecache.py:1438] [1/0] [__output_code] # Source node to ATen node mapping:
V0405 02:54:12.981000 32888 torch\_inductor\codecache.py:1438] [1/0] [__output_code] #   add => add_1
V0405 02:54:12.981000 32888 torch\_inductor\codecache.py:1438] [1/0] [__output_code] #   getitem => unsqueeze
V0405 02:54:12.981000 32888 torch\_inductor\codecache.py:1438] [1/0] [__output_code] #   mul_1 => mul_3
V0405 02:54:12.981000 32888 torch\_inductor\codecache.py:1438] [1/0] [__output_code] # Graph fragment:
V0405 02:54:12.981000 32888 torch\_inductor\codecache.py:1438] [1/0] [__output_code] #   %arg0_1 : Tensor "bf16[4096, 512][512, 1]cuda:0" = PlaceHolder[target=arg0_1]
V0405 02:54:12.981000 32888 torch\_inductor\codecache.py:1438] [1/0] [__output_code] #   %arg4_1 : Tensor "bf16[512][1]cuda:0" = PlaceHolder[target=arg4_1]
V0405 02:54:12.981000 32888 torch\_inductor\codecache.py:1438] [1/0] [__output_code] #   %mm_1 : Tensor "bf16[4096, 512][512, 1]cuda:0" = PlaceHolder[target=mm_1]
V0405 02:54:12.981000 32888 torch\_inductor\codecache.py:1438] [1/0] [__output_code] #   %unsqueeze : Tensor "bf16[1, 512][512, 1]cuda:0"[num_users=1] = call_function[target=torch.ops.aten.unsqueeze.default](args = (%arg4_1, 0), kwargs = {})
V0405 02:54:12.981000 32888 torch\_inductor\codecache.py:1438] [1/0] [__output_code] #   %mul_3 : Tensor "bf16[4096, 512][512, 1]cuda:0"[num_users=1] = call_function[target=torch.ops.aten.mul.Tensor](args = (%unsqueeze, %mm_1), kwargs = {})
V0405 02:54:12.981000 32888 torch\_inductor\codecache.py:1438] [1/0] [__output_code] #   %add_1 : Tensor "bf16[4096, 512][512, 1]cuda:0"[num_users=1] = call_function[target=torch.ops.aten.add.Tensor](args = (%arg0_1, %mul_3), kwargs = {})
V0405 02:54:12.981000 32888 torch\_inductor\codecache.py:1438] [1/0] [__output_code] #   return %add_1
V0405 02:54:12.981000 32888 torch\_inductor\codecache.py:1438] [1/0] [__output_code] triton_poi_fused_add_mul_unsqueeze_2 = async_compile.triton('triton_poi_fused_add_mul_unsqueeze_2', '''
V0405 02:54:12.981000 32888 torch\_inductor\codecache.py:1438] [1/0] [__output_code] import triton
V0405 02:54:12.981000 32888 torch\_inductor\codecache.py:1438] [1/0] [__output_code] import triton.language as tl
V0405 02:54:12.981000 32888 torch\_inductor\codecache.py:1438] [1/0] [__output_code] 
V0405 02:54:12.981000 32888 torch\_inductor\codecache.py:1438] [1/0] [__output_code] from torch._inductor.runtime import triton_helpers, triton_heuristics
V0405 02:54:12.981000 32888 torch\_inductor\codecache.py:1438] [1/0] [__output_code] from torch._inductor.runtime.triton_helpers import libdevice, math as tl_math
V0405 02:54:12.981000 32888 torch\_inductor\codecache.py:1438] [1/0] [__output_code] from torch._inductor.runtime.hints import AutotuneHint, ReductionHint, TileHint, DeviceProperties
V0405 02:54:12.981000 32888 torch\_inductor\codecache.py:1438] [1/0] [__output_code] triton_helpers.set_driver_to_gpu()
V0405 02:54:12.981000 32888 torch\_inductor\codecache.py:1438] [1/0] [__output_code] 
V0405 02:54:12.981000 32888 torch\_inductor\codecache.py:1438] [1/0] [__output_code] @triton_heuristics.pointwise(
V0405 02:54:12.981000 32888 torch\_inductor\codecache.py:1438] [1/0] [__output_code]     size_hints={'x': 2097152}, 
V0405 02:54:12.981000 32888 torch\_inductor\codecache.py:1438] [1/0] [__output_code]     filename=__file__,
V0405 02:54:12.981000 32888 torch\_inductor\codecache.py:1438] [1/0] [__output_code]     triton_meta={'signature': {'in_out_ptr0': '*bf16', 'in_ptr0': '*bf16', 'in_ptr1': '*bf16', 'xnumel': 'i32', 'XBLOCK': 'constexpr'}, 'device': DeviceProperties(type='cuda', index=0, multi_processor_count=46, cc=120, major=12, regs_per_multiprocessor=65536, max_threads_per_multi_processor=1536, max_threads_per_block=1024, warp_size=32), 'constants': {}, 'native_matmul': False, 'enable_fp_fusion': True, 'launch_pdl': False, 'disable_ftz': False, 'configs': [{(0,): [['tt.divisibility', 16]], (1,): [['tt.divisibility', 16]], (2,): [['tt.divisibility', 16]], (3,): [['tt.divisibility', 16]]}]},
V0405 02:54:12.981000 32888 torch\_inductor\codecache.py:1438] [1/0] [__output_code]     inductor_meta={'grid_type': 'Grid1D', 'autotune_hints': set(), 'kernel_name': 'triton_poi_fused_add_mul_unsqueeze_2', 'mutated_arg_names': ['in_out_ptr0'], 'optimize_mem': True, 'no_x_dim': False, 'atomic_add_found': False, 'num_load': 3, 'num_store': 1, 'num_reduction': 0, 'backend_hash': '852F9A3305D7C93EBEB502CE3BC231F01B01CE166A6FB3A43463667B2BACE826', 'assert_indirect_indexing': True, 'autotune_local_cache': True, 'autotune_pointwise': True, 'autotune_remote_cache': None, 'force_disable_caches': False, 'dynamic_scale_rblock': True, 'max_autotune': False, 'max_autotune_pointwise': False, 'min_split_scan_rblock': 256, 'spill_threshold': 16, 'store_cubin': False, 'deterministic': False, 'force_filter_reduction_configs': False, 'mix_order_reduction_allow_multi_stages': False, 'are_deterministic_algorithms_enabled': False, 'tiling_scores': {'x': 16778240}},
V0405 02:54:12.981000 32888 torch\_inductor\codecache.py:1438] [1/0] [__output_code]     min_elem_per_thread=0
V0405 02:54:12.981000 32888 torch\_inductor\codecache.py:1438] [1/0] [__output_code] )
V0405 02:54:12.981000 32888 torch\_inductor\codecache.py:1438] [1/0] [__output_code] @triton.jit
V0405 02:54:12.981000 32888 torch\_inductor\codecache.py:1438] [1/0] [__output_code] def triton_poi_fused_add_mul_unsqueeze_2(in_out_ptr0, in_ptr0, in_ptr1, xnumel, XBLOCK : tl.constexpr):
V0405 02:54:12.981000 32888 torch\_inductor\codecache.py:1438] [1/0] [__output_code]     xnumel = 2097152
V0405 02:54:12.981000 32888 torch\_inductor\codecache.py:1438] [1/0] [__output_code]     xoffset = tl.program_id(0) * XBLOCK
V0405 02:54:12.981000 32888 torch\_inductor\codecache.py:1438] [1/0] [__output_code]     xindex = xoffset + tl.arange(0, XBLOCK)[:]
V0405 02:54:12.981000 32888 torch\_inductor\codecache.py:1438] [1/0] [__output_code]     xmask = tl.full([XBLOCK], True, tl.int1)[:]
V0405 02:54:12.981000 32888 torch\_inductor\codecache.py:1438] [1/0] [__output_code]     x2 = xindex
V0405 02:54:12.981000 32888 torch\_inductor\codecache.py:1438] [1/0] [__output_code]     x0 = (xindex % 512)
V0405 02:54:12.981000 32888 torch\_inductor\codecache.py:1438] [1/0] [__output_code]     tmp0 = tl.load(in_ptr0 + (x2), None).to(tl.float32)
V0405 02:54:12.981000 32888 torch\_inductor\codecache.py:1438] [1/0] [__output_code]     tmp1 = tl.load(in_ptr1 + (x0), None, eviction_policy='evict_last').to(tl.float32)
V0405 02:54:12.981000 32888 torch\_inductor\codecache.py:1438] [1/0] [__output_code]     tmp2 = tl.load(in_out_ptr0 + (x2), None).to(tl.float32)
V0405 02:54:12.981000 32888 torch\_inductor\codecache.py:1438] [1/0] [__output_code]     tmp3 = tmp1 * tmp2
V0405 02:54:12.981000 32888 torch\_inductor\codecache.py:1438] [1/0] [__output_code]     tmp4 = tmp0 + tmp3
V0405 02:54:12.981000 32888 torch\_inductor\codecache.py:1438] [1/0] [__output_code]     tl.store(in_out_ptr0 + (x2), tmp4, None)
V0405 02:54:12.981000 32888 torch\_inductor\codecache.py:1438] [1/0] [__output_code] ''', device_str='cuda')
V0405 02:54:12.981000 32888 torch\_inductor\codecache.py:1438] [1/0] [__output_code] 
V0405 02:54:12.981000 32888 torch\_inductor\codecache.py:1438] [1/0] [__output_code] 
V0405 02:54:12.981000 32888 torch\_inductor\codecache.py:1438] [1/0] [__output_code] async_compile.wait(globals())
V0405 02:54:12.981000 32888 torch\_inductor\codecache.py:1438] [1/0] [__output_code] del async_compile
V0405 02:54:12.981000 32888 torch\_inductor\codecache.py:1438] [1/0] [__output_code] 
V0405 02:54:12.981000 32888 torch\_inductor\codecache.py:1438] [1/0] [__output_code] class Runner:
V0405 02:54:12.981000 32888 torch\_inductor\codecache.py:1438] [1/0] [__output_code]     def __init__(self, partitions):
V0405 02:54:12.981000 32888 torch\_inductor\codecache.py:1438] [1/0] [__output_code]         self.partitions = partitions
V0405 02:54:12.981000 32888 torch\_inductor\codecache.py:1438] [1/0] [__output_code] 
V0405 02:54:12.981000 32888 torch\_inductor\codecache.py:1438] [1/0] [__output_code]     def recursively_apply_fns(self, fns):
V0405 02:54:12.981000 32888 torch\_inductor\codecache.py:1438] [1/0] [__output_code]         new_callables = []
V0405 02:54:12.981000 32888 torch\_inductor\codecache.py:1438] [1/0] [__output_code]         for fn, c in zip(fns, self.partitions):
V0405 02:54:12.981000 32888 torch\_inductor\codecache.py:1438] [1/0] [__output_code]             new_callables.append(fn(c))
V0405 02:54:12.981000 32888 torch\_inductor\codecache.py:1438] [1/0] [__output_code]         self.partitions = new_callables
V0405 02:54:12.981000 32888 torch\_inductor\codecache.py:1438] [1/0] [__output_code] 
V0405 02:54:12.981000 32888 torch\_inductor\codecache.py:1438] [1/0] [__output_code]     def call(self, args):
V0405 02:54:12.981000 32888 torch\_inductor\codecache.py:1438] [1/0] [__output_code]         arg0_1, arg1_1, arg2_1, arg3_1, arg4_1 = args
V0405 02:54:12.981000 32888 torch\_inductor\codecache.py:1438] [1/0] [__output_code]         args.clear()
V0405 02:54:12.981000 32888 torch\_inductor\codecache.py:1438] [1/0] [__output_code]         assert_size_stride(arg0_1, (4096, 512), (512, 1))
V0405 02:54:12.981000 32888 torch\_inductor\codecache.py:1438] [1/0] [__output_code]         assert_size_stride(arg1_1, (), ())
V0405 02:54:12.981000 32888 torch\_inductor\codecache.py:1438] [1/0] [__output_code]         assert_size_stride(arg2_1, (1536, 512), (512, 1))
V0405 02:54:12.981000 32888 torch\_inductor\codecache.py:1438] [1/0] [__output_code]         assert_size_stride(arg3_1, (512, 1536), (1536, 1))
V0405 02:54:12.981000 32888 torch\_inductor\codecache.py:1438] [1/0] [__output_code]         assert_size_stride(arg4_1, (512, ), (1, ))
V0405 02:54:12.981000 32888 torch\_inductor\codecache.py:1438] [1/0] [__output_code]         with torch.cuda._DeviceGuard(0):
V0405 02:54:12.981000 32888 torch\_inductor\codecache.py:1438] [1/0] [__output_code]             torch.cuda.set_device(0)
V0405 02:54:12.981000 32888 torch\_inductor\codecache.py:1438] [1/0] [__output_code]             buf1 = empty_strided_cuda((4096, 512), (512, 1), torch.bfloat16)
V0405 02:54:12.981000 32888 torch\_inductor\codecache.py:1438] [1/0] [__output_code]             # Topologically Sorted Source Nodes: [rms_norm, normed], Original ATen: [aten._fused_rms_norm, aten.mul]
V0405 02:54:12.981000 32888 torch\_inductor\codecache.py:1438] [1/0] [__output_code]             stream0 = get_raw_stream(0)
V0405 02:54:12.981000 32888 torch\_inductor\codecache.py:1438] [1/0] [__output_code]             triton_per_fused__fused_rms_norm_mul_0.run(arg0_1, arg1_1, buf1, 4096, 512, stream=stream0)
V0405 02:54:12.981000 32888 torch\_inductor\codecache.py:1438] [1/0] [__output_code]             del arg1_1
V0405 02:54:12.981000 32888 torch\_inductor\codecache.py:1438] [1/0] [__output_code]             buf2 = empty_strided_cuda((4096, 1536), (1536, 1), torch.bfloat16)
V0405 02:54:12.981000 32888 torch\_inductor\codecache.py:1438] [1/0] [__output_code]             # Topologically Sorted Source Nodes: [rms_norm, normed, linear], Original ATen: [aten._fused_rms_norm, aten.mul, aten.t, aten.mm]
V0405 02:54:12.981000 32888 torch\_inductor\codecache.py:1438] [1/0] [__output_code]             extern_kernels.mm(buf1, reinterpret_tensor(arg2_1, (512, 1536), (1, 512), 0), out=buf2)
V0405 02:54:12.981000 32888 torch\_inductor\codecache.py:1438] [1/0] [__output_code]             del arg2_1
V0405 02:54:12.981000 32888 torch\_inductor\codecache.py:1438] [1/0] [__output_code]             del buf1
V0405 02:54:12.981000 32888 torch\_inductor\codecache.py:1438] [1/0] [__output_code]             buf3 = buf2; del buf2  # reuse
V0405 02:54:12.981000 32888 torch\_inductor\codecache.py:1438] [1/0] [__output_code]             # Topologically Sorted Source Nodes: [h, square], Original ATen: [aten.leaky_relu, aten.pow]
V0405 02:54:12.981000 32888 torch\_inductor\codecache.py:1438] [1/0] [__output_code]             stream0 = get_raw_stream(0)
V0405 02:54:12.981000 32888 torch\_inductor\codecache.py:1438] [1/0] [__output_code]             triton_poi_fused_leaky_relu_pow_1.run(buf3, 6291456, stream=stream0)
V0405 02:54:12.981000 32888 torch\_inductor\codecache.py:1438] [1/0] [__output_code]             buf4 = empty_strided_cuda((4096, 512), (512, 1), torch.bfloat16)
V0405 02:54:12.981000 32888 torch\_inductor\codecache.py:1438] [1/0] [__output_code]             # Topologically Sorted Source Nodes: [h, square, out], Original ATen: [aten.leaky_relu, aten.pow, aten.t, aten.mm]
V0405 02:54:12.981000 32888 torch\_inductor\codecache.py:1438] [1/0] [__output_code]             extern_kernels.mm(buf3, reinterpret_tensor(arg3_1, (1536, 512), (1, 1536), 0), out=buf4)
V0405 02:54:12.981000 32888 torch\_inductor\codecache.py:1438] [1/0] [__output_code]             del arg3_1
V0405 02:54:12.981000 32888 torch\_inductor\codecache.py:1438] [1/0] [__output_code]             del buf3
V0405 02:54:12.981000 32888 torch\_inductor\codecache.py:1438] [1/0] [__output_code]             buf5 = buf4; del buf4  # reuse
V0405 02:54:12.981000 32888 torch\_inductor\codecache.py:1438] [1/0] [__output_code]             # Topologically Sorted Source Nodes: [getitem, mul_1, add], Original ATen: [aten.unsqueeze, aten.mul, aten.add]
V0405 02:54:12.981000 32888 torch\_inductor\codecache.py:1438] [1/0] [__output_code]             stream0 = get_raw_stream(0)
V0405 02:54:12.981000 32888 torch\_inductor\codecache.py:1438] [1/0] [__output_code]             triton_poi_fused_add_mul_unsqueeze_2.run(buf5, arg0_1, arg4_1, 2097152, stream=stream0)
V0405 02:54:12.981000 32888 torch\_inductor\codecache.py:1438] [1/0] [__output_code]             del arg0_1
V0405 02:54:12.981000 32888 torch\_inductor\codecache.py:1438] [1/0] [__output_code]             del arg4_1
V0405 02:54:12.981000 32888 torch\_inductor\codecache.py:1438] [1/0] [__output_code]         return (buf5, )
V0405 02:54:12.981000 32888 torch\_inductor\codecache.py:1438] [1/0] [__output_code] 
V0405 02:54:12.981000 32888 torch\_inductor\codecache.py:1438] [1/0] [__output_code] runner = Runner(partitions=[])
V0405 02:54:12.981000 32888 torch\_inductor\codecache.py:1438] [1/0] [__output_code] call = runner.call
V0405 02:54:12.981000 32888 torch\_inductor\codecache.py:1438] [1/0] [__output_code] recursively_apply_fns = runner.recursively_apply_fns
V0405 02:54:12.981000 32888 torch\_inductor\codecache.py:1438] [1/0] [__output_code] 
V0405 02:54:12.981000 32888 torch\_inductor\codecache.py:1438] [1/0] [__output_code] 
V0405 02:54:12.981000 32888 torch\_inductor\codecache.py:1438] [1/0] [__output_code] def get_args():
V0405 02:54:12.981000 32888 torch\_inductor\codecache.py:1438] [1/0] [__output_code]     from torch._dynamo.testing import rand_strided
V0405 02:54:12.981000 32888 torch\_inductor\codecache.py:1438] [1/0] [__output_code]     arg0_1 = rand_strided((4096, 512), (512, 1), device='cuda:0', dtype=torch.bfloat16)
V0405 02:54:12.981000 32888 torch\_inductor\codecache.py:1438] [1/0] [__output_code]     arg1_1 = rand_strided((), (), device='cuda:0', dtype=torch.bfloat16)
V0405 02:54:12.981000 32888 torch\_inductor\codecache.py:1438] [1/0] [__output_code]     arg2_1 = rand_strided((1536, 512), (512, 1), device='cuda:0', dtype=torch.bfloat16)
V0405 02:54:12.981000 32888 torch\_inductor\codecache.py:1438] [1/0] [__output_code]     arg3_1 = rand_strided((512, 1536), (1536, 1), device='cuda:0', dtype=torch.bfloat16)
V0405 02:54:12.981000 32888 torch\_inductor\codecache.py:1438] [1/0] [__output_code]     arg4_1 = rand_strided((512, ), (1, ), device='cuda:0', dtype=torch.bfloat16)
V0405 02:54:12.981000 32888 torch\_inductor\codecache.py:1438] [1/0] [__output_code]     return [arg0_1, arg1_1, arg2_1, arg3_1, arg4_1]
V0405 02:54:12.981000 32888 torch\_inductor\codecache.py:1438] [1/0] [__output_code] 
V0405 02:54:12.981000 32888 torch\_inductor\codecache.py:1438] [1/0] [__output_code] 
V0405 02:54:12.981000 32888 torch\_inductor\codecache.py:1438] [1/0] [__output_code] def benchmark_compiled_module(args, times=10, repeat=10):
V0405 02:54:12.981000 32888 torch\_inductor\codecache.py:1438] [1/0] [__output_code]     from torch._inductor.utils import print_performance
V0405 02:54:12.981000 32888 torch\_inductor\codecache.py:1438] [1/0] [__output_code]     fn = lambda: call(list(args))
V0405 02:54:12.981000 32888 torch\_inductor\codecache.py:1438] [1/0] [__output_code]     return print_performance(fn, times=times, repeat=repeat)
V0405 02:54:12.981000 32888 torch\_inductor\codecache.py:1438] [1/0] [__output_code] 
V0405 02:54:12.981000 32888 torch\_inductor\codecache.py:1438] [1/0] [__output_code] 
V0405 02:54:12.981000 32888 torch\_inductor\codecache.py:1438] [1/0] [__output_code] if __name__ == "__main__":
V0405 02:54:12.981000 32888 torch\_inductor\codecache.py:1438] [1/0] [__output_code]     from torch._inductor.wrapper_benchmark import compiled_module_main
V0405 02:54:12.981000 32888 torch\_inductor\codecache.py:1438] [1/0] [__output_code]     args = get_args()
V0405 02:54:12.981000 32888 torch\_inductor\codecache.py:1438] [1/0] [__output_code]     compiled_module_main('None', lambda times, repeat: benchmark_compiled_module(args, times=times, repeat=repeat))
V0405 02:54:12.981000 32888 torch\_inductor\codecache.py:1438] [1/0] [__output_code] 
V0405 02:54:12.981000 32888 torch\_inductor\codecache.py:1439] [1/0] [__output_code] Output code written to: C:\Users\adars\AppData\Local\Temp\torchinductor_adars\za\czanjooawoax322wh3uluwzwiuqdmxeqrx2fmbualh457syxx3ou.py
V0405 02:54:13.210000 32888 torch\_inductor\codecache.py:1438] [1/1] [__output_code] Output code: 
V0405 02:54:13.210000 32888 torch\_inductor\codecache.py:1438] [1/1] [__output_code] # AOT ID: ['4_inference']
V0405 02:54:13.210000 32888 torch\_inductor\codecache.py:1438] [1/1] [__output_code] from ctypes import c_void_p, c_long, c_int
V0405 02:54:13.210000 32888 torch\_inductor\codecache.py:1438] [1/1] [__output_code] import torch
V0405 02:54:13.210000 32888 torch\_inductor\codecache.py:1438] [1/1] [__output_code] import math
V0405 02:54:13.210000 32888 torch\_inductor\codecache.py:1438] [1/1] [__output_code] import random
V0405 02:54:13.210000 32888 torch\_inductor\codecache.py:1438] [1/1] [__output_code] import os
V0405 02:54:13.210000 32888 torch\_inductor\codecache.py:1438] [1/1] [__output_code] import tempfile
V0405 02:54:13.210000 32888 torch\_inductor\codecache.py:1438] [1/1] [__output_code] from math import inf, nan
V0405 02:54:13.210000 32888 torch\_inductor\codecache.py:1438] [1/1] [__output_code] from cmath import nanj
V0405 02:54:13.210000 32888 torch\_inductor\codecache.py:1438] [1/1] [__output_code] from torch._inductor.hooks import run_intermediate_hooks
V0405 02:54:13.210000 32888 torch\_inductor\codecache.py:1438] [1/1] [__output_code] from torch._inductor.utils import maybe_profile
V0405 02:54:13.210000 32888 torch\_inductor\codecache.py:1438] [1/1] [__output_code] from torch._inductor.codegen.memory_planning import _align as align
V0405 02:54:13.210000 32888 torch\_inductor\codecache.py:1438] [1/1] [__output_code] from torch import device, empty_strided
V0405 02:54:13.210000 32888 torch\_inductor\codecache.py:1438] [1/1] [__output_code] from torch._inductor.async_compile import AsyncCompile
V0405 02:54:13.210000 32888 torch\_inductor\codecache.py:1438] [1/1] [__output_code] from torch._inductor.select_algorithm import extern_kernels
V0405 02:54:13.210000 32888 torch\_inductor\codecache.py:1438] [1/1] [__output_code] import triton
V0405 02:54:13.210000 32888 torch\_inductor\codecache.py:1438] [1/1] [__output_code] import triton.language as tl
V0405 02:54:13.210000 32888 torch\_inductor\codecache.py:1438] [1/1] [__output_code] from torch._inductor.runtime.triton_heuristics import start_graph, end_graph
V0405 02:54:13.210000 32888 torch\_inductor\codecache.py:1438] [1/1] [__output_code] from torch._C import _cuda_getCurrentRawStream as get_raw_stream
V0405 02:54:13.210000 32888 torch\_inductor\codecache.py:1438] [1/1] [__output_code] 
V0405 02:54:13.210000 32888 torch\_inductor\codecache.py:1438] [1/1] [__output_code] aten = torch.ops.aten
V0405 02:54:13.210000 32888 torch\_inductor\codecache.py:1438] [1/1] [__output_code] inductor_ops = torch.ops.inductor
V0405 02:54:13.210000 32888 torch\_inductor\codecache.py:1438] [1/1] [__output_code] _quantized = torch.ops._quantized
V0405 02:54:13.210000 32888 torch\_inductor\codecache.py:1438] [1/1] [__output_code] assert_size_stride = torch._C._dynamo.guards.assert_size_stride
V0405 02:54:13.210000 32888 torch\_inductor\codecache.py:1438] [1/1] [__output_code] assert_alignment = torch._C._dynamo.guards.assert_alignment
V0405 02:54:13.210000 32888 torch\_inductor\codecache.py:1438] [1/1] [__output_code] empty_strided_cpu = torch._C._dynamo.guards._empty_strided_cpu
V0405 02:54:13.210000 32888 torch\_inductor\codecache.py:1438] [1/1] [__output_code] empty_strided_cpu_pinned = torch._C._dynamo.guards._empty_strided_cpu_pinned
V0405 02:54:13.210000 32888 torch\_inductor\codecache.py:1438] [1/1] [__output_code] empty_strided_cuda = torch._C._dynamo.guards._empty_strided_cuda
V0405 02:54:13.210000 32888 torch\_inductor\codecache.py:1438] [1/1] [__output_code] empty_strided_xpu = torch._C._dynamo.guards._empty_strided_xpu
V0405 02:54:13.210000 32888 torch\_inductor\codecache.py:1438] [1/1] [__output_code] empty_strided_mtia = torch._C._dynamo.guards._empty_strided_mtia
V0405 02:54:13.210000 32888 torch\_inductor\codecache.py:1438] [1/1] [__output_code] reinterpret_tensor = torch._C._dynamo.guards._reinterpret_tensor
V0405 02:54:13.210000 32888 torch\_inductor\codecache.py:1438] [1/1] [__output_code] alloc_from_pool = torch.ops.inductor._alloc_from_pool
V0405 02:54:13.210000 32888 torch\_inductor\codecache.py:1438] [1/1] [__output_code] async_compile = AsyncCompile()
V0405 02:54:13.210000 32888 torch\_inductor\codecache.py:1438] [1/1] [__output_code] empty_strided_p2p = torch._C._distributed_c10d._SymmetricMemory.empty_strided_p2p
V0405 02:54:13.210000 32888 torch\_inductor\codecache.py:1438] [1/1] [__output_code] from torch._C import _cuda_getCurrentRawStream as get_raw_stream
V0405 02:54:13.210000 32888 torch\_inductor\codecache.py:1438] [1/1] [__output_code] 
V0405 02:54:13.210000 32888 torch\_inductor\codecache.py:1438] [1/1] [__output_code] 
V0405 02:54:13.210000 32888 torch\_inductor\codecache.py:1438] [1/1] [__output_code] 
V0405 02:54:13.210000 32888 torch\_inductor\codecache.py:1438] [1/1] [__output_code] # kernel path: C:\Users\adars\AppData\Local\Temp\torchinductor_adars\f7\cf7sqgc5vrmpm67ymheuzvancejzzm27cthmq3x3w5rtrodpjmuk.py
V0405 02:54:13.210000 32888 torch\_inductor\codecache.py:1438] [1/1] [__output_code] # Topologically Sorted Source Nodes: [rms_norm, normed], Original ATen: [aten._fused_rms_norm, aten.mul]
V0405 02:54:13.210000 32888 torch\_inductor\codecache.py:1438] [1/1] [__output_code] # Source node to ATen node mapping:
V0405 02:54:13.210000 32888 torch\_inductor\codecache.py:1438] [1/1] [__output_code] #   normed => mul_1
V0405 02:54:13.210000 32888 torch\_inductor\codecache.py:1438] [1/1] [__output_code] #   rms_norm => add, convert_element_type, convert_element_type_1, mean, mul, pow_1, rsqrt
V0405 02:54:13.210000 32888 torch\_inductor\codecache.py:1438] [1/1] [__output_code] # Graph fragment:
V0405 02:54:13.210000 32888 torch\_inductor\codecache.py:1438] [1/1] [__output_code] #   %arg0_1 : Tensor "bf16[4096, 512][512, 1]cuda:0" = PlaceHolder[target=arg0_1]
V0405 02:54:13.210000 32888 torch\_inductor\codecache.py:1438] [1/1] [__output_code] #   %buf0 : Tensor "f32[4096, 1][1, 4096]cuda:0" = PlaceHolder[target=buf0]
V0405 02:54:13.210000 32888 torch\_inductor\codecache.py:1438] [1/1] [__output_code] #   %arg1_1 : Tensor "bf16[][]cuda:0" = PlaceHolder[target=arg1_1]
V0405 02:54:13.210000 32888 torch\_inductor\codecache.py:1438] [1/1] [__output_code] #   %convert_element_type : Tensor "f32[4096, 512][512, 1]cuda:0"[num_users=2] = call_function[target=torch.ops.prims.convert_element_type.default](args = (%arg0_1, torch.float32), kwargs = {})
V0405 02:54:13.210000 32888 torch\_inductor\codecache.py:1438] [1/1] [__output_code] #   %pow_1 : Tensor "f32[4096, 512][512, 1]cuda:0"[num_users=1] = call_function[target=torch.ops.aten.pow.Tensor_Scalar](args = (%convert_element_type, 2), kwargs = {})
V0405 02:54:13.210000 32888 torch\_inductor\codecache.py:1438] [1/1] [__output_code] #   %mean : Tensor "f32[4096, 1][1, 1]cuda:0"[num_users=1] = call_function[target=torch.ops.aten.mean.dim](args = (%pow_1, [1], True), kwargs = {})
V0405 02:54:13.210000 32888 torch\_inductor\codecache.py:1438] [1/1] [__output_code] #   %add : Tensor "f32[4096, 1][1, 1]cuda:0"[num_users=1] = call_function[target=torch.ops.aten.add.Scalar](args = (%mean, 1.1920928955078125e-07), kwargs = {})
V0405 02:54:13.210000 32888 torch\_inductor\codecache.py:1438] [1/1] [__output_code] #   %rsqrt : Tensor "f32[4096, 1][1, 1]cuda:0"[num_users=1] = call_function[target=torch.ops.aten.rsqrt.default](args = (%add,), kwargs = {})
V0405 02:54:13.210000 32888 torch\_inductor\codecache.py:1438] [1/1] [__output_code] #   %mul : Tensor "f32[4096, 512][512, 1]cuda:0"[num_users=1] = call_function[target=torch.ops.aten.mul.Tensor](args = (%convert_element_type, %rsqrt), kwargs = {})
V0405 02:54:13.210000 32888 torch\_inductor\codecache.py:1438] [1/1] [__output_code] #   %convert_element_type_1 : Tensor "bf16[4096, 512][512, 1]cuda:0"[num_users=1] = call_function[target=torch.ops.prims.convert_element_type.default](args = (%mul, torch.bfloat16), kwargs = {})
V0405 02:54:13.210000 32888 torch\_inductor\codecache.py:1438] [1/1] [__output_code] #   %mul_1 : Tensor "bf16[4096, 512][512, 1]cuda:0"[num_users=1] = call_function[target=torch.ops.aten.mul.Tensor](args = (%convert_element_type_1, %arg1_1), kwargs = {})
V0405 02:54:13.210000 32888 torch\_inductor\codecache.py:1438] [1/1] [__output_code] #   return %buf0,%mul_1
V0405 02:54:13.210000 32888 torch\_inductor\codecache.py:1438] [1/1] [__output_code] triton_per_fused__fused_rms_norm_mul_0 = async_compile.triton('triton_per_fused__fused_rms_norm_mul_0', '''
V0405 02:54:13.210000 32888 torch\_inductor\codecache.py:1438] [1/1] [__output_code] import triton
V0405 02:54:13.210000 32888 torch\_inductor\codecache.py:1438] [1/1] [__output_code] import triton.language as tl
V0405 02:54:13.210000 32888 torch\_inductor\codecache.py:1438] [1/1] [__output_code] 
V0405 02:54:13.210000 32888 torch\_inductor\codecache.py:1438] [1/1] [__output_code] from torch._inductor.runtime import triton_helpers, triton_heuristics
V0405 02:54:13.210000 32888 torch\_inductor\codecache.py:1438] [1/1] [__output_code] from torch._inductor.runtime.triton_helpers import libdevice, math as tl_math
V0405 02:54:13.210000 32888 torch\_inductor\codecache.py:1438] [1/1] [__output_code] from torch._inductor.runtime.hints import AutotuneHint, ReductionHint, TileHint, DeviceProperties
V0405 02:54:13.210000 32888 torch\_inductor\codecache.py:1438] [1/1] [__output_code] triton_helpers.set_driver_to_gpu()
V0405 02:54:13.210000 32888 torch\_inductor\codecache.py:1438] [1/1] [__output_code] 
V0405 02:54:13.210000 32888 torch\_inductor\codecache.py:1438] [1/1] [__output_code] @triton_heuristics.persistent_reduction(
V0405 02:54:13.210000 32888 torch\_inductor\codecache.py:1438] [1/1] [__output_code]     size_hints={'x': 4096, 'r0_': 512},
V0405 02:54:13.210000 32888 torch\_inductor\codecache.py:1438] [1/1] [__output_code]     reduction_hint=ReductionHint.INNER,
V0405 02:54:13.210000 32888 torch\_inductor\codecache.py:1438] [1/1] [__output_code]     filename=__file__,
V0405 02:54:13.210000 32888 torch\_inductor\codecache.py:1438] [1/1] [__output_code]     triton_meta={'signature': {'in_ptr0': '*bf16', 'in_ptr1': '*bf16', 'out_ptr1': '*bf16', 'xnumel': 'i32', 'r0_numel': 'i32', 'XBLOCK': 'constexpr'}, 'device': DeviceProperties(type='cuda', index=0, multi_processor_count=46, cc=120, major=12, regs_per_multiprocessor=65536, max_threads_per_multi_processor=1536, max_threads_per_block=1024, warp_size=32), 'constants': {}, 'native_matmul': False, 'enable_fp_fusion': True, 'launch_pdl': False, 'disable_ftz': False, 'configs': [{(0,): [['tt.divisibility', 16]], (1,): [['tt.divisibility', 16]], (2,): [['tt.divisibility', 16]], (3,): [['tt.divisibility', 16]], (4,): [['tt.divisibility', 16]]}]},
V0405 02:54:13.210000 32888 torch\_inductor\codecache.py:1438] [1/1] [__output_code]     inductor_meta={'grid_type': 'Grid1D', 'autotune_hints': set(), 'kernel_name': 'triton_per_fused__fused_rms_norm_mul_0', 'mutated_arg_names': [], 'optimize_mem': True, 'no_x_dim': None, 'atomic_add_found': False, 'num_load': 2, 'num_store': 1, 'num_reduction': 1, 'backend_hash': '852F9A3305D7C93EBEB502CE3BC231F01B01CE166A6FB3A43463667B2BACE826', 'assert_indirect_indexing': True, 'autotune_local_cache': True, 'autotune_pointwise': True, 'autotune_remote_cache': None, 'force_disable_caches': False, 'dynamic_scale_rblock': True, 'max_autotune': True, 'max_autotune_pointwise': False, 'min_split_scan_rblock': 256, 'spill_threshold': 16, 'store_cubin': False, 'deterministic': False, 'force_filter_reduction_configs': False, 'mix_order_reduction_allow_multi_stages': False, 'are_deterministic_algorithms_enabled': False, 'coordinate_descent_tuning': True, 'coordinate_descent_search_radius': 1, 'coordinate_descent_check_all_directions': False, 'tiling_scores': {'x': 0, 'r0_': 12582912}}
V0405 02:54:13.210000 32888 torch\_inductor\codecache.py:1438] [1/1] [__output_code] )
V0405 02:54:13.210000 32888 torch\_inductor\codecache.py:1438] [1/1] [__output_code] @triton.jit
V0405 02:54:13.210000 32888 torch\_inductor\codecache.py:1438] [1/1] [__output_code] def triton_per_fused__fused_rms_norm_mul_0(in_ptr0, in_ptr1, out_ptr1, xnumel, r0_numel, XBLOCK : tl.constexpr):
V0405 02:54:13.210000 32888 torch\_inductor\codecache.py:1438] [1/1] [__output_code]     xnumel = 4096
V0405 02:54:13.210000 32888 torch\_inductor\codecache.py:1438] [1/1] [__output_code]     r0_numel = 512
V0405 02:54:13.210000 32888 torch\_inductor\codecache.py:1438] [1/1] [__output_code]     R0_BLOCK: tl.constexpr = 512
V0405 02:54:13.210000 32888 torch\_inductor\codecache.py:1438] [1/1] [__output_code]     rnumel = r0_numel
V0405 02:54:13.210000 32888 torch\_inductor\codecache.py:1438] [1/1] [__output_code]     RBLOCK: tl.constexpr = R0_BLOCK
V0405 02:54:13.210000 32888 torch\_inductor\codecache.py:1438] [1/1] [__output_code]     xoffset = tl.program_id(0) * XBLOCK
V0405 02:54:13.210000 32888 torch\_inductor\codecache.py:1438] [1/1] [__output_code]     xindex = xoffset + tl.arange(0, XBLOCK)[:, None]
V0405 02:54:13.210000 32888 torch\_inductor\codecache.py:1438] [1/1] [__output_code]     xmask = tl.full([XBLOCK], True, tl.int1)[:, None]
V0405 02:54:13.210000 32888 torch\_inductor\codecache.py:1438] [1/1] [__output_code]     r0_index = tl.arange(0, R0_BLOCK)[None, :]
V0405 02:54:13.210000 32888 torch\_inductor\codecache.py:1438] [1/1] [__output_code]     r0_offset = 0
V0405 02:54:13.210000 32888 torch\_inductor\codecache.py:1438] [1/1] [__output_code]     r0_mask = tl.full([R0_BLOCK], True, tl.int1)[None, :]
V0405 02:54:13.210000 32888 torch\_inductor\codecache.py:1438] [1/1] [__output_code]     roffset = r0_offset
V0405 02:54:13.210000 32888 torch\_inductor\codecache.py:1438] [1/1] [__output_code]     rindex = r0_index
V0405 02:54:13.210000 32888 torch\_inductor\codecache.py:1438] [1/1] [__output_code]     r0_1 = r0_index
V0405 02:54:13.210000 32888 torch\_inductor\codecache.py:1438] [1/1] [__output_code]     x0 = xindex
V0405 02:54:13.210000 32888 torch\_inductor\codecache.py:1438] [1/1] [__output_code]     tmp0 = tl.load(in_ptr0 + (r0_1 + 512*x0), None).to(tl.float32)
V0405 02:54:13.210000 32888 torch\_inductor\codecache.py:1438] [1/1] [__output_code]     tmp13 = tl.load(in_ptr1 + (0)).to(tl.float32)
V0405 02:54:13.210000 32888 torch\_inductor\codecache.py:1438] [1/1] [__output_code]     tmp14 = tl.broadcast_to(tmp13, [1, 1])
V0405 02:54:13.210000 32888 torch\_inductor\codecache.py:1438] [1/1] [__output_code]     tmp1 = tmp0.to(tl.float32)
V0405 02:54:13.210000 32888 torch\_inductor\codecache.py:1438] [1/1] [__output_code]     tmp2 = tmp1 * tmp1
V0405 02:54:13.210000 32888 torch\_inductor\codecache.py:1438] [1/1] [__output_code]     tmp3 = tl.broadcast_to(tmp2, [XBLOCK, R0_BLOCK])
V0405 02:54:13.210000 32888 torch\_inductor\codecache.py:1438] [1/1] [__output_code]     tmp5 = tl.sum(tmp3, 1)[:, None].to(tl.float32)
V0405 02:54:13.210000 32888 torch\_inductor\codecache.py:1438] [1/1] [__output_code]     tmp6 = tl.full([1, 1], 512.0, tl.float32)
V0405 02:54:13.210000 32888 torch\_inductor\codecache.py:1438] [1/1] [__output_code]     tmp7 = (tmp5 / tmp6)
V0405 02:54:13.210000 32888 torch\_inductor\codecache.py:1438] [1/1] [__output_code]     tmp8 = tl.full([1, 1], 1.1920928955078125e-07, tl.float32)
V0405 02:54:13.210000 32888 torch\_inductor\codecache.py:1438] [1/1] [__output_code]     tmp9 = tmp7 + tmp8
V0405 02:54:13.210000 32888 torch\_inductor\codecache.py:1438] [1/1] [__output_code]     tmp10 = libdevice.rsqrt(tmp9)
V0405 02:54:13.210000 32888 torch\_inductor\codecache.py:1438] [1/1] [__output_code]     tmp11 = tmp1 * tmp10
V0405 02:54:13.210000 32888 torch\_inductor\codecache.py:1438] [1/1] [__output_code]     tmp12 = tmp11.to(tl.float32)
V0405 02:54:13.210000 32888 torch\_inductor\codecache.py:1438] [1/1] [__output_code]     tmp15 = tmp12 * tmp14
V0405 02:54:13.210000 32888 torch\_inductor\codecache.py:1438] [1/1] [__output_code]     tl.store(out_ptr1 + (r0_1 + 512*x0), tmp15, None)
V0405 02:54:13.210000 32888 torch\_inductor\codecache.py:1438] [1/1] [__output_code] ''', device_str='cuda')
V0405 02:54:13.210000 32888 torch\_inductor\codecache.py:1438] [1/1] [__output_code] 
V0405 02:54:13.210000 32888 torch\_inductor\codecache.py:1438] [1/1] [__output_code] 
V0405 02:54:13.210000 32888 torch\_inductor\codecache.py:1438] [1/1] [__output_code] # kernel path: C:\Users\adars\AppData\Local\Temp\torchinductor_adars\5o\c5oigxjtx7o74mtfyirhsvcemoxfjyyveht2gzmyleadokfk4qxt.py
V0405 02:54:13.210000 32888 torch\_inductor\codecache.py:1438] [1/1] [__output_code] # Topologically Sorted Source Nodes: [h, square], Original ATen: [aten.leaky_relu, aten.pow]
V0405 02:54:13.210000 32888 torch\_inductor\codecache.py:1438] [1/1] [__output_code] # Source node to ATen node mapping:
V0405 02:54:13.210000 32888 torch\_inductor\codecache.py:1438] [1/1] [__output_code] #   h => convert_element_type_4, convert_element_type_5, gt, mul_2, where
V0405 02:54:13.210000 32888 torch\_inductor\codecache.py:1438] [1/1] [__output_code] #   square => pow_2
V0405 02:54:13.210000 32888 torch\_inductor\codecache.py:1438] [1/1] [__output_code] # Graph fragment:
V0405 02:54:13.210000 32888 torch\_inductor\codecache.py:1438] [1/1] [__output_code] #   %mm : Tensor "bf16[4096, 1536][1536, 1]cuda:0" = PlaceHolder[target=mm]
V0405 02:54:13.210000 32888 torch\_inductor\codecache.py:1438] [1/1] [__output_code] #   %convert_element_type_4 : Tensor "f32[4096, 1536][1536, 1]cuda:0"[num_users=3] = call_function[target=torch.ops.prims.convert_element_type.default](args = (%mm, torch.float32), kwargs = {})
V0405 02:54:13.210000 32888 torch\_inductor\codecache.py:1438] [1/1] [__output_code] #   %gt : Tensor "b8[4096, 1536][1536, 1]cuda:0"[num_users=1] = call_function[target=torch.ops.aten.gt.Scalar](args = (%convert_element_type_4, 0), kwargs = {})
V0405 02:54:13.210000 32888 torch\_inductor\codecache.py:1438] [1/1] [__output_code] #   %mul_2 : Tensor "f32[4096, 1536][1536, 1]cuda:0"[num_users=1] = call_function[target=torch.ops.aten.mul.Tensor](args = (%convert_element_type_4, 0.5), kwargs = {})
V0405 02:54:13.210000 32888 torch\_inductor\codecache.py:1438] [1/1] [__output_code] #   %where : Tensor "f32[4096, 1536][1536, 1]cuda:0"[num_users=1] = call_function[target=torch.ops.aten.where.self](args = (%gt, %convert_element_type_4, %mul_2), kwargs = {})
V0405 02:54:13.210000 32888 torch\_inductor\codecache.py:1438] [1/1] [__output_code] #   %convert_element_type_5 : Tensor "bf16[4096, 1536][1536, 1]cuda:0"[num_users=1] = call_function[target=torch.ops.prims.convert_element_type.default](args = (%where, torch.bfloat16), kwargs = {})
V0405 02:54:13.210000 32888 torch\_inductor\codecache.py:1438] [1/1] [__output_code] #   %pow_2 : Tensor "bf16[4096, 1536][1536, 1]cuda:0"[num_users=1] = call_function[target=torch.ops.aten.pow.Tensor_Scalar](args = (%convert_element_type_5, 2), kwargs = {})
V0405 02:54:13.210000 32888 torch\_inductor\codecache.py:1438] [1/1] [__output_code] #   return %pow_2
V0405 02:54:13.210000 32888 torch\_inductor\codecache.py:1438] [1/1] [__output_code] triton_poi_fused_leaky_relu_pow_1 = async_compile.triton('triton_poi_fused_leaky_relu_pow_1', '''
V0405 02:54:13.210000 32888 torch\_inductor\codecache.py:1438] [1/1] [__output_code] import triton
V0405 02:54:13.210000 32888 torch\_inductor\codecache.py:1438] [1/1] [__output_code] import triton.language as tl
V0405 02:54:13.210000 32888 torch\_inductor\codecache.py:1438] [1/1] [__output_code] 
V0405 02:54:13.210000 32888 torch\_inductor\codecache.py:1438] [1/1] [__output_code] from torch._inductor.runtime import triton_helpers, triton_heuristics
V0405 02:54:13.210000 32888 torch\_inductor\codecache.py:1438] [1/1] [__output_code] from torch._inductor.runtime.triton_helpers import libdevice, math as tl_math
V0405 02:54:13.210000 32888 torch\_inductor\codecache.py:1438] [1/1] [__output_code] from torch._inductor.runtime.hints import AutotuneHint, ReductionHint, TileHint, DeviceProperties
V0405 02:54:13.210000 32888 torch\_inductor\codecache.py:1438] [1/1] [__output_code] triton_helpers.set_driver_to_gpu()
V0405 02:54:13.210000 32888 torch\_inductor\codecache.py:1438] [1/1] [__output_code] 
V0405 02:54:13.210000 32888 torch\_inductor\codecache.py:1438] [1/1] [__output_code] @triton_heuristics.pointwise(
V0405 02:54:13.210000 32888 torch\_inductor\codecache.py:1438] [1/1] [__output_code]     size_hints={'x': 8388608}, 
V0405 02:54:13.210000 32888 torch\_inductor\codecache.py:1438] [1/1] [__output_code]     filename=__file__,
V0405 02:54:13.210000 32888 torch\_inductor\codecache.py:1438] [1/1] [__output_code]     triton_meta={'signature': {'in_out_ptr0': '*bf16', 'xnumel': 'i32', 'XBLOCK': 'constexpr'}, 'device': DeviceProperties(type='cuda', index=0, multi_processor_count=46, cc=120, major=12, regs_per_multiprocessor=65536, max_threads_per_multi_processor=1536, max_threads_per_block=1024, warp_size=32), 'constants': {}, 'native_matmul': False, 'enable_fp_fusion': True, 'launch_pdl': False, 'disable_ftz': False, 'configs': [{(0,): [['tt.divisibility', 16]], (1,): [['tt.divisibility', 16]]}]},
V0405 02:54:13.210000 32888 torch\_inductor\codecache.py:1438] [1/1] [__output_code]     inductor_meta={'grid_type': 'Grid1D', 'autotune_hints': set(), 'kernel_name': 'triton_poi_fused_leaky_relu_pow_1', 'mutated_arg_names': ['in_out_ptr0'], 'optimize_mem': True, 'no_x_dim': False, 'atomic_add_found': False, 'num_load': 1, 'num_store': 1, 'num_reduction': 0, 'backend_hash': '852F9A3305D7C93EBEB502CE3BC231F01B01CE166A6FB3A43463667B2BACE826', 'assert_indirect_indexing': True, 'autotune_local_cache': True, 'autotune_pointwise': True, 'autotune_remote_cache': None, 'force_disable_caches': False, 'dynamic_scale_rblock': True, 'max_autotune': True, 'max_autotune_pointwise': False, 'min_split_scan_rblock': 256, 'spill_threshold': 16, 'store_cubin': False, 'deterministic': False, 'force_filter_reduction_configs': False, 'mix_order_reduction_allow_multi_stages': False, 'are_deterministic_algorithms_enabled': False, 'coordinate_descent_tuning': True, 'coordinate_descent_search_radius': 1, 'coordinate_descent_check_all_directions': False, 'tiling_scores': {'x': 37748736}},
V0405 02:54:13.210000 32888 torch\_inductor\codecache.py:1438] [1/1] [__output_code]     min_elem_per_thread=0
V0405 02:54:13.210000 32888 torch\_inductor\codecache.py:1438] [1/1] [__output_code] )
V0405 02:54:13.210000 32888 torch\_inductor\codecache.py:1438] [1/1] [__output_code] @triton.jit
V0405 02:54:13.210000 32888 torch\_inductor\codecache.py:1438] [1/1] [__output_code] def triton_poi_fused_leaky_relu_pow_1(in_out_ptr0, xnumel, XBLOCK : tl.constexpr):
V0405 02:54:13.210000 32888 torch\_inductor\codecache.py:1438] [1/1] [__output_code]     xnumel = 6291456
V0405 02:54:13.210000 32888 torch\_inductor\codecache.py:1438] [1/1] [__output_code]     xoffset = tl.program_id(0) * XBLOCK
V0405 02:54:13.210000 32888 torch\_inductor\codecache.py:1438] [1/1] [__output_code]     xindex = xoffset + tl.arange(0, XBLOCK)[:]
V0405 02:54:13.210000 32888 torch\_inductor\codecache.py:1438] [1/1] [__output_code]     xmask = tl.full([XBLOCK], True, tl.int1)[:]
V0405 02:54:13.210000 32888 torch\_inductor\codecache.py:1438] [1/1] [__output_code]     x0 = xindex
V0405 02:54:13.210000 32888 torch\_inductor\codecache.py:1438] [1/1] [__output_code]     tmp0 = tl.load(in_out_ptr0 + (x0), None).to(tl.float32)
V0405 02:54:13.210000 32888 torch\_inductor\codecache.py:1438] [1/1] [__output_code]     tmp1 = tmp0.to(tl.float32)
V0405 02:54:13.210000 32888 torch\_inductor\codecache.py:1438] [1/1] [__output_code]     tmp2 = tl.full([1], 0.0, tl.float32)
V0405 02:54:13.210000 32888 torch\_inductor\codecache.py:1438] [1/1] [__output_code]     tmp3 = tmp1 > tmp2
V0405 02:54:13.210000 32888 torch\_inductor\codecache.py:1438] [1/1] [__output_code]     tmp4 = tl.full([1], 0.5, tl.float32)
V0405 02:54:13.210000 32888 torch\_inductor\codecache.py:1438] [1/1] [__output_code]     tmp5 = tmp1 * tmp4
V0405 02:54:13.210000 32888 torch\_inductor\codecache.py:1438] [1/1] [__output_code]     tmp6 = tl.where(tmp3, tmp1, tmp5)
V0405 02:54:13.210000 32888 torch\_inductor\codecache.py:1438] [1/1] [__output_code]     tmp7 = tmp6.to(tl.float32)
V0405 02:54:13.210000 32888 torch\_inductor\codecache.py:1438] [1/1] [__output_code]     tmp8 = tmp7 * tmp7
V0405 02:54:13.210000 32888 torch\_inductor\codecache.py:1438] [1/1] [__output_code]     tl.store(in_out_ptr0 + (x0), tmp8, None)
V0405 02:54:13.210000 32888 torch\_inductor\codecache.py:1438] [1/1] [__output_code] ''', device_str='cuda')
V0405 02:54:13.210000 32888 torch\_inductor\codecache.py:1438] [1/1] [__output_code] 
V0405 02:54:13.210000 32888 torch\_inductor\codecache.py:1438] [1/1] [__output_code] 
V0405 02:54:13.210000 32888 torch\_inductor\codecache.py:1438] [1/1] [__output_code] # kernel path: C:\Users\adars\AppData\Local\Temp\torchinductor_adars\xg\cxguspsr336nxntph7m23jc2rtns42xpj5akopzmhill3lufgluf.py
V0405 02:54:13.210000 32888 torch\_inductor\codecache.py:1438] [1/1] [__output_code] # Topologically Sorted Source Nodes: [getitem, mul_1, add], Original ATen: [aten.unsqueeze, aten.mul, aten.add]
V0405 02:54:13.210000 32888 torch\_inductor\codecache.py:1438] [1/1] [__output_code] # Source node to ATen node mapping:
V0405 02:54:13.210000 32888 torch\_inductor\codecache.py:1438] [1/1] [__output_code] #   add => add_1
V0405 02:54:13.210000 32888 torch\_inductor\codecache.py:1438] [1/1] [__output_code] #   getitem => unsqueeze
V0405 02:54:13.210000 32888 torch\_inductor\codecache.py:1438] [1/1] [__output_code] #   mul_1 => mul_3
V0405 02:54:13.210000 32888 torch\_inductor\codecache.py:1438] [1/1] [__output_code] # Graph fragment:
V0405 02:54:13.210000 32888 torch\_inductor\codecache.py:1438] [1/1] [__output_code] #   %arg0_1 : Tensor "bf16[4096, 512][512, 1]cuda:0" = PlaceHolder[target=arg0_1]
V0405 02:54:13.210000 32888 torch\_inductor\codecache.py:1438] [1/1] [__output_code] #   %arg4_1 : Tensor "bf16[512][1]cuda:0" = PlaceHolder[target=arg4_1]
V0405 02:54:13.210000 32888 torch\_inductor\codecache.py:1438] [1/1] [__output_code] #   %mm_1 : Tensor "bf16[4096, 512][512, 1]cuda:0" = PlaceHolder[target=mm_1]
V0405 02:54:13.210000 32888 torch\_inductor\codecache.py:1438] [1/1] [__output_code] #   %unsqueeze : Tensor "bf16[1, 512][512, 1]cuda:0"[num_users=1] = call_function[target=torch.ops.aten.unsqueeze.default](args = (%arg4_1, 0), kwargs = {})
V0405 02:54:13.210000 32888 torch\_inductor\codecache.py:1438] [1/1] [__output_code] #   %mul_3 : Tensor "bf16[4096, 512][512, 1]cuda:0"[num_users=1] = call_function[target=torch.ops.aten.mul.Tensor](args = (%unsqueeze, %mm_1), kwargs = {})
V0405 02:54:13.210000 32888 torch\_inductor\codecache.py:1438] [1/1] [__output_code] #   %add_1 : Tensor "bf16[4096, 512][512, 1]cuda:0"[num_users=1] = call_function[target=torch.ops.aten.add.Tensor](args = (%arg0_1, %mul_3), kwargs = {})
V0405 02:54:13.210000 32888 torch\_inductor\codecache.py:1438] [1/1] [__output_code] #   return %add_1
V0405 02:54:13.210000 32888 torch\_inductor\codecache.py:1438] [1/1] [__output_code] triton_poi_fused_add_mul_unsqueeze_2 = async_compile.triton('triton_poi_fused_add_mul_unsqueeze_2', '''
V0405 02:54:13.210000 32888 torch\_inductor\codecache.py:1438] [1/1] [__output_code] import triton
V0405 02:54:13.210000 32888 torch\_inductor\codecache.py:1438] [1/1] [__output_code] import triton.language as tl
V0405 02:54:13.210000 32888 torch\_inductor\codecache.py:1438] [1/1] [__output_code] 
V0405 02:54:13.210000 32888 torch\_inductor\codecache.py:1438] [1/1] [__output_code] from torch._inductor.runtime import triton_helpers, triton_heuristics
V0405 02:54:13.210000 32888 torch\_inductor\codecache.py:1438] [1/1] [__output_code] from torch._inductor.runtime.triton_helpers import libdevice, math as tl_math
V0405 02:54:13.210000 32888 torch\_inductor\codecache.py:1438] [1/1] [__output_code] from torch._inductor.runtime.hints import AutotuneHint, ReductionHint, TileHint, DeviceProperties
V0405 02:54:13.210000 32888 torch\_inductor\codecache.py:1438] [1/1] [__output_code] triton_helpers.set_driver_to_gpu()
V0405 02:54:13.210000 32888 torch\_inductor\codecache.py:1438] [1/1] [__output_code] 
V0405 02:54:13.210000 32888 torch\_inductor\codecache.py:1438] [1/1] [__output_code] @triton_heuristics.pointwise(
V0405 02:54:13.210000 32888 torch\_inductor\codecache.py:1438] [1/1] [__output_code]     size_hints={'x': 2097152}, 
V0405 02:54:13.210000 32888 torch\_inductor\codecache.py:1438] [1/1] [__output_code]     filename=__file__,
V0405 02:54:13.210000 32888 torch\_inductor\codecache.py:1438] [1/1] [__output_code]     triton_meta={'signature': {'in_out_ptr0': '*bf16', 'in_ptr0': '*bf16', 'in_ptr1': '*bf16', 'xnumel': 'i32', 'XBLOCK': 'constexpr'}, 'device': DeviceProperties(type='cuda', index=0, multi_processor_count=46, cc=120, major=12, regs_per_multiprocessor=65536, max_threads_per_multi_processor=1536, max_threads_per_block=1024, warp_size=32), 'constants': {}, 'native_matmul': False, 'enable_fp_fusion': True, 'launch_pdl': False, 'disable_ftz': False, 'configs': [{(0,): [['tt.divisibility', 16]], (1,): [['tt.divisibility', 16]], (2,): [['tt.divisibility', 16]], (3,): [['tt.divisibility', 16]]}]},
V0405 02:54:13.210000 32888 torch\_inductor\codecache.py:1438] [1/1] [__output_code]     inductor_meta={'grid_type': 'Grid1D', 'autotune_hints': set(), 'kernel_name': 'triton_poi_fused_add_mul_unsqueeze_2', 'mutated_arg_names': ['in_out_ptr0'], 'optimize_mem': True, 'no_x_dim': False, 'atomic_add_found': False, 'num_load': 3, 'num_store': 1, 'num_reduction': 0, 'backend_hash': '852F9A3305D7C93EBEB502CE3BC231F01B01CE166A6FB3A43463667B2BACE826', 'assert_indirect_indexing': True, 'autotune_local_cache': True, 'autotune_pointwise': True, 'autotune_remote_cache': None, 'force_disable_caches': False, 'dynamic_scale_rblock': True, 'max_autotune': True, 'max_autotune_pointwise': False, 'min_split_scan_rblock': 256, 'spill_threshold': 16, 'store_cubin': False, 'deterministic': False, 'force_filter_reduction_configs': False, 'mix_order_reduction_allow_multi_stages': False, 'are_deterministic_algorithms_enabled': False, 'coordinate_descent_tuning': True, 'coordinate_descent_search_radius': 1, 'coordinate_descent_check_all_directions': False, 'tiling_scores': {'x': 16778240}},
V0405 02:54:13.210000 32888 torch\_inductor\codecache.py:1438] [1/1] [__output_code]     min_elem_per_thread=0
V0405 02:54:13.210000 32888 torch\_inductor\codecache.py:1438] [1/1] [__output_code] )
V0405 02:54:13.210000 32888 torch\_inductor\codecache.py:1438] [1/1] [__output_code] @triton.jit
V0405 02:54:13.210000 32888 torch\_inductor\codecache.py:1438] [1/1] [__output_code] def triton_poi_fused_add_mul_unsqueeze_2(in_out_ptr0, in_ptr0, in_ptr1, xnumel, XBLOCK : tl.constexpr):
V0405 02:54:13.210000 32888 torch\_inductor\codecache.py:1438] [1/1] [__output_code]     xnumel = 2097152
V0405 02:54:13.210000 32888 torch\_inductor\codecache.py:1438] [1/1] [__output_code]     xoffset = tl.program_id(0) * XBLOCK
V0405 02:54:13.210000 32888 torch\_inductor\codecache.py:1438] [1/1] [__output_code]     xindex = xoffset + tl.arange(0, XBLOCK)[:]
V0405 02:54:13.210000 32888 torch\_inductor\codecache.py:1438] [1/1] [__output_code]     xmask = tl.full([XBLOCK], True, tl.int1)[:]
V0405 02:54:13.210000 32888 torch\_inductor\codecache.py:1438] [1/1] [__output_code]     x2 = xindex
V0405 02:54:13.210000 32888 torch\_inductor\codecache.py:1438] [1/1] [__output_code]     x0 = (xindex % 512)
V0405 02:54:13.210000 32888 torch\_inductor\codecache.py:1438] [1/1] [__output_code]     tmp0 = tl.load(in_ptr0 + (x2), None).to(tl.float32)
V0405 02:54:13.210000 32888 torch\_inductor\codecache.py:1438] [1/1] [__output_code]     tmp1 = tl.load(in_ptr1 + (x0), None, eviction_policy='evict_last').to(tl.float32)
V0405 02:54:13.210000 32888 torch\_inductor\codecache.py:1438] [1/1] [__output_code]     tmp2 = tl.load(in_out_ptr0 + (x2), None).to(tl.float32)
V0405 02:54:13.210000 32888 torch\_inductor\codecache.py:1438] [1/1] [__output_code]     tmp3 = tmp1 * tmp2
V0405 02:54:13.210000 32888 torch\_inductor\codecache.py:1438] [1/1] [__output_code]     tmp4 = tmp0 + tmp3
V0405 02:54:13.210000 32888 torch\_inductor\codecache.py:1438] [1/1] [__output_code]     tl.store(in_out_ptr0 + (x2), tmp4, None)
V0405 02:54:13.210000 32888 torch\_inductor\codecache.py:1438] [1/1] [__output_code] ''', device_str='cuda')
V0405 02:54:13.210000 32888 torch\_inductor\codecache.py:1438] [1/1] [__output_code] 
V0405 02:54:13.210000 32888 torch\_inductor\codecache.py:1438] [1/1] [__output_code] def partition_0(args):
V0405 02:54:13.210000 32888 torch\_inductor\codecache.py:1438] [1/1] [__output_code]     arg0_1, arg1_1, arg2_1, arg3_1, arg4_1 = args
V0405 02:54:13.210000 32888 torch\_inductor\codecache.py:1438] [1/1] [__output_code]     args.clear()
V0405 02:54:13.210000 32888 torch\_inductor\codecache.py:1438] [1/1] [__output_code]     assert_size_stride(arg0_1, (4096, 512), (512, 1))
V0405 02:54:13.210000 32888 torch\_inductor\codecache.py:1438] [1/1] [__output_code]     assert_size_stride(arg1_1, (), ())
V0405 02:54:13.210000 32888 torch\_inductor\codecache.py:1438] [1/1] [__output_code]     assert_size_stride(arg2_1, (1536, 512), (512, 1))
V0405 02:54:13.210000 32888 torch\_inductor\codecache.py:1438] [1/1] [__output_code]     assert_size_stride(arg3_1, (512, 1536), (1536, 1))
V0405 02:54:13.210000 32888 torch\_inductor\codecache.py:1438] [1/1] [__output_code]     assert_size_stride(arg4_1, (512, ), (1, ))
V0405 02:54:13.210000 32888 torch\_inductor\codecache.py:1438] [1/1] [__output_code]     with torch.cuda._DeviceGuard(0):
V0405 02:54:13.210000 32888 torch\_inductor\codecache.py:1438] [1/1] [__output_code]         torch.cuda.set_device(0)
V0405 02:54:13.210000 32888 torch\_inductor\codecache.py:1438] [1/1] [__output_code]         buf1 = empty_strided_cuda((4096, 512), (512, 1), torch.bfloat16)
V0405 02:54:13.210000 32888 torch\_inductor\codecache.py:1438] [1/1] [__output_code]         # Topologically Sorted Source Nodes: [rms_norm, normed], Original ATen: [aten._fused_rms_norm, aten.mul]
V0405 02:54:13.210000 32888 torch\_inductor\codecache.py:1438] [1/1] [__output_code]         stream0 = get_raw_stream(0)
V0405 02:54:13.210000 32888 torch\_inductor\codecache.py:1438] [1/1] [__output_code]         triton_per_fused__fused_rms_norm_mul_0.run(arg0_1, arg1_1, buf1, 4096, 512, stream=stream0)
V0405 02:54:13.210000 32888 torch\_inductor\codecache.py:1438] [1/1] [__output_code]         del arg1_1
V0405 02:54:13.210000 32888 torch\_inductor\codecache.py:1438] [1/1] [__output_code]         buf2 = empty_strided_cuda((4096, 1536), (1536, 1), torch.bfloat16)
V0405 02:54:13.210000 32888 torch\_inductor\codecache.py:1438] [1/1] [__output_code]         # Topologically Sorted Source Nodes: [rms_norm, normed, linear], Original ATen: [aten._fused_rms_norm, aten.mul, aten.t, aten.mm]
V0405 02:54:13.210000 32888 torch\_inductor\codecache.py:1438] [1/1] [__output_code]         extern_kernels.mm(buf1, reinterpret_tensor(arg2_1, (512, 1536), (1, 512), 0), out=buf2)
V0405 02:54:13.210000 32888 torch\_inductor\codecache.py:1438] [1/1] [__output_code]         del arg2_1
V0405 02:54:13.210000 32888 torch\_inductor\codecache.py:1438] [1/1] [__output_code]         del buf1
V0405 02:54:13.210000 32888 torch\_inductor\codecache.py:1438] [1/1] [__output_code]         buf3 = buf2; del buf2  # reuse
V0405 02:54:13.210000 32888 torch\_inductor\codecache.py:1438] [1/1] [__output_code]         # Topologically Sorted Source Nodes: [h, square], Original ATen: [aten.leaky_relu, aten.pow]
V0405 02:54:13.210000 32888 torch\_inductor\codecache.py:1438] [1/1] [__output_code]         stream0 = get_raw_stream(0)
V0405 02:54:13.210000 32888 torch\_inductor\codecache.py:1438] [1/1] [__output_code]         triton_poi_fused_leaky_relu_pow_1.run(buf3, 6291456, stream=stream0)
V0405 02:54:13.210000 32888 torch\_inductor\codecache.py:1438] [1/1] [__output_code]         buf4 = empty_strided_cuda((4096, 512), (512, 1), torch.bfloat16)
V0405 02:54:13.210000 32888 torch\_inductor\codecache.py:1438] [1/1] [__output_code]         # Topologically Sorted Source Nodes: [h, square, out], Original ATen: [aten.leaky_relu, aten.pow, aten.t, aten.mm]
V0405 02:54:13.210000 32888 torch\_inductor\codecache.py:1438] [1/1] [__output_code]         extern_kernels.mm(buf3, reinterpret_tensor(arg3_1, (1536, 512), (1, 1536), 0), out=buf4)
V0405 02:54:13.210000 32888 torch\_inductor\codecache.py:1438] [1/1] [__output_code]         del arg3_1
V0405 02:54:13.210000 32888 torch\_inductor\codecache.py:1438] [1/1] [__output_code]         del buf3
V0405 02:54:13.210000 32888 torch\_inductor\codecache.py:1438] [1/1] [__output_code]         buf5 = buf4; del buf4  # reuse
V0405 02:54:13.210000 32888 torch\_inductor\codecache.py:1438] [1/1] [__output_code]         # Topologically Sorted Source Nodes: [getitem, mul_1, add], Original ATen: [aten.unsqueeze, aten.mul, aten.add]
V0405 02:54:13.210000 32888 torch\_inductor\codecache.py:1438] [1/1] [__output_code]         stream0 = get_raw_stream(0)
V0405 02:54:13.210000 32888 torch\_inductor\codecache.py:1438] [1/1] [__output_code]         triton_poi_fused_add_mul_unsqueeze_2.run(buf5, arg0_1, arg4_1, 2097152, stream=stream0)
V0405 02:54:13.210000 32888 torch\_inductor\codecache.py:1438] [1/1] [__output_code]         del arg0_1
V0405 02:54:13.210000 32888 torch\_inductor\codecache.py:1438] [1/1] [__output_code]         del arg4_1
V0405 02:54:13.210000 32888 torch\_inductor\codecache.py:1438] [1/1] [__output_code]     return (buf5, )
V0405 02:54:13.210000 32888 torch\_inductor\codecache.py:1438] [1/1] [__output_code] 
V0405 02:54:13.210000 32888 torch\_inductor\codecache.py:1438] [1/1] [__output_code] 
V0405 02:54:13.210000 32888 torch\_inductor\codecache.py:1438] [1/1] [__output_code] async_compile.wait(globals())
V0405 02:54:13.210000 32888 torch\_inductor\codecache.py:1438] [1/1] [__output_code] del async_compile
V0405 02:54:13.210000 32888 torch\_inductor\codecache.py:1438] [1/1] [__output_code] 
V0405 02:54:13.210000 32888 torch\_inductor\codecache.py:1438] [1/1] [__output_code] class Runner:
V0405 02:54:13.210000 32888 torch\_inductor\codecache.py:1438] [1/1] [__output_code]     def __init__(self, partitions):
V0405 02:54:13.210000 32888 torch\_inductor\codecache.py:1438] [1/1] [__output_code]         self.partitions = partitions
V0405 02:54:13.210000 32888 torch\_inductor\codecache.py:1438] [1/1] [__output_code] 
V0405 02:54:13.210000 32888 torch\_inductor\codecache.py:1438] [1/1] [__output_code]     def recursively_apply_fns(self, fns):
V0405 02:54:13.210000 32888 torch\_inductor\codecache.py:1438] [1/1] [__output_code]         new_callables = []
V0405 02:54:13.210000 32888 torch\_inductor\codecache.py:1438] [1/1] [__output_code]         for fn, c in zip(fns, self.partitions):
V0405 02:54:13.210000 32888 torch\_inductor\codecache.py:1438] [1/1] [__output_code]             new_callables.append(fn(c))
V0405 02:54:13.210000 32888 torch\_inductor\codecache.py:1438] [1/1] [__output_code]         self.partitions = new_callables
V0405 02:54:13.210000 32888 torch\_inductor\codecache.py:1438] [1/1] [__output_code] 
V0405 02:54:13.210000 32888 torch\_inductor\codecache.py:1438] [1/1] [__output_code]     def call(self, args):
V0405 02:54:13.210000 32888 torch\_inductor\codecache.py:1438] [1/1] [__output_code]         arg0_1, arg1_1, arg2_1, arg3_1, arg4_1 = args
V0405 02:54:13.210000 32888 torch\_inductor\codecache.py:1438] [1/1] [__output_code]         args.clear()
V0405 02:54:13.210000 32888 torch\_inductor\codecache.py:1438] [1/1] [__output_code]         partition0_args = [arg0_1, arg1_1, arg2_1, arg3_1, arg4_1]
V0405 02:54:13.210000 32888 torch\_inductor\codecache.py:1438] [1/1] [__output_code]         del arg0_1, arg1_1, arg2_1, arg3_1, arg4_1
V0405 02:54:13.210000 32888 torch\_inductor\codecache.py:1438] [1/1] [__output_code]         (buf5,) = self.partitions[0](partition0_args)
V0405 02:54:13.210000 32888 torch\_inductor\codecache.py:1438] [1/1] [__output_code]         del partition0_args
V0405 02:54:13.210000 32888 torch\_inductor\codecache.py:1438] [1/1] [__output_code]         return (buf5, )
V0405 02:54:13.210000 32888 torch\_inductor\codecache.py:1438] [1/1] [__output_code] 
V0405 02:54:13.210000 32888 torch\_inductor\codecache.py:1438] [1/1] [__output_code] runner = Runner(partitions=[partition_0,])
V0405 02:54:13.210000 32888 torch\_inductor\codecache.py:1438] [1/1] [__output_code] call = runner.call
V0405 02:54:13.210000 32888 torch\_inductor\codecache.py:1438] [1/1] [__output_code] recursively_apply_fns = runner.recursively_apply_fns
V0405 02:54:13.210000 32888 torch\_inductor\codecache.py:1438] [1/1] [__output_code] 
V0405 02:54:13.210000 32888 torch\_inductor\codecache.py:1438] [1/1] [__output_code] 
V0405 02:54:13.210000 32888 torch\_inductor\codecache.py:1438] [1/1] [__output_code] def get_args():
V0405 02:54:13.210000 32888 torch\_inductor\codecache.py:1438] [1/1] [__output_code]     from torch._dynamo.testing import rand_strided
V0405 02:54:13.210000 32888 torch\_inductor\codecache.py:1438] [1/1] [__output_code]     arg0_1 = rand_strided((4096, 512), (512, 1), device='cuda:0', dtype=torch.bfloat16)
V0405 02:54:13.210000 32888 torch\_inductor\codecache.py:1438] [1/1] [__output_code]     arg1_1 = rand_strided((), (), device='cuda:0', dtype=torch.bfloat16)
V0405 02:54:13.210000 32888 torch\_inductor\codecache.py:1438] [1/1] [__output_code]     arg2_1 = rand_strided((1536, 512), (512, 1), device='cuda:0', dtype=torch.bfloat16)
V0405 02:54:13.210000 32888 torch\_inductor\codecache.py:1438] [1/1] [__output_code]     arg3_1 = rand_strided((512, 1536), (1536, 1), device='cuda:0', dtype=torch.bfloat16)
V0405 02:54:13.210000 32888 torch\_inductor\codecache.py:1438] [1/1] [__output_code]     arg4_1 = rand_strided((512, ), (1, ), device='cuda:0', dtype=torch.bfloat16)
V0405 02:54:13.210000 32888 torch\_inductor\codecache.py:1438] [1/1] [__output_code]     return [arg0_1, arg1_1, arg2_1, arg3_1, arg4_1]
V0405 02:54:13.210000 32888 torch\_inductor\codecache.py:1438] [1/1] [__output_code] 
V0405 02:54:13.210000 32888 torch\_inductor\codecache.py:1438] [1/1] [__output_code] 
V0405 02:54:13.210000 32888 torch\_inductor\codecache.py:1438] [1/1] [__output_code] def benchmark_compiled_module(args, times=10, repeat=10):
V0405 02:54:13.210000 32888 torch\_inductor\codecache.py:1438] [1/1] [__output_code]     from torch._inductor.utils import print_performance
V0405 02:54:13.210000 32888 torch\_inductor\codecache.py:1438] [1/1] [__output_code]     fn = lambda: call(list(args))
V0405 02:54:13.210000 32888 torch\_inductor\codecache.py:1438] [1/1] [__output_code]     return print_performance(fn, times=times, repeat=repeat)
V0405 02:54:13.210000 32888 torch\_inductor\codecache.py:1438] [1/1] [__output_code] 
V0405 02:54:13.210000 32888 torch\_inductor\codecache.py:1438] [1/1] [__output_code] 
V0405 02:54:13.210000 32888 torch\_inductor\codecache.py:1438] [1/1] [__output_code] if __name__ == "__main__":
V0405 02:54:13.210000 32888 torch\_inductor\codecache.py:1438] [1/1] [__output_code]     from torch._inductor.wrapper_benchmark import compiled_module_main
V0405 02:54:13.210000 32888 torch\_inductor\codecache.py:1438] [1/1] [__output_code]     args = get_args()
V0405 02:54:13.210000 32888 torch\_inductor\codecache.py:1438] [1/1] [__output_code]     compiled_module_main('None', lambda times, repeat: benchmark_compiled_module(args, times=times, repeat=repeat))
V0405 02:54:13.210000 32888 torch\_inductor\codecache.py:1438] [1/1] [__output_code] 
V0405 02:54:13.210000 32888 torch\_inductor\codecache.py:1439] [1/1] [__output_code] Output code written to: C:\Users\adars\AppData\Local\Temp\torchinductor_adars\zk\czkehnl5ymrkqc3wzyl2kpehhyifb7t476qwgraxcvfzct2lwkp7.py
================================================================================
PHASE 0: INDUCTOR FUSION AUDIT
Device: NVIDIA GeForce RTX 5070 Ti Laptop GPU
Batch tokens: 4096, model_dim=512, mlp_dim=1536
================================================================================

>>> TEST 1: MLP -- GEMM + LeakyReLU^2 + GEMM
  Output shape: torch.Size([4096, 512])

>>> TEST 2: RMSNorm + GEMM (prologue fusion check)
  Output shape: torch.Size([4096, 1536])

>>> TEST 3: GEMM + scale*out + residual (epilogue fusion check)
  Output shape: torch.Size([4096, 512])

>>> TEST 4: Full MLP path (RMSNorm -> GEMM -> act^2 -> GEMM -> residual)
  Output shape: torch.Size([4096, 512])

>>> TEST 5: Full MLP path with mode='max-autotune'
  Output shape: torch.Size([4096, 512])

>>> TEST 6: RMSNorm -> Q,K,V GEMMs (multi-GEMM prologue sharing)
  Q: torch.Size([4096, 512]), K: torch.Size([4096, 256]), V: torch.Size([4096, 256])

>>> TEST 7: Timing -- unfused vs compiled MLP path
  Unfused (eager):     0.399 ms
  Compiled (default):  0.366 ms
  Compiled (autotune): 2.206 ms

================================================================================
AUDIT COMPLETE -- analyze inductor_fusion_audit.log for kernel fusion details
Look for: mm/addmm calls (cuBLAS) vs triton kernels (fused element-wise)
================================================================================
