Repo already present at /workspace/forgefuse-run — pulling latest
From https://github.com/AR6420/parameter-golf
 * branch            forgefuse-phase3a -> FETCH_HEAD
HEAD is now at bfe141e fix(deploy): set -eu (no pipefail), skip re-clone, default dynamo disabled
bfe141e fix(deploy): set -eu (no pipefail), skip re-clone, default dynamo disabled
d3d5436 chore: defensive torch.compile wrappers + sanity probe
7ca9b76 chore: add RunPod H100 deployment scripts
forgefuse-phase3a
Expected HEAD: Phase 3A commit (EMA 0.9965, matrix_lr 0.022, VAL_MAX_BATCHES, compiled_model->model fix)
flash_attn                2.8.3
flash-attn-3              3.0.0+20260303.cu128torch291cxx11abitrue.ceb109
numpy                     2.4.3
sentencepiece             0.2.1
torch                     2.9.1+cu128
torchaudio                2.9.1+cu128
triton                    3.5.1
torch 2.9.1+cu128  cuda_available=True  devices=8
triton 3.5.1
FA3 import OK
Tue Apr 21 04:53:14 2026       
+-----------------------------------------------------------------------------------------+
| NVIDIA-SMI 580.126.09             Driver Version: 580.126.09     CUDA Version: 13.0     |
+-----------------------------------------+------------------------+----------------------+
| GPU  Name                 Persistence-M | Bus-Id          Disp.A | Volatile Uncorr. ECC |
| Fan  Temp   Perf          Pwr:Usage/Cap |           Memory-Usage | GPU-Util  Compute M. |
|                                         |                        |               MIG M. |
|=========================================+========================+======================|
|   0  NVIDIA H100 80GB HBM3          On  |   00000000:19:00.0 Off |                    0 |
| N/A   32C    P0             68W /  700W |       0MiB /  81559MiB |      0%      Default |
|                                         |                        |             Disabled |
+-----------------------------------------+------------------------+----------------------+
|   1  NVIDIA H100 80GB HBM3          On  |   00000000:3B:00.0 Off |                    0 |
| N/A   30C    P0             70W /  700W |       0MiB /  81559MiB |      0%      Default |
|                                         |                        |             Disabled |
+-----------------------------------------+------------------------+----------------------+
|   2  NVIDIA H100 80GB HBM3          On  |   00000000:4C:00.0 Off |                    0 |
| N/A   29C    P0             69W /  700W |       0MiB /  81559MiB |      0%      Default |
|                                         |                        |             Disabled |
+-----------------------------------------+------------------------+----------------------+
NVIDIA H100 80GB HBM3, 81559 MiB
NVIDIA H100 80GB HBM3, 81559 MiB
NVIDIA H100 80GB HBM3, 81559 MiB
NVIDIA H100 80GB HBM3, 81559 MiB
NVIDIA H100 80GB HBM3, 81559 MiB
NVIDIA H100 80GB HBM3, 81559 MiB
NVIDIA H100 80GB HBM3, 81559 MiB
NVIDIA H100 80GB HBM3, 81559 MiB
Downloading FineWeb sp1024 (10 train shards)...
Warning: You are sending unauthenticated requests to the HF Hub. Please set a HF_TOKEN to enable higher rate limits and faster downloads.
total 2074304
drwxr-xr-x 2 root root      4096 Apr 21 04:53 .
drwxr-xr-x 3 root root        39 Apr 21 04:53 ..
-rw-r--r-- 1 root root 200001024 Apr 21 04:47 fineweb_train_000000.bin
-rw-r--r-- 1 root root 200001024 Apr 21 04:47 fineweb_train_000001.bin
-rw-r--r-- 1 root root 200001024 Apr 21 04:47 fineweb_train_000002.bin
-rw-r--r-- 1 root root 200001024 Apr 21 04:47 fineweb_train_000003.bin
-rw-r--r-- 1 root root 200001024 Apr 21 04:47 fineweb_train_000004.bin
-rw-r--r-- 1 root root 200001024 Apr 21 04:47 fineweb_train_000005.bin
-rw-r--r-- 1 root root 200001024 Apr 21 04:47 fineweb_train_000006.bin
-rw-r--r-- 1 root root 200001024 Apr 21 04:47 fineweb_train_000007.bin
-rw-r--r-- 1 root root 200001024 Apr 21 04:47 fineweb_train_000008.bin

==========================================
5-STEP SANITY PROBE (catches setup issues)
==========================================
W0421 04:53:20.215000 2814 torch/distributed/run.py:803] 
W0421 04:53:20.215000 2814 torch/distributed/run.py:803] *****************************************
W0421 04:53:20.215000 2814 torch/distributed/run.py:803] Setting OMP_NUM_THREADS environment variable for each process to be 1 in default, to avoid your system being overloaded, please further tune the variable for optimal performance in your application as needed. 
W0421 04:53:20.215000 2814 torch/distributed/run.py:803] *****************************************
logs/sanity_probe_20260421_045319.txt
val_bpb:enabled tokenizer_kind=sentencepiece tokenizer_path=./data/tokenizers/fineweb_1024_bpe.model
train_loader:dataset:fineweb10B_sp1024 train_shards:10
val_loader:shards pattern=./data/datasets/fineweb10B_sp1024/fineweb_val_*.bin tokens:62021632
[compile] train_model -> torch.compile succeeded (fullgraph=True)
[compile] Startup compile mode: train_model=compiled_fullgraph (logits/eval_model compile deferred until used)
[compile] train_model -> torch.compile succeeded (fullgraph=True)
[compile] Startup compile mode: train_model=compiled_fullgraph (logits/eval_model compile deferred until used)
[compile] train_model -> torch.compile succeeded (fullgraph=True)
[compile] Startup compile mode: train_model=compiled_fullgraph (logits/eval_model compile deferred until used)
[compile] train_model -> torch.compile succeeded (fullgraph=True)
[compile] Startup compile mode: train_model=compiled_fullgraph (logits/eval_model compile deferred until used)
[compile] train_model -> torch.compile succeeded (fullgraph=True)
[compile] Startup compile mode: train_model=compiled_fullgraph (logits/eval_model compile deferred until used)
[compile] train_model -> torch.compile succeeded (fullgraph=True)
[compile] Startup compile mode: train_model=compiled_fullgraph (logits/eval_model compile deferred until used)
[compile] train_model -> torch.compile succeeded (fullgraph=True)
[compile] Startup compile mode: train_model=compiled_fullgraph (logits/eval_model compile deferred until used)
model_params:26993756
mtp_num_heads:0 mtp_loss_weight:0.2 mtp_params:0
XSA:last_11 active_layers:[0, 1, 2, 3, 4, 5, 6, 7, 8, 9, 10]
world_size:8 grad_accum_steps:1
sdp_backends:cudnn=False flash=True mem_efficient=False math=False
attention_mode:gqa num_heads:8 num_kv_heads:4
tie_embeddings:True embed_lr:0.035 head_lr:0.0 matrix_lr:0.022 scalar_lr:0.025
train_batch_tokens:786432 train_seq_len:2048 iterations:5 warmup_steps:20 max_wallclock_seconds:600.000
seed:1337
[compile] train_model -> torch.compile succeeded (fullgraph=True)
[compile] Startup compile mode: train_model=compiled_fullgraph (logits/eval_model compile deferred until used)
warmup_step:1/20
warmup_step:2/20
warmup_step:3/20
warmup_step:4/20
warmup_step:5/20
warmup_step:6/20
warmup_step:7/20
warmup_step:8/20
warmup_step:9/20
warmup_step:10/20
warmup_step:11/20
warmup_step:12/20
warmup_step:13/20
warmup_step:14/20
warmup_step:15/20
warmup_step:16/20
warmup_step:17/20
warmup_step:18/20
warmup_step:19/20
warmup_step:20/20
step:0/5 val_loss:6.9310 val_bpb:4.1088 train_time:0ms step_avg:0.03ms
step:1/5 train_loss:6.9317 train_time:305ms step_avg:304.79ms
step:2/5 train_loss:8.6869 train_time:546ms step_avg:273.04ms
step:3/5 train_loss:7.8783 train_time:827ms step_avg:275.77ms
step:4/5 train_loss:7.0123 train_time:1108ms step_avg:277.10ms
step:5/5 train_loss:6.5944 train_time:1390ms step_avg:277.92ms
step:5/5 val_loss:6.3898 val_bpb:3.7880 train_time:1430ms step_avg:285.93ms
peak memory allocated: 19373 MiB reserved: 20236 MiB
ema:applying EMA weights
DIAGNOSTIC post_ema val_loss:6.8014 val_bpb:4.0320 eval_time:3816ms
Serialized model: 106158518 bytes
Code size: 123299 bytes
gptq:building non-banked model for Hessian collection...
gptq:generating autoregressive calibration data (64 seqs x 2048 tokens, temp=0.8)...
gptq:generated 64 sequences in 339.3s
gptq:collecting hessians from autoregressive data...
gptq:collected hessians for 68 layers (AR self-gen)
selective_prune: 6629512 ±1 candidates, unpruned=4.46MB target=15.9MB
selective_prune: already fits, no pruning needed
Serialized model int6+lzma: 4548404 bytes
Total submission size int6+lzma: 4671703 bytes
[compile] eval_model -> torch.compile succeeded (fullgraph=True)
[compile] eval_model -> torch.compile succeeded (fullgraph=True)
[compile] eval_model -> torch.compile succeeded (fullgraph=True)
[compile] eval_model -> torch.compile succeeded (fullgraph=True)
[compile] eval_model -> torch.compile succeeded (fullgraph=True)
[compile] eval_model -> torch.compile succeeded (fullgraph=True)
[compile] eval_model -> torch.compile succeeded (fullgraph=True)
[compile] eval_model -> torch.compile succeeded (fullgraph=True)
final_int6_roundtrip val_loss:6.8152 val_bpb:4.0402 eval_time:3838ms
final_int6_roundtrip_exact val_loss:6.81521833 val_bpb:4.04023176
[compile] logits -> torch.compile succeeded (fullgraph=True)
[compile] logits -> torch.compile succeeded (fullgraph=True)
[compile] logits -> torch.compile succeeded (fullgraph=True)[compile] logits -> torch.compile succeeded (fullgraph=True)

[compile] logits -> torch.compile succeeded (fullgraph=True)
[compile] logits -> torch.compile succeeded (fullgraph=True)
[compile] logits -> torch.compile succeeded (fullgraph=True)
[compile] logits -> torch.compile succeeded (fullgraph=True)
[rank0]:[W421 05:04:44.437427954 TCPStore.cpp:125] [c10d] recvValue failed on SocketImpl(fd=90, addr=[8f9e71dd3259]:34854, remote=[8f9e71dd3259]:42409): Connection reset by peer
Exception raised from recvBytes at /pytorch/torch/csrc/distributed/c10d/Utils.hpp:679 (most recent call first):
frame #0: c10::Error::Error(c10::SourceLocation, std::__cxx11::basic_string<char, std::char_traits<char>, std::allocator<char> >) + 0x80 (0x7c8c8677cb80 in /usr/local/lib/python3.12/dist-packages/torch/lib/libc10.so)
frame #1: <unknown function> + 0x5ffc5b1 (0x7c8c69acd5b1 in /usr/local/lib/python3.12/dist-packages/torch/lib/libtorch_cpu.so)
frame #2: <unknown function> + 0x5ffda13 (0x7c8c69acea13 in /usr/local/lib/python3.12/dist-packages/torch/lib/libtorch_cpu.so)
frame #3: <unknown function> + 0x5ffe55a (0x7c8c69acf55a in /usr/local/lib/python3.12/dist-packages/torch/lib/libtorch_cpu.so)
frame #4: c10d::TCPStore::check(std::vector<std::__cxx11::basic_string<char, std::char_traits<char>, std::allocator<char> >, std::allocator<std::__cxx11::basic_string<char, std::char_traits<char>, std::allocator<char> > > > const&) + 0x31e (0x7c8c69aca27e in /usr/local/lib/python3.12/dist-packages/torch/lib/libtorch_cpu.so)
frame #5: c10d::ProcessGroupNCCL::HeartbeatMonitor::runLoop() + 0x3c8 (0x7c8c28649868 in /usr/local/lib/python3.12/dist-packages/torch/lib/libtorch_cuda.so)
frame #6: <unknown function> + 0xecdb4 (0x7c8c89d10db4 in /lib/x86_64-linux-gnu/libstdc++.so.6)
frame #7: <unknown function> + 0x9caa4 (0x7c8c8c78faa4 in /lib/x86_64-linux-gnu/libc.so.6)
frame #8: __clone + 0x44 (0x7c8c8c81ca64 in /lib/x86_64-linux-gnu/libc.so.6)

[rank1]:[W421 05:04:44.437488366 TCPStore.cpp:125] [c10d] recvValue failed on SocketImpl(fd=90, addr=[8f9e71dd3259]:34844, remote=[8f9e71dd3259]:42409): Connection reset by peer
Exception raised from recvBytes at /pytorch/torch/csrc/distributed/c10d/Utils.hpp:679 (most recent call first):
frame #0: c10::Error::Error(c10::SourceLocation, std::__cxx11::basic_string<char, std::char_traits<char>, std::allocator<char> >) + 0x80 (0x71a805570b80 in /usr/local/lib/python3.12/dist-packages/torch/lib/libc10.so)
frame #1: <unknown function> + 0x5ffc5b1 (0x71a8478cd5b1 in /usr/local/lib/python3.12/dist-packages/torch/lib/libtorch_cpu.so)
frame #2: <unknown function> + 0x5ffda13 (0x71a8478cea13 in /usr/local/lib/python3.12/dist-packages/torch/lib/libtorch_cpu.so)
frame #3: <unknown function> + 0x5ffe55a (0x71a8478cf55a in /usr/local/lib/python3.12/dist-packages/torch/lib/libtorch_cpu.so)
frame #4: c10d::TCPStore::check(std::vector<std::__cxx11::basic_string<char, std::char_traits<char>, std::allocator<char> >, std::allocator<std::__cxx11::basic_string<char, std::char_traits<char>, std::allocator<char> > > > const&) + 0x31e (0x71a8478ca27e in /usr/local/lib/python3.12/dist-packages/torch/lib/libtorch_cpu.so)
frame #5: c10d::ProcessGroupNCCL::HeartbeatMonitor::runLoop() + 0x3c8 (0x71a806449868 in /usr/local/lib/python3.12/dist-packages/torch/lib/libtorch_cuda.so)
frame #6: <unknown function> + 0xecdb4 (0x71a867a0cdb4 in /lib/x86_64-linux-gnu/libstdc++.so.6)
frame #7: <unknown function> + 0x9caa4 (0x71a86a48baa4 in /lib/x86_64-linux-gnu/libc.so.6)
frame #8: __clone + 0x44 (0x71a86a518a64 in /lib/x86_64-linux-gnu/libc.so.6)

[rank0]:[W421 05:04:44.441249911 ProcessGroupNCCL.cpp:1771] [PG ID 0 PG GUID 0(default_pg) Rank 0] Failed to check the "should dump" flag on TCPStore, (maybe TCPStore server has shut down too early), with error: Connection reset by peer
[rank1]:[W421 05:04:44.441250662 ProcessGroupNCCL.cpp:1771] [PG ID 0 PG GUID 0(default_pg) Rank 1] Failed to check the "should dump" flag on TCPStore, (maybe TCPStore server has shut down too early), with error: Connection reset by peer
[rank2]:[W421 05:04:44.437712107 TCPStore.cpp:125] [c10d] recvValue failed on SocketImpl(fd=90, addr=[8f9e71dd3259]:34868, remote=[8f9e71dd3259]:42409): Connection reset by peer
Exception raised from recvBytes at /pytorch/torch/csrc/distributed/c10d/Utils.hpp:679 (most recent call first):
frame #0: c10::Error::Error(c10::SourceLocation, std::__cxx11::basic_string<char, std::char_traits<char>, std::allocator<char> >) + 0x80 (0x7676c2970b80 in /usr/local/lib/python3.12/dist-packages/torch/lib/libc10.so)
frame #1: <unknown function> + 0x5ffc5b1 (0x767704ccd5b1 in /usr/local/lib/python3.12/dist-packages/torch/lib/libtorch_cpu.so)
frame #2: <unknown function> + 0x5ffda13 (0x767704ccea13 in /usr/local/lib/python3.12/dist-packages/torch/lib/libtorch_cpu.so)
frame #3: <unknown function> + 0x5ffe55a (0x767704ccf55a in /usr/local/lib/python3.12/dist-packages/torch/lib/libtorch_cpu.so)
frame #4: c10d::TCPStore::check(std::vector<std::__cxx11::basic_string<char, std::char_traits<char>, std::allocator<char> >, std::allocator<std::__cxx11::basic_string<char, std::char_traits<char>, std::allocator<char> > > > const&) + 0x31e (0x767704cca27e in /usr/local/lib/python3.12/dist-packages/torch/lib/libtorch_cpu.so)
frame #5: c10d::ProcessGroupNCCL::HeartbeatMonitor::runLoop() + 0x3c8 (0x7676c3849868 in /usr/local/lib/python3.12/dist-packages/torch/lib/libtorch_cuda.so)
frame #6: <unknown function> + 0xecdb4 (0x767724e02db4 in /lib/x86_64-linux-gnu/libstdc++.so.6)
frame #7: <unknown function> + 0x9caa4 (0x767727881aa4 in /lib/x86_64-linux-gnu/libc.so.6)
frame #8: __clone + 0x44 (0x76772790ea64 in /lib/x86_64-linux-gnu/libc.so.6)

[rank2]:[W421 05:04:44.451046262 ProcessGroupNCCL.cpp:1771] [PG ID 0 PG GUID 0(default_pg) Rank 2] Failed to check the "should dump" flag on TCPStore, (maybe TCPStore server has shut down too early), with error: Connection reset by peer
[rank7]:[W421 05:04:44.438212351 TCPStore.cpp:125] [c10d] recvValue failed on SocketImpl(fd=90, addr=[8f9e71dd3259]:34862, remote=[8f9e71dd3259]:42409): Connection reset by peer
Exception raised from recvBytes at /pytorch/torch/csrc/distributed/c10d/Utils.hpp:679 (most recent call first):
frame #0: c10::Error::Error(c10::SourceLocation, std::__cxx11::basic_string<char, std::char_traits<char>, std::allocator<char> >) + 0x80 (0x73ea2317cb80 in /usr/local/lib/python3.12/dist-packages/torch/lib/libc10.so)
frame #1: <unknown function> + 0x5ffc5b1 (0x73ea064cd5b1 in /usr/local/lib/python3.12/dist-packages/torch/lib/libtorch_cpu.so)
frame #2: <unknown function> + 0x5ffda13 (0x73ea064cea13 in /usr/local/lib/python3.12/dist-packages/torch/lib/libtorch_cpu.so)
frame #3: <unknown function> + 0x5ffe55a (0x73ea064cf55a in /usr/local/lib/python3.12/dist-packages/torch/lib/libtorch_cpu.so)
frame #4: c10d::TCPStore::check(std::vector<std::__cxx11::basic_string<char, std::char_traits<char>, std::allocator<char> >, std::allocator<std::__cxx11::basic_string<char, std::char_traits<char>, std::allocator<char> > > > const&) + 0x31e (0x73ea064ca27e in /usr/local/lib/python3.12/dist-packages/torch/lib/libtorch_cpu.so)
frame #5: c10d::ProcessGroupNCCL::HeartbeatMonitor::runLoop() + 0x3c8 (0x73e9c5049868 in /usr/local/lib/python3.12/dist-packages/torch/lib/libtorch_cuda.so)
frame #6: <unknown function> + 0xecdb4 (0x73ea2670adb4 in /lib/x86_64-linux-gnu/libstdc++.so.6)
frame #7: <unknown function> + 0x9caa4 (0x73ea29189aa4 in /lib/x86_64-linux-gnu/libc.so.6)
frame #8: __clone + 0x44 (0x73ea29216a64 in /lib/x86_64-linux-gnu/libc.so.6)

[rank7]:[W421 05:04:44.451525058 ProcessGroupNCCL.cpp:1771] [PG ID 0 PG GUID 0(default_pg) Rank 7] Failed to check the "should dump" flag on TCPStore, (maybe TCPStore server has shut down too early), with error: Connection reset by peer
[rank5]:[W421 05:04:44.548753453 TCPStore.cpp:125] [c10d] recvValue failed on SocketImpl(fd=90, addr=[8f9e71dd3259]:34814, remote=[8f9e71dd3259]:42409): Failed to recv, got 0 bytes. Connection was likely closed. Did the remote server shutdown or crash?
Exception raised from recvBytes at /pytorch/torch/csrc/distributed/c10d/Utils.hpp:682 (most recent call first):
frame #0: c10::Error::Error(c10::SourceLocation, std::__cxx11::basic_string<char, std::char_traits<char>, std::allocator<char> >) + 0x80 (0x7c605f57cb80 in /usr/local/lib/python3.12/dist-packages/torch/lib/libc10.so)
frame #1: <unknown function> + 0x5ffc5b1 (0x7c60428cd5b1 in /usr/local/lib/python3.12/dist-packages/torch/lib/libtorch_cpu.so)
frame #2: <unknown function> + 0x5ffd9ad (0x7c60428ce9ad in /usr/local/lib/python3.12/dist-packages/torch/lib/libtorch_cpu.so)
frame #3: <unknown function> + 0x5ffe55a (0x7c60428cf55a in /usr/local/lib/python3.12/dist-packages/torch/lib/libtorch_cpu.so)
frame #4: c10d::TCPStore::check(std::vector<std::__cxx11::basic_string<char, std::char_traits<char>, std::allocator<char> >, std::allocator<std::__cxx11::basic_string<char, std::char_traits<char>, std::allocator<char> > > > const&) + 0x31e (0x7c60428ca27e in /usr/local/lib/python3.12/dist-packages/torch/lib/libtorch_cpu.so)
frame #5: c10d::ProcessGroupNCCL::HeartbeatMonitor::runLoop() + 0x3c8 (0x7c6001449868 in /usr/local/lib/python3.12/dist-packages/torch/lib/libtorch_cuda.so)
frame #6: <unknown function> + 0xecdb4 (0x7c6062b44db4 in /lib/x86_64-linux-gnu/libstdc++.so.6)
frame #7: <unknown function> + 0x9caa4 (0x7c60655c3aa4 in /lib/x86_64-linux-gnu/libc.so.6)
frame #8: __clone + 0x44 (0x7c6065650a64 in /lib/x86_64-linux-gnu/libc.so.6)

[rank5]:[W421 05:04:44.557614624 ProcessGroupNCCL.cpp:1771] [PG ID 0 PG GUID 0(default_pg) Rank 5] Failed to check the "should dump" flag on TCPStore, (maybe TCPStore server has shut down too early), with error: Failed to recv, got 0 bytes. Connection was likely closed. Did the remote server shutdown or crash?
[rank3]:[W421 05:04:44.635725458 TCPStore.cpp:125] [c10d] recvValue failed on SocketImpl(fd=90, addr=[8f9e71dd3259]:34820, remote=[8f9e71dd3259]:42409): Failed to recv, got 0 bytes. Connection was likely closed. Did the remote server shutdown or crash?
Exception raised from recvBytes at /pytorch/torch/csrc/distributed/c10d/Utils.hpp:682 (most recent call first):
frame #0: c10::Error::Error(c10::SourceLocation, std::__cxx11::basic_string<char, std::char_traits<char>, std::allocator<char> >) + 0x80 (0x7def52b7cb80 in /usr/local/lib/python3.12/dist-packages/torch/lib/libc10.so)
frame #1: <unknown function> + 0x5ffc5b1 (0x7def35ecd5b1 in /usr/local/lib/python3.12/dist-packages/torch/lib/libtorch_cpu.so)
frame #2: <unknown function> + 0x5ffd9ad (0x7def35ece9ad in /usr/local/lib/python3.12/dist-packages/torch/lib/libtorch_cpu.so)
frame #3: <unknown function> + 0x5ffe55a (0x7def35ecf55a in /usr/local/lib/python3.12/dist-packages/torch/lib/libtorch_cpu.so)
frame #4: c10d::TCPStore::check(std::vector<std::__cxx11::basic_string<char, std::char_traits<char>, std::allocator<char> >, std::allocator<std::__cxx11::basic_string<char, std::char_traits<char>, std::allocator<char> > > > const&) + 0x31e (0x7def35eca27e in /usr/local/lib/python3.12/dist-packages/torch/lib/libtorch_cpu.so)
frame #5: c10d::ProcessGroupNCCL::HeartbeatMonitor::runLoop() + 0x3c8 (0x7deef4a49868 in /usr/local/lib/python3.12/dist-packages/torch/lib/libtorch_cuda.so)
frame #6: <unknown function> + 0xecdb4 (0x7def56100db4 in /lib/x86_64-linux-gnu/libstdc++.so.6)
frame #7: <unknown function> + 0x9caa4 (0x7def58b7faa4 in /lib/x86_64-linux-gnu/libc.so.6)
frame #8: __clone + 0x44 (0x7def58c0ca64 in /lib/x86_64-linux-gnu/libc.so.6)

[rank3]:[W421 05:04:44.649013525 ProcessGroupNCCL.cpp:1771] [PG ID 0 PG GUID 0(default_pg) Rank 3] Failed to check the "should dump" flag on TCPStore, (maybe TCPStore server has shut down too early), with error: Failed to recv, got 0 bytes. Connection was likely closed. Did the remote server shutdown or crash?
[rank6]:[W421 05:04:44.717986761 TCPStore.cpp:125] [c10d] recvValue failed on SocketImpl(fd=90, addr=[8f9e71dd3259]:34828, remote=[8f9e71dd3259]:42409): Failed to recv, got 0 bytes. Connection was likely closed. Did the remote server shutdown or crash?
Exception raised from recvBytes at /pytorch/torch/csrc/distributed/c10d/Utils.hpp:682 (most recent call first):
frame #0: c10::Error::Error(c10::SourceLocation, std::__cxx11::basic_string<char, std::char_traits<char>, std::allocator<char> >) + 0x80 (0x77ca19b92b80 in /usr/local/lib/python3.12/dist-packages/torch/lib/libc10.so)
frame #1: <unknown function> + 0x5ffc5b1 (0x77c9fcacd5b1 in /usr/local/lib/python3.12/dist-packages/torch/lib/libtorch_cpu.so)
frame #2: <unknown function> + 0x5ffd9ad (0x77c9fcace9ad in /usr/local/lib/python3.12/dist-packages/torch/lib/libtorch_cpu.so)
frame #3: <unknown function> + 0x5ffe55a (0x77c9fcacf55a in /usr/local/lib/python3.12/dist-packages/torch/lib/libtorch_cpu.so)
frame #4: c10d::TCPStore::check(std::vector<std::__cxx11::basic_string<char, std::char_traits<char>, std::allocator<char> >, std::allocator<std::__cxx11::basic_string<char, std::char_traits<char>, std::allocator<char> > > > const&) + 0x31e (0x77c9fcaca27e in /usr/local/lib/python3.12/dist-packages/torch/lib/libtorch_cpu.so)
frame #5: c10d::ProcessGroupNCCL::HeartbeatMonitor::runLoop() + 0x3c8 (0x77c9bb649868 in /usr/local/lib/python3.12/dist-packages/torch/lib/libtorch_cuda.so)
frame #6: <unknown function> + 0xecdb4 (0x77ca1cd97db4 in /lib/x86_64-linux-gnu/libstdc++.so.6)
frame #7: <unknown function> + 0x9caa4 (0x77ca1f816aa4 in /lib/x86_64-linux-gnu/libc.so.6)
frame #8: __clone + 0x44 (0x77ca1f8a3a64 in /lib/x86_64-linux-gnu/libc.so.6)

[rank6]:[W421 05:04:44.731276242 ProcessGroupNCCL.cpp:1771] [PG ID 0 PG GUID 0(default_pg) Rank 6] Failed to check the "should dump" flag on TCPStore, (maybe TCPStore server has shut down too early), with error: Failed to recv, got 0 bytes. Connection was likely closed. Did the remote server shutdown or crash?
[rank4]:[W421 05:04:45.333998879 TCPStore.cpp:125] [c10d] recvValue failed on SocketImpl(fd=90, addr=[8f9e71dd3259]:34834, remote=[8f9e71dd3259]:42409): Failed to recv, got 0 bytes. Connection was likely closed. Did the remote server shutdown or crash?
Exception raised from recvBytes at /pytorch/torch/csrc/distributed/c10d/Utils.hpp:682 (most recent call first):
frame #0: c10::Error::Error(c10::SourceLocation, std::__cxx11::basic_string<char, std::char_traits<char>, std::allocator<char> >) + 0x80 (0x7b1211392b80 in /usr/local/lib/python3.12/dist-packages/torch/lib/libc10.so)
frame #1: <unknown function> + 0x5ffc5b1 (0x7b11f42cd5b1 in /usr/local/lib/python3.12/dist-packages/torch/lib/libtorch_cpu.so)
frame #2: <unknown function> + 0x5ffd9ad (0x7b11f42ce9ad in /usr/local/lib/python3.12/dist-packages/torch/lib/libtorch_cpu.so)
frame #3: <unknown function> + 0x5ffe55a (0x7b11f42cf55a in /usr/local/lib/python3.12/dist-packages/torch/lib/libtorch_cpu.so)
frame #4: c10d::TCPStore::check(std::vector<std::__cxx11::basic_string<char, std::char_traits<char>, std::allocator<char> >, std::allocator<std::__cxx11::basic_string<char, std::char_traits<char>, std::allocator<char> > > > const&) + 0x31e (0x7b11f42ca27e in /usr/local/lib/python3.12/dist-packages/torch/lib/libtorch_cpu.so)
frame #5: c10d::ProcessGroupNCCL::HeartbeatMonitor::runLoop() + 0x3c8 (0x7b11b2e49868 in /usr/local/lib/python3.12/dist-packages/torch/lib/libtorch_cuda.so)
frame #6: <unknown function> + 0xecdb4 (0x7b121458ddb4 in /lib/x86_64-linux-gnu/libstdc++.so.6)
frame #7: <unknown function> + 0x9caa4 (0x7b121700caa4 in /lib/x86_64-linux-gnu/libc.so.6)
frame #8: __clone + 0x44 (0x7b1217099a64 in /lib/x86_64-linux-gnu/libc.so.6)

[rank4]:[W421 05:04:45.347281386 ProcessGroupNCCL.cpp:1771] [PG ID 0 PG GUID 0(default_pg) Rank 4] Failed to check the "should dump" flag on TCPStore, (maybe TCPStore server has shut down too early), with error: Failed to recv, got 0 bytes. Connection was likely closed. Did the remote server shutdown or crash?
[rank0]:[W421 05:04:45.441370679 TCPStore.cpp:106] [c10d] sendBytes failed on SocketImpl(fd=90, addr=[8f9e71dd3259]:34854, remote=[8f9e71dd3259]:42409): Broken pipe
Exception raised from sendBytes at /pytorch/torch/csrc/distributed/c10d/Utils.hpp:653 (most recent call first):
frame #0: c10::Error::Error(c10::SourceLocation, std::__cxx11::basic_string<char, std::char_traits<char>, std::allocator<char> >) + 0x80 (0x7c8c8677cb80 in /usr/local/lib/python3.12/dist-packages/torch/lib/libc10.so)
frame #1: <unknown function> + 0x5ffc5b1 (0x7c8c69acd5b1 in /usr/local/lib/python3.12/dist-packages/torch/lib/libtorch_cpu.so)
frame #2: <unknown function> + 0x5ffce42 (0x7c8c69acde42 in /usr/local/lib/python3.12/dist-packages/torch/lib/libtorch_cpu.so)
frame #3: <unknown function> + 0x5ffe94e (0x7c8c69acf94e in /usr/local/lib/python3.12/dist-packages/torch/lib/libtorch_cpu.so)
frame #4: c10d::TCPStore::check(std::vector<std::__cxx11::basic_string<char, std::char_traits<char>, std::allocator<char> >, std::allocator<std::__cxx11::basic_string<char, std::char_traits<char>, std::allocator<char> > > > const&) + 0x30e (0x7c8c69aca26e in /usr/local/lib/python3.12/dist-packages/torch/lib/libtorch_cpu.so)
frame #5: c10d::ProcessGroupNCCL::HeartbeatMonitor::runLoop() + 0x3c8 (0x7c8c28649868 in /usr/local/lib/python3.12/dist-packages/torch/lib/libtorch_cuda.so)
frame #6: <unknown function> + 0xecdb4 (0x7c8c89d10db4 in /lib/x86_64-linux-gnu/libstdc++.so.6)
frame #7: <unknown function> + 0x9caa4 (0x7c8c8c78faa4 in /lib/x86_64-linux-gnu/libc.so.6)
frame #8: __clone + 0x44 (0x7c8c8c81ca64 in /lib/x86_64-linux-gnu/libc.so.6)

[rank0]:[W421 05:04:45.454451055 ProcessGroupNCCL.cpp:1771] [PG ID 0 PG GUID 0(default_pg) Rank 0] Failed to check the "should dump" flag on TCPStore, (maybe TCPStore server has shut down too early), with error: Broken pipe
[rank1]:[W421 05:04:45.441385503 TCPStore.cpp:106] [c10d] sendBytes failed on SocketImpl(fd=90, addr=[8f9e71dd3259]:34844, remote=[8f9e71dd3259]:42409): Broken pipe
Exception raised from sendBytes at /pytorch/torch/csrc/distributed/c10d/Utils.hpp:653 (most recent call first):
frame #0: c10::Error::Error(c10::SourceLocation, std::__cxx11::basic_string<char, std::char_traits<char>, std::allocator<char> >) + 0x80 (0x71a805570b80 in /usr/local/lib/python3.12/dist-packages/torch/lib/libc10.so)
frame #1: <unknown function> + 0x5ffc5b1 (0x71a8478cd5b1 in /usr/local/lib/python3.12/dist-packages/torch/lib/libtorch_cpu.so)
frame #2: <unknown function> + 0x5ffce42 (0x71a8478cde42 in /usr/local/lib/python3.12/dist-packages/torch/lib/libtorch_cpu.so)
frame #3: <unknown function> + 0x5ffe94e (0x71a8478cf94e in /usr/local/lib/python3.12/dist-packages/torch/lib/libtorch_cpu.so)
frame #4: c10d::TCPStore::check(std::vector<std::__cxx11::basic_string<char, std::char_traits<char>, std::allocator<char> >, std::allocator<std::__cxx11::basic_string<char, std::char_traits<char>, std::allocator<char> > > > const&) + 0x30e (0x71a8478ca26e in /usr/local/lib/python3.12/dist-packages/torch/lib/libtorch_cpu.so)
frame #5: c10d::ProcessGroupNCCL::HeartbeatMonitor::runLoop() + 0x3c8 (0x71a806449868 in /usr/local/lib/python3.12/dist-packages/torch/lib/libtorch_cuda.so)
frame #6: <unknown function> + 0xecdb4 (0x71a867a0cdb4 in /lib/x86_64-linux-gnu/libstdc++.so.6)
frame #7: <unknown function> + 0x9caa4 (0x71a86a48baa4 in /lib/x86_64-linux-gnu/libc.so.6)
frame #8: __clone + 0x44 (0x71a86a518a64 in /lib/x86_64-linux-gnu/libc.so.6)

[rank1]:[W421 05:04:45.454792568 ProcessGroupNCCL.cpp:1771] [PG ID 0 PG GUID 0(default_pg) Rank 1] Failed to check the "should dump" flag on TCPStore, (maybe TCPStore server has shut down too early), with error: Broken pipe
[rank2]:[W421 05:04:45.451204013 TCPStore.cpp:106] [c10d] sendBytes failed on SocketImpl(fd=90, addr=[8f9e71dd3259]:34868, remote=[8f9e71dd3259]:42409): Broken pipe
Exception raised from sendBytes at /pytorch/torch/csrc/distributed/c10d/Utils.hpp:653 (most recent call first):
frame #0: c10::Error::Error(c10::SourceLocation, std::__cxx11::basic_string<char, std::char_traits<char>, std::allocator<char> >) + 0x80 (0x7676c2970b80 in /usr/local/lib/python3.12/dist-packages/torch/lib/libc10.so)
frame #1: <unknown function> + 0x5ffc5b1 (0x767704ccd5b1 in /usr/local/lib/python3.12/dist-packages/torch/lib/libtorch_cpu.so)
frame #2: <unknown function> + 0x5ffce42 (0x767704ccde42 in /usr/local/lib/python3.12/dist-packages/torch/lib/libtorch_cpu.so)
frame #3: <unknown function> + 0x5ffe94e (0x767704ccf94e in /usr/local/lib/python3.12/dist-packages/torch/lib/libtorch_cpu.so)
frame #4: c10d::TCPStore::check(std::vector<std::__cxx11::basic_string<char, std::char_traits<char>, std::allocator<char> >, std::allocator<std::__cxx11::basic_string<char, std::char_traits<char>, std::allocator<char> > > > const&) + 0x30e (0x767704cca26e in /usr/local/lib/python3.12/dist-packages/torch/lib/libtorch_cpu.so)
frame #5: c10d::ProcessGroupNCCL::HeartbeatMonitor::runLoop() + 0x3c8 (0x7676c3849868 in /usr/local/lib/python3.12/dist-packages/torch/lib/libtorch_cuda.so)
frame #6: <unknown function> + 0xecdb4 (0x767724e02db4 in /lib/x86_64-linux-gnu/libstdc++.so.6)
frame #7: <unknown function> + 0x9caa4 (0x767727881aa4 in /lib/x86_64-linux-gnu/libc.so.6)
frame #8: __clone + 0x44 (0x76772790ea64 in /lib/x86_64-linux-gnu/libc.so.6)

[rank2]:[W421 05:04:45.464265964 ProcessGroupNCCL.cpp:1771] [PG ID 0 PG GUID 0(default_pg) Rank 2] Failed to check the "should dump" flag on TCPStore, (maybe TCPStore server has shut down too early), with error: Broken pipe
[rank7]:[W421 05:04:45.451649114 TCPStore.cpp:106] [c10d] sendBytes failed on SocketImpl(fd=90, addr=[8f9e71dd3259]:34862, remote=[8f9e71dd3259]:42409): Broken pipe
Exception raised from sendBytes at /pytorch/torch/csrc/distributed/c10d/Utils.hpp:653 (most recent call first):
frame #0: c10::Error::Error(c10::SourceLocation, std::__cxx11::basic_string<char, std::char_traits<char>, std::allocator<char> >) + 0x80 (0x73ea2317cb80 in /usr/local/lib/python3.12/dist-packages/torch/lib/libc10.so)
frame #1: <unknown function> + 0x5ffc5b1 (0x73ea064cd5b1 in /usr/local/lib/python3.12/dist-packages/torch/lib/libtorch_cpu.so)
frame #2: <unknown function> + 0x5ffce42 (0x73ea064cde42 in /usr/local/lib/python3.12/dist-packages/torch/lib/libtorch_cpu.so)
frame #3: <unknown function> + 0x5ffe94e (0x73ea064cf94e in /usr/local/lib/python3.12/dist-packages/torch/lib/libtorch_cpu.so)
frame #4: c10d::TCPStore::check(std::vector<std::__cxx11::basic_string<char, std::char_traits<char>, std::allocator<char> >, std::allocator<std::__cxx11::basic_string<char, std::char_traits<char>, std::allocator<char> > > > const&) + 0x30e (0x73ea064ca26e in /usr/local/lib/python3.12/dist-packages/torch/lib/libtorch_cpu.so)
frame #5: c10d::ProcessGroupNCCL::HeartbeatMonitor::runLoop() + 0x3c8 (0x73e9c5049868 in /usr/local/lib/python3.12/dist-packages/torch/lib/libtorch_cuda.so)
frame #6: <unknown function> + 0xecdb4 (0x73ea2670adb4 in /lib/x86_64-linux-gnu/libstdc++.so.6)
frame #7: <unknown function> + 0x9caa4 (0x73ea29189aa4 in /lib/x86_64-linux-gnu/libc.so.6)
frame #8: __clone + 0x44 (0x73ea29216a64 in /lib/x86_64-linux-gnu/libc.so.6)

[rank7]:[W421 05:04:45.464573113 ProcessGroupNCCL.cpp:1771] [PG ID 0 PG GUID 0(default_pg) Rank 7] Failed to check the "should dump" flag on TCPStore, (maybe TCPStore server has shut down too early), with error: Broken pipe
[rank5]:[W421 05:04:45.557765721 TCPStore.cpp:106] [c10d] sendBytes failed on SocketImpl(fd=90, addr=[8f9e71dd3259]:34814, remote=[8f9e71dd3259]:42409): Broken pipe
Exception raised from sendBytes at /pytorch/torch/csrc/distributed/c10d/Utils.hpp:653 (most recent call first):
frame #0: c10::Error::Error(c10::SourceLocation, std::__cxx11::basic_string<char, std::char_traits<char>, std::allocator<char> >) + 0x80 (0x7c605f57cb80 in /usr/local/lib/python3.12/dist-packages/torch/lib/libc10.so)
frame #1: <unknown function> + 0x5ffc5b1 (0x7c60428cd5b1 in /usr/local/lib/python3.12/dist-packages/torch/lib/libtorch_cpu.so)
frame #2: <unknown function> + 0x5ffce42 (0x7c60428cde42 in /usr/local/lib/python3.12/dist-packages/torch/lib/libtorch_cpu.so)
frame #3: <unknown function> + 0x5ffe94e (0x7c60428cf94e in /usr/local/lib/python3.12/dist-packages/torch/lib/libtorch_cpu.so)
frame #4: c10d::TCPStore::check(std::vector<std::__cxx11::basic_string<char, std::char_traits<char>, std::allocator<char> >, std::allocator<std::__cxx11::basic_string<char, std::char_traits<char>, std::allocator<char> > > > const&) + 0x30e (0x7c60428ca26e in /usr/local/lib/python3.12/dist-packages/torch/lib/libtorch_cpu.so)
frame #5: c10d::ProcessGroupNCCL::HeartbeatMonitor::runLoop() + 0x3c8 (0x7c6001449868 in /usr/local/lib/python3.12/dist-packages/torch/lib/libtorch_cuda.so)
frame #6: <unknown function> + 0xecdb4 (0x7c6062b44db4 in /lib/x86_64-linux-gnu/libstdc++.so.6)
frame #7: <unknown function> + 0x9caa4 (0x7c60655c3aa4 in /lib/x86_64-linux-gnu/libc.so.6)
frame #8: __clone + 0x44 (0x7c6065650a64 in /lib/x86_64-linux-gnu/libc.so.6)

[rank5]:[W421 05:04:45.570972119 ProcessGroupNCCL.cpp:1771] [PG ID 0 PG GUID 0(default_pg) Rank 5] Failed to check the "should dump" flag on TCPStore, (maybe TCPStore server has shut down too early), with error: Broken pipe
[rank3]:[W421 05:04:45.649167201 TCPStore.cpp:106] [c10d] sendBytes failed on SocketImpl(fd=90, addr=[8f9e71dd3259]:34820, remote=[8f9e71dd3259]:42409): Broken pipe
Exception raised from sendBytes at /pytorch/torch/csrc/distributed/c10d/Utils.hpp:653 (most recent call first):
frame #0: c10::Error::Error(c10::SourceLocation, std::__cxx11::basic_string<char, std::char_traits<char>, std::allocator<char> >) + 0x80 (0x7def52b7cb80 in /usr/local/lib/python3.12/dist-packages/torch/lib/libc10.so)
frame #1: <unknown function> + 0x5ffc5b1 (0x7def35ecd5b1 in /usr/local/lib/python3.12/dist-packages/torch/lib/libtorch_cpu.so)
frame #2: <unknown function> + 0x5ffce42 (0x7def35ecde42 in /usr/local/lib/python3.12/dist-packages/torch/lib/libtorch_cpu.so)
frame #3: <unknown function> + 0x5ffe94e (0x7def35ecf94e in /usr/local/lib/python3.12/dist-packages/torch/lib/libtorch_cpu.so)
frame #4: c10d::TCPStore::check(std::vector<std::__cxx11::basic_string<char, std::char_traits<char>, std::allocator<char> >, std::allocator<std::__cxx11::basic_string<char, std::char_traits<char>, std::allocator<char> > > > const&) + 0x30e (0x7def35eca26e in /usr/local/lib/python3.12/dist-packages/torch/lib/libtorch_cpu.so)
frame #5: c10d::ProcessGroupNCCL::HeartbeatMonitor::runLoop() + 0x3c8 (0x7deef4a49868 in /usr/local/lib/python3.12/dist-packages/torch/lib/libtorch_cuda.so)
frame #6: <unknown function> + 0xecdb4 (0x7def56100db4 in /lib/x86_64-linux-gnu/libstdc++.so.6)
frame #7: <unknown function> + 0x9caa4 (0x7def58b7faa4 in /lib/x86_64-linux-gnu/libc.so.6)
frame #8: __clone + 0x44 (0x7def58c0ca64 in /lib/x86_64-linux-gnu/libc.so.6)

[rank3]:[W421 05:04:45.662240907 ProcessGroupNCCL.cpp:1771] [PG ID 0 PG GUID 0(default_pg) Rank 3] Failed to check the "should dump" flag on TCPStore, (maybe TCPStore server has shut down too early), with error: Broken pipe
[rank6]:[W421 05:04:45.731432562 TCPStore.cpp:106] [c10d] sendBytes failed on SocketImpl(fd=90, addr=[8f9e71dd3259]:34828, remote=[8f9e71dd3259]:42409): Broken pipe
Exception raised from sendBytes at /pytorch/torch/csrc/distributed/c10d/Utils.hpp:653 (most recent call first):
frame #0: c10::Error::Error(c10::SourceLocation, std::__cxx11::basic_string<char, std::char_traits<char>, std::allocator<char> >) + 0x80 (0x77ca19b92b80 in /usr/local/lib/python3.12/dist-packages/torch/lib/libc10.so)
frame #1: <unknown function> + 0x5ffc5b1 (0x77c9fcacd5b1 in /usr/local/lib/python3.12/dist-packages/torch/lib/libtorch_cpu.so)
frame #2: <unknown function> + 0x5ffce42 (0x77c9fcacde42 in /usr/local/lib/python3.12/dist-packages/torch/lib/libtorch_cpu.so)
frame #3: <unknown function> + 0x5ffe94e (0x77c9fcacf94e in /usr/local/lib/python3.12/dist-packages/torch/lib/libtorch_cpu.so)
frame #4: c10d::TCPStore::check(std::vector<std::__cxx11::basic_string<char, std::char_traits<char>, std::allocator<char> >, std::allocator<std::__cxx11::basic_string<char, std::char_traits<char>, std::allocator<char> > > > const&) + 0x30e (0x77c9fcaca26e in /usr/local/lib/python3.12/dist-packages/torch/lib/libtorch_cpu.so)
frame #5: c10d::ProcessGroupNCCL::HeartbeatMonitor::runLoop() + 0x3c8 (0x77c9bb649868 in /usr/local/lib/python3.12/dist-packages/torch/lib/libtorch_cuda.so)
frame #6: <unknown function> + 0xecdb4 (0x77ca1cd97db4 in /lib/x86_64-linux-gnu/libstdc++.so.6)
frame #7: <unknown function> + 0x9caa4 (0x77ca1f816aa4 in /lib/x86_64-linux-gnu/libc.so.6)
frame #8: __clone + 0x44 (0x77ca1f8a3a64 in /lib/x86_64-linux-gnu/libc.so.6)

[rank6]:[W421 05:04:45.744468749 ProcessGroupNCCL.cpp:1771] [PG ID 0 PG GUID 0(default_pg) Rank 6] Failed to check the "should dump" flag on TCPStore, (maybe TCPStore server has shut down too early), with error: Broken pipe
[rank4]:[W421 05:04:46.347427950 TCPStore.cpp:106] [c10d] sendBytes failed on SocketImpl(fd=90, addr=[8f9e71dd3259]:34834, remote=[8f9e71dd3259]:42409): Broken pipe
Exception raised from sendBytes at /pytorch/torch/csrc/distributed/c10d/Utils.hpp:653 (most recent call first):
frame #0: c10::Error::Error(c10::SourceLocation, std::__cxx11::basic_string<char, std::char_traits<char>, std::allocator<char> >) + 0x80 (0x7b1211392b80 in /usr/local/lib/python3.12/dist-packages/torch/lib/libc10.so)
frame #1: <unknown function> + 0x5ffc5b1 (0x7b11f42cd5b1 in /usr/local/lib/python3.12/dist-packages/torch/lib/libtorch_cpu.so)
frame #2: <unknown function> + 0x5ffce42 (0x7b11f42cde42 in /usr/local/lib/python3.12/dist-packages/torch/lib/libtorch_cpu.so)
frame #3: <unknown function> + 0x5ffe94e (0x7b11f42cf94e in /usr/local/lib/python3.12/dist-packages/torch/lib/libtorch_cpu.so)
frame #4: c10d::TCPStore::check(std::vector<std::__cxx11::basic_string<char, std::char_traits<char>, std::allocator<char> >, std::allocator<std::__cxx11::basic_string<char, std::char_traits<char>, std::allocator<char> > > > const&) + 0x30e (0x7b11f42ca26e in /usr/local/lib/python3.12/dist-packages/torch/lib/libtorch_cpu.so)
frame #5: c10d::ProcessGroupNCCL::HeartbeatMonitor::runLoop() + 0x3c8 (0x7b11b2e49868 in /usr/local/lib/python3.12/dist-packages/torch/lib/libtorch_cuda.so)
frame #6: <unknown function> + 0xecdb4 (0x7b121458ddb4 in /lib/x86_64-linux-gnu/libstdc++.so.6)
frame #7: <unknown function> + 0x9caa4 (0x7b121700caa4 in /lib/x86_64-linux-gnu/libc.so.6)
frame #8: __clone + 0x44 (0x7b1217099a64 in /lib/x86_64-linux-gnu/libc.so.6)

[rank4]:[W421 05:04:46.360328150 ProcessGroupNCCL.cpp:1771] [PG ID 0 PG GUID 0(default_pg) Rank 4] Failed to check the "should dump" flag on TCPStore, (maybe TCPStore server has shut down too early), with error: Broken pipe
[rank0]:[W421 05:04:46.454565402 TCPStore.cpp:106] [c10d] sendBytes failed on SocketImpl(fd=90, addr=[8f9e71dd3259]:34854, remote=[8f9e71dd3259]:42409): Broken pipe
Exception raised from sendBytes at /pytorch/torch/csrc/distributed/c10d/Utils.hpp:653 (most recent call first):
frame #0: c10::Error::Error(c10::SourceLocation, std::__cxx11::basic_string<char, std::char_traits<char>, std::allocator<char> >) + 0x80 (0x7c8c8677cb80 in /usr/local/lib/python3.12/dist-packages/torch/lib/libc10.so)
frame #1: <unknown function> + 0x5ffc5b1 (0x7c8c69acd5b1 in /usr/local/lib/python3.12/dist-packages/torch/lib/libtorch_cpu.so)
frame #2: <unknown function> + 0x5ffce42 (0x7c8c69acde42 in /usr/local/lib/python3.12/dist-packages/torch/lib/libtorch_cpu.so)
frame #3: <unknown function> + 0x5ffe94e (0x7c8c69acf94e in /usr/local/lib/python3.12/dist-packages/torch/lib/libtorch_cpu.so)
frame #4: c10d::TCPStore::check(std::vector<std::__cxx11::basic_string<char, std::char_traits<char>, std::allocator<char> >, std::allocator<std::__cxx11::basic_string<char, std::char_traits<char>, std::allocator<char> > > > const&) + 0x30e (0x7c8c69aca26e in /usr/local/lib/python3.12/dist-packages/torch/lib/libtorch_cpu.so)
frame #5: c10d::ProcessGroupNCCL::HeartbeatMonitor::runLoop() + 0x3c8 (0x7c8c28649868 in /usr/local/lib/python3.12/dist-packages/torch/lib/libtorch_cuda.so)
frame #6: <unknown function> + 0xecdb4 (0x7c8c89d10db4 in /lib/x86_64-linux-gnu/libstdc++.so.6)
frame #7: <unknown function> + 0x9caa4 (0x7c8c8c78faa4 in /lib/x86_64-linux-gnu/libc.so.6)
frame #8: __clone + 0x44 (0x7c8c8c81ca64 in /lib/x86_64-linux-gnu/libc.so.6)

[rank0]:[W421 05:04:46.467515100 ProcessGroupNCCL.cpp:1771] [PG ID 0 PG GUID 0(default_pg) Rank 0] Failed to check the "should dump" flag on TCPStore, (maybe TCPStore server has shut down too early), with error: Broken pipe
[rank1]:[W421 05:04:46.454917163 TCPStore.cpp:106] [c10d] sendBytes failed on SocketImpl(fd=90, addr=[8f9e71dd3259]:34844, remote=[8f9e71dd3259]:42409): Broken pipe
Exception raised from sendBytes at /pytorch/torch/csrc/distributed/c10d/Utils.hpp:653 (most recent call first):
frame #0: c10::Error::Error(c10::SourceLocation, std::__cxx11::basic_string<char, std::char_traits<char>, std::allocator<char> >) + 0x80 (0x71a805570b80 in /usr/local/lib/python3.12/dist-packages/torch/lib/libc10.so)
frame #1: <unknown function> + 0x5ffc5b1 (0x71a8478cd5b1 in /usr/local/lib/python3.12/dist-packages/torch/lib/libtorch_cpu.so)
frame #2: <unknown function> + 0x5ffce42 (0x71a8478cde42 in /usr/local/lib/python3.12/dist-packages/torch/lib/libtorch_cpu.so)
frame #3: <unknown function> + 0x5ffe94e (0x71a8478cf94e in /usr/local/lib/python3.12/dist-packages/torch/lib/libtorch_cpu.so)
frame #4: c10d::TCPStore::check(std::vector<std::__cxx11::basic_string<char, std::char_traits<char>, std::allocator<char> >, std::allocator<std::__cxx11::basic_string<char, std::char_traits<char>, std::allocator<char> > > > const&) + 0x30e (0x71a8478ca26e in /usr/local/lib/python3.12/dist-packages/torch/lib/libtorch_cpu.so)
frame #5: c10d::ProcessGroupNCCL::HeartbeatMonitor::runLoop() + 0x3c8 (0x71a806449868 in /usr/local/lib/python3.12/dist-packages/torch/lib/libtorch_cuda.so)
frame #6: <unknown function> + 0xecdb4 (0x71a867a0cdb4 in /lib/x86_64-linux-gnu/libstdc++.so.6)
frame #7: <unknown function> + 0x9caa4 (0x71a86a48baa4 in /lib/x86_64-linux-gnu/libc.so.6)
frame #8: __clone + 0x44 (0x71a86a518a64 in /lib/x86_64-linux-gnu/libc.so.6)

[rank1]:[W421 05:04:46.467975849 ProcessGroupNCCL.cpp:1771] [PG ID 0 PG GUID 0(default_pg) Rank 1] Failed to check the "should dump" flag on TCPStore, (maybe TCPStore server has shut down too early), with error: Broken pipe
[rank2]:[W421 05:04:46.464381414 TCPStore.cpp:106] [c10d] sendBytes failed on SocketImpl(fd=90, addr=[8f9e71dd3259]:34868, remote=[8f9e71dd3259]:42409): Broken pipe
Exception raised from sendBytes at /pytorch/torch/csrc/distributed/c10d/Utils.hpp:653 (most recent call first):
frame #0: c10::Error::Error(c10::SourceLocation, std::__cxx11::basic_string<char, std::char_traits<char>, std::allocator<char> >) + 0x80 (0x7676c2970b80 in /usr/local/lib/python3.12/dist-packages/torch/lib/libc10.so)
frame #1: <unknown function> + 0x5ffc5b1 (0x767704ccd5b1 in /usr/local/lib/python3.12/dist-packages/torch/lib/libtorch_cpu.so)
frame #2: <unknown function> + 0x5ffce42 (0x767704ccde42 in /usr/local/lib/python3.12/dist-packages/torch/lib/libtorch_cpu.so)
frame #3: <unknown function> + 0x5ffe94e (0x767704ccf94e in /usr/local/lib/python3.12/dist-packages/torch/lib/libtorch_cpu.so)
frame #4: c10d::TCPStore::check(std::vector<std::__cxx11::basic_string<char, std::char_traits<char>, std::allocator<char> >, std::allocator<std::__cxx11::basic_string<char, std::char_traits<char>, std::allocator<char> > > > const&) + 0x30e (0x767704cca26e in /usr/local/lib/python3.12/dist-packages/torch/lib/libtorch_cpu.so)
frame #5: c10d::ProcessGroupNCCL::HeartbeatMonitor::runLoop() + 0x3c8 (0x7676c3849868 in /usr/local/lib/python3.12/dist-packages/torch/lib/libtorch_cuda.so)
frame #6: <unknown function> + 0xecdb4 (0x767724e02db4 in /lib/x86_64-linux-gnu/libstdc++.so.6)
frame #7: <unknown function> + 0x9caa4 (0x767727881aa4 in /lib/x86_64-linux-gnu/libc.so.6)
frame #8: __clone + 0x44 (0x76772790ea64 in /lib/x86_64-linux-gnu/libc.so.6)

[rank2]:[W421 05:04:46.477443506 ProcessGroupNCCL.cpp:1771] [PG ID 0 PG GUID 0(default_pg) Rank 2] Failed to check the "should dump" flag on TCPStore, (maybe TCPStore server has shut down too early), with error: Broken pipe
[rank7]:[W421 05:04:46.464675372 TCPStore.cpp:106] [c10d] sendBytes failed on SocketImpl(fd=90, addr=[8f9e71dd3259]:34862, remote=[8f9e71dd3259]:42409): Broken pipe
Exception raised from sendBytes at /pytorch/torch/csrc/distributed/c10d/Utils.hpp:653 (most recent call first):
frame #0: c10::Error::Error(c10::SourceLocation, std::__cxx11::basic_string<char, std::char_traits<char>, std::allocator<char> >) + 0x80 (0x73ea2317cb80 in /usr/local/lib/python3.12/dist-packages/torch/lib/libc10.so)
frame #1: <unknown function> + 0x5ffc5b1 (0x73ea064cd5b1 in /usr/local/lib/python3.12/dist-packages/torch/lib/libtorch_cpu.so)
frame #2: <unknown function> + 0x5ffce42 (0x73ea064cde42 in /usr/local/lib/python3.12/dist-packages/torch/lib/libtorch_cpu.so)
frame #3: <unknown function> + 0x5ffe94e (0x73ea064cf94e in /usr/local/lib/python3.12/dist-packages/torch/lib/libtorch_cpu.so)
frame #4: c10d::TCPStore::check(std::vector<std::__cxx11::basic_string<char, std::char_traits<char>, std::allocator<char> >, std::allocator<std::__cxx11::basic_string<char, std::char_traits<char>, std::allocator<char> > > > const&) + 0x30e (0x73ea064ca26e in /usr/local/lib/python3.12/dist-packages/torch/lib/libtorch_cpu.so)
frame #5: c10d::ProcessGroupNCCL::HeartbeatMonitor::runLoop() + 0x3c8 (0x73e9c5049868 in /usr/local/lib/python3.12/dist-packages/torch/lib/libtorch_cuda.so)
frame #6: <unknown function> + 0xecdb4 (0x73ea2670adb4 in /lib/x86_64-linux-gnu/libstdc++.so.6)
frame #7: <unknown function> + 0x9caa4 (0x73ea29189aa4 in /lib/x86_64-linux-gnu/libc.so.6)
frame #8: __clone + 0x44 (0x73ea29216a64 in /lib/x86_64-linux-gnu/libc.so.6)

[rank7]:[W421 05:04:46.477739966 ProcessGroupNCCL.cpp:1771] [PG ID 0 PG GUID 0(default_pg) Rank 7] Failed to check the "should dump" flag on TCPStore, (maybe TCPStore server has shut down too early), with error: Broken pipe
[rank5]:[W421 05:04:46.571115310 TCPStore.cpp:106] [c10d] sendBytes failed on SocketImpl(fd=90, addr=[8f9e71dd3259]:34814, remote=[8f9e71dd3259]:42409): Broken pipe
Exception raised from sendBytes at /pytorch/torch/csrc/distributed/c10d/Utils.hpp:653 (most recent call first):
frame #0: c10::Error::Error(c10::SourceLocation, std::__cxx11::basic_string<char, std::char_traits<char>, std::allocator<char> >) + 0x80 (0x7c605f57cb80 in /usr/local/lib/python3.12/dist-packages/torch/lib/libc10.so)
frame #1: <unknown function> + 0x5ffc5b1 (0x7c60428cd5b1 in /usr/local/lib/python3.12/dist-packages/torch/lib/libtorch_cpu.so)
frame #2: <unknown function> + 0x5ffce42 (0x7c60428cde42 in /usr/local/lib/python3.12/dist-packages/torch/lib/libtorch_cpu.so)
frame #3: <unknown function> + 0x5ffe94e (0x7c60428cf94e in /usr/local/lib/python3.12/dist-packages/torch/lib/libtorch_cpu.so)
frame #4: c10d::TCPStore::check(std::vector<std::__cxx11::basic_string<char, std::char_traits<char>, std::allocator<char> >, std::allocator<std::__cxx11::basic_string<char, std::char_traits<char>, std::allocator<char> > > > const&) + 0x30e (0x7c60428ca26e in /usr/local/lib/python3.12/dist-packages/torch/lib/libtorch_cpu.so)
frame #5: c10d::ProcessGroupNCCL::HeartbeatMonitor::runLoop() + 0x3c8 (0x7c6001449868 in /usr/local/lib/python3.12/dist-packages/torch/lib/libtorch_cuda.so)
frame #6: <unknown function> + 0xecdb4 (0x7c6062b44db4 in /lib/x86_64-linux-gnu/libstdc++.so.6)
frame #7: <unknown function> + 0x9caa4 (0x7c60655c3aa4 in /lib/x86_64-linux-gnu/libc.so.6)
frame #8: __clone + 0x44 (0x7c6065650a64 in /lib/x86_64-linux-gnu/libc.so.6)

[rank5]:[W421 05:04:46.584160751 ProcessGroupNCCL.cpp:1771] [PG ID 0 PG GUID 0(default_pg) Rank 5] Failed to check the "should dump" flag on TCPStore, (maybe TCPStore server has shut down too early), with error: Broken pipe
[rank3]:[W421 05:04:46.662366977 TCPStore.cpp:106] [c10d] sendBytes failed on SocketImpl(fd=90, addr=[8f9e71dd3259]:34820, remote=[8f9e71dd3259]:42409): Broken pipe
Exception raised from sendBytes at /pytorch/torch/csrc/distributed/c10d/Utils.hpp:653 (most recent call first):
frame #0: c10::Error::Error(c10::SourceLocation, std::__cxx11::basic_string<char, std::char_traits<char>, std::allocator<char> >) + 0x80 (0x7def52b7cb80 in /usr/local/lib/python3.12/dist-packages/torch/lib/libc10.so)
frame #1: <unknown function> + 0x5ffc5b1 (0x7def35ecd5b1 in /usr/local/lib/python3.12/dist-packages/torch/lib/libtorch_cpu.so)
frame #2: <unknown function> + 0x5ffce42 (0x7def35ecde42 in /usr/local/lib/python3.12/dist-packages/torch/lib/libtorch_cpu.so)
frame #3: <unknown function> + 0x5ffe94e (0x7def35ecf94e in /usr/local/lib/python3.12/dist-packages/torch/lib/libtorch_cpu.so)
frame #4: c10d::TCPStore::check(std::vector<std::__cxx11::basic_string<char, std::char_traits<char>, std::allocator<char> >, std::allocator<std::__cxx11::basic_string<char, std::char_traits<char>, std::allocator<char> > > > const&) + 0x30e (0x7def35eca26e in /usr/local/lib/python3.12/dist-packages/torch/lib/libtorch_cpu.so)
frame #5: c10d::ProcessGroupNCCL::HeartbeatMonitor::runLoop() + 0x3c8 (0x7deef4a49868 in /usr/local/lib/python3.12/dist-packages/torch/lib/libtorch_cuda.so)
frame #6: <unknown function> + 0xecdb4 (0x7def56100db4 in /lib/x86_64-linux-gnu/libstdc++.so.6)
frame #7: <unknown function> + 0x9caa4 (0x7def58b7faa4 in /lib/x86_64-linux-gnu/libc.so.6)
frame #8: __clone + 0x44 (0x7def58c0ca64 in /lib/x86_64-linux-gnu/libc.so.6)

[rank3]:[W421 05:04:46.675590320 ProcessGroupNCCL.cpp:1771] [PG ID 0 PG GUID 0(default_pg) Rank 3] Failed to check the "should dump" flag on TCPStore, (maybe TCPStore server has shut down too early), with error: Broken pipe
[rank6]:[W421 05:04:46.744611945 TCPStore.cpp:106] [c10d] sendBytes failed on SocketImpl(fd=90, addr=[8f9e71dd3259]:34828, remote=[8f9e71dd3259]:42409): Broken pipe
Exception raised from sendBytes at /pytorch/torch/csrc/distributed/c10d/Utils.hpp:653 (most recent call first):
frame #0: c10::Error::Error(c10::SourceLocation, std::__cxx11::basic_string<char, std::char_traits<char>, std::allocator<char> >) + 0x80 (0x77ca19b92b80 in /usr/local/lib/python3.12/dist-packages/torch/lib/libc10.so)
frame #1: <unknown function> + 0x5ffc5b1 (0x77c9fcacd5b1 in /usr/local/lib/python3.12/dist-packages/torch/lib/libtorch_cpu.so)
frame #2: <unknown function> + 0x5ffce42 (0x77c9fcacde42 in /usr/local/lib/python3.12/dist-packages/torch/lib/libtorch_cpu.so)
frame #3: <unknown function> + 0x5ffe94e (0x77c9fcacf94e in /usr/local/lib/python3.12/dist-packages/torch/lib/libtorch_cpu.so)
frame #4: c10d::TCPStore::check(std::vector<std::__cxx11::basic_string<char, std::char_traits<char>, std::allocator<char> >, std::allocator<std::__cxx11::basic_string<char, std::char_traits<char>, std::allocator<char> > > > const&) + 0x30e (0x77c9fcaca26e in /usr/local/lib/python3.12/dist-packages/torch/lib/libtorch_cpu.so)
frame #5: c10d::ProcessGroupNCCL::HeartbeatMonitor::runLoop() + 0x3c8 (0x77c9bb649868 in /usr/local/lib/python3.12/dist-packages/torch/lib/libtorch_cuda.so)
frame #6: <unknown function> + 0xecdb4 (0x77ca1cd97db4 in /lib/x86_64-linux-gnu/libstdc++.so.6)
frame #7: <unknown function> + 0x9caa4 (0x77ca1f816aa4 in /lib/x86_64-linux-gnu/libc.so.6)
frame #8: __clone + 0x44 (0x77ca1f8a3a64 in /lib/x86_64-linux-gnu/libc.so.6)

[rank6]:[W421 05:04:46.757634472 ProcessGroupNCCL.cpp:1771] [PG ID 0 PG GUID 0(default_pg) Rank 6] Failed to check the "should dump" flag on TCPStore, (maybe TCPStore server has shut down too early), with error: Broken pipe
[rank4]:[W421 05:04:47.360428982 TCPStore.cpp:106] [c10d] sendBytes failed on SocketImpl(fd=90, addr=[8f9e71dd3259]:34834, remote=[8f9e71dd3259]:42409): Broken pipe
Exception raised from sendBytes at /pytorch/torch/csrc/distributed/c10d/Utils.hpp:653 (most recent call first):
frame #0: c10::Error::Error(c10::SourceLocation, std::__cxx11::basic_string<char, std::char_traits<char>, std::allocator<char> >) + 0x80 (0x7b1211392b80 in /usr/local/lib/python3.12/dist-packages/torch/lib/libc10.so)
frame #1: <unknown function> + 0x5ffc5b1 (0x7b11f42cd5b1 in /usr/local/lib/python3.12/dist-packages/torch/lib/libtorch_cpu.so)
frame #2: <unknown function> + 0x5ffce42 (0x7b11f42cde42 in /usr/local/lib/python3.12/dist-packages/torch/lib/libtorch_cpu.so)
frame #3: <unknown function> + 0x5ffe94e (0x7b11f42cf94e in /usr/local/lib/python3.12/dist-packages/torch/lib/libtorch_cpu.so)
frame #4: c10d::TCPStore::check(std::vector<std::__cxx11::basic_string<char, std::char_traits<char>, std::allocator<char> >, std::allocator<std::__cxx11::basic_string<char, std::char_traits<char>, std::allocator<char> > > > const&) + 0x30e (0x7b11f42ca26e in /usr/local/lib/python3.12/dist-packages/torch/lib/libtorch_cpu.so)
frame #5: c10d::ProcessGroupNCCL::HeartbeatMonitor::runLoop() + 0x3c8 (0x7b11b2e49868 in /usr/local/lib/python3.12/dist-packages/torch/lib/libtorch_cuda.so)
frame #6: <unknown function> + 0xecdb4 (0x7b121458ddb4 in /lib/x86_64-linux-gnu/libstdc++.so.6)
frame #7: <unknown function> + 0x9caa4 (0x7b121700caa4 in /lib/x86_64-linux-gnu/libc.so.6)
frame #8: __clone + 0x44 (0x7b1217099a64 in /lib/x86_64-linux-gnu/libc.so.6)

[rank4]:[W421 05:04:47.373421750 ProcessGroupNCCL.cpp:1771] [PG ID 0 PG GUID 0(default_pg) Rank 4] Failed to check the "should dump" flag on TCPStore, (maybe TCPStore server has shut down too early), with error: Broken pipe
[rank0]:[W421 05:04:47.467625500 TCPStore.cpp:106] [c10d] sendBytes failed on SocketImpl(fd=90, addr=[8f9e71dd3259]:34854, remote=[8f9e71dd3259]:42409): Broken pipe
Exception raised from sendBytes at /pytorch/torch/csrc/distributed/c10d/Utils.hpp:653 (most recent call first):
frame #0: c10::Error::Error(c10::SourceLocation, std::__cxx11::basic_string<char, std::char_traits<char>, std::allocator<char> >) + 0x80 (0x7c8c8677cb80 in /usr/local/lib/python3.12/dist-packages/torch/lib/libc10.so)
frame #1: <unknown function> + 0x5ffc5b1 (0x7c8c69acd5b1 in /usr/local/lib/python3.12/dist-packages/torch/lib/libtorch_cpu.so)
frame #2: <unknown function> + 0x5ffce42 (0x7c8c69acde42 in /usr/local/lib/python3.12/dist-packages/torch/lib/libtorch_cpu.so)
frame #3: <unknown function> + 0x5ffe94e (0x7c8c69acf94e in /usr/local/lib/python3.12/dist-packages/torch/lib/libtorch_cpu.so)
frame #4: c10d::TCPStore::check(std::vector<std::__cxx11::basic_string<char, std::char_traits<char>, std::allocator<char> >, std::allocator<std::__cxx11::basic_string<char, std::char_traits<char>, std::allocator<char> > > > const&) + 0x30e (0x7c8c69aca26e in /usr/local/lib/python3.12/dist-packages/torch/lib/libtorch_cpu.so)
frame #5: c10d::ProcessGroupNCCL::HeartbeatMonitor::runLoop() + 0x3c8 (0x7c8c28649868 in /usr/local/lib/python3.12/dist-packages/torch/lib/libtorch_cuda.so)
frame #6: <unknown function> + 0xecdb4 (0x7c8c89d10db4 in /lib/x86_64-linux-gnu/libstdc++.so.6)
frame #7: <unknown function> + 0x9caa4 (0x7c8c8c78faa4 in /lib/x86_64-linux-gnu/libc.so.6)
frame #8: __clone + 0x44 (0x7c8c8c81ca64 in /lib/x86_64-linux-gnu/libc.so.6)

[rank0]:[W421 05:04:47.480542481 ProcessGroupNCCL.cpp:1771] [PG ID 0 PG GUID 0(default_pg) Rank 0] Failed to check the "should dump" flag on TCPStore, (maybe TCPStore server has shut down too early), with error: Broken pipe
[rank1]:[W421 05:04:47.468101930 TCPStore.cpp:106] [c10d] sendBytes failed on SocketImpl(fd=90, addr=[8f9e71dd3259]:34844, remote=[8f9e71dd3259]:42409): Broken pipe
Exception raised from sendBytes at /pytorch/torch/csrc/distributed/c10d/Utils.hpp:653 (most recent call first):
frame #0: c10::Error::Error(c10::SourceLocation, std::__cxx11::basic_string<char, std::char_traits<char>, std::allocator<char> >) + 0x80 (0x71a805570b80 in /usr/local/lib/python3.12/dist-packages/torch/lib/libc10.so)
frame #1: <unknown function> + 0x5ffc5b1 (0x71a8478cd5b1 in /usr/local/lib/python3.12/dist-packages/torch/lib/libtorch_cpu.so)
frame #2: <unknown function> + 0x5ffce42 (0x71a8478cde42 in /usr/local/lib/python3.12/dist-packages/torch/lib/libtorch_cpu.so)
frame #3: <unknown function> + 0x5ffe94e (0x71a8478cf94e in /usr/local/lib/python3.12/dist-packages/torch/lib/libtorch_cpu.so)
frame #4: c10d::TCPStore::check(std::vector<std::__cxx11::basic_string<char, std::char_traits<char>, std::allocator<char> >, std::allocator<std::__cxx11::basic_string<char, std::char_traits<char>, std::allocator<char> > > > const&) + 0x30e (0x71a8478ca26e in /usr/local/lib/python3.12/dist-packages/torch/lib/libtorch_cpu.so)
frame #5: c10d::ProcessGroupNCCL::HeartbeatMonitor::runLoop() + 0x3c8 (0x71a806449868 in /usr/local/lib/python3.12/dist-packages/torch/lib/libtorch_cuda.so)
frame #6: <unknown function> + 0xecdb4 (0x71a867a0cdb4 in /lib/x86_64-linux-gnu/libstdc++.so.6)
frame #7: <unknown function> + 0x9caa4 (0x71a86a48baa4 in /lib/x86_64-linux-gnu/libc.so.6)
frame #8: __clone + 0x44 (0x71a86a518a64 in /lib/x86_64-linux-gnu/libc.so.6)

[rank1]:[W421 05:04:47.481113568 ProcessGroupNCCL.cpp:1771] [PG ID 0 PG GUID 0(default_pg) Rank 1] Failed to check the "should dump" flag on TCPStore, (maybe TCPStore server has shut down too early), with error: Broken pipe
[rank2]:[W421 05:04:47.477570263 TCPStore.cpp:106] [c10d] sendBytes failed on SocketImpl(fd=90, addr=[8f9e71dd3259]:34868, remote=[8f9e71dd3259]:42409): Broken pipe
Exception raised from sendBytes at /pytorch/torch/csrc/distributed/c10d/Utils.hpp:653 (most recent call first):
frame #0: c10::Error::Error(c10::SourceLocation, std::__cxx11::basic_string<char, std::char_traits<char>, std::allocator<char> >) + 0x80 (0x7676c2970b80 in /usr/local/lib/python3.12/dist-packages/torch/lib/libc10.so)
frame #1: <unknown function> + 0x5ffc5b1 (0x767704ccd5b1 in /usr/local/lib/python3.12/dist-packages/torch/lib/libtorch_cpu.so)
frame #2: <unknown function> + 0x5ffce42 (0x767704ccde42 in /usr/local/lib/python3.12/dist-packages/torch/lib/libtorch_cpu.so)
frame #3: <unknown function> + 0x5ffe94e (0x767704ccf94e in /usr/local/lib/python3.12/dist-packages/torch/lib/libtorch_cpu.so)
frame #4: c10d::TCPStore::check(std::vector<std::__cxx11::basic_string<char, std::char_traits<char>, std::allocator<char> >, std::allocator<std::__cxx11::basic_string<char, std::char_traits<char>, std::allocator<char> > > > const&) + 0x30e (0x767704cca26e in /usr/local/lib/python3.12/dist-packages/torch/lib/libtorch_cpu.so)
frame #5: c10d::ProcessGroupNCCL::HeartbeatMonitor::runLoop() + 0x3c8 (0x7676c3849868 in /usr/local/lib/python3.12/dist-packages/torch/lib/libtorch_cuda.so)
frame #6: <unknown function> + 0xecdb4 (0x767724e02db4 in /lib/x86_64-linux-gnu/libstdc++.so.6)
frame #7: <unknown function> + 0x9caa4 (0x767727881aa4 in /lib/x86_64-linux-gnu/libc.so.6)
frame #8: __clone + 0x44 (0x76772790ea64 in /lib/x86_64-linux-gnu/libc.so.6)

[rank2]:[W421 05:04:47.490399392 ProcessGroupNCCL.cpp:1771] [PG ID 0 PG GUID 0(default_pg) Rank 2] Failed to check the "should dump" flag on TCPStore, (maybe TCPStore server has shut down too early), with error: Broken pipe
[rank7]:[W421 05:04:47.477880437 TCPStore.cpp:106] [c10d] sendBytes failed on SocketImpl(fd=90, addr=[8f9e71dd3259]:34862, remote=[8f9e71dd3259]:42409): Broken pipe
Exception raised from sendBytes at /pytorch/torch/csrc/distributed/c10d/Utils.hpp:653 (most recent call first):
frame #0: c10::Error::Error(c10::SourceLocation, std::__cxx11::basic_string<char, std::char_traits<char>, std::allocator<char> >) + 0x80 (0x73ea2317cb80 in /usr/local/lib/python3.12/dist-packages/torch/lib/libc10.so)
frame #1: <unknown function> + 0x5ffc5b1 (0x73ea064cd5b1 in /usr/local/lib/python3.12/dist-packages/torch/lib/libtorch_cpu.so)
frame #2: <unknown function> + 0x5ffce42 (0x73ea064cde42 in /usr/local/lib/python3.12/dist-packages/torch/lib/libtorch_cpu.so)
frame #3: <unknown function> + 0x5ffe94e (0x73ea064cf94e in /usr/local/lib/python3.12/dist-packages/torch/lib/libtorch_cpu.so)
frame #4: c10d::TCPStore::check(std::vector<std::__cxx11::basic_string<char, std::char_traits<char>, std::allocator<char> >, std::allocator<std::__cxx11::basic_string<char, std::char_traits<char>, std::allocator<char> > > > const&) + 0x30e (0x73ea064ca26e in /usr/local/lib/python3.12/dist-packages/torch/lib/libtorch_cpu.so)
frame #5: c10d::ProcessGroupNCCL::HeartbeatMonitor::runLoop() + 0x3c8 (0x73e9c5049868 in /usr/local/lib/python3.12/dist-packages/torch/lib/libtorch_cuda.so)
frame #6: <unknown function> + 0xecdb4 (0x73ea2670adb4 in /lib/x86_64-linux-gnu/libstdc++.so.6)
frame #7: <unknown function> + 0x9caa4 (0x73ea29189aa4 in /lib/x86_64-linux-gnu/libc.so.6)
frame #8: __clone + 0x44 (0x73ea29216a64 in /lib/x86_64-linux-gnu/libc.so.6)

[rank7]:[W421 05:04:47.490782136 ProcessGroupNCCL.cpp:1771] [PG ID 0 PG GUID 0(default_pg) Rank 7] Failed to check the "should dump" flag on TCPStore, (maybe TCPStore server has shut down too early), with error: Broken pipe
[rank5]:[W421 05:04:47.584300272 TCPStore.cpp:106] [c10d] sendBytes failed on SocketImpl(fd=90, addr=[8f9e71dd3259]:34814, remote=[8f9e71dd3259]:42409): Broken pipe
Exception raised from sendBytes at /pytorch/torch/csrc/distributed/c10d/Utils.hpp:653 (most recent call first):
frame #0: c10::Error::Error(c10::SourceLocation, std::__cxx11::basic_string<char, std::char_traits<char>, std::allocator<char> >) + 0x80 (0x7c605f57cb80 in /usr/local/lib/python3.12/dist-packages/torch/lib/libc10.so)
frame #1: <unknown function> + 0x5ffc5b1 (0x7c60428cd5b1 in /usr/local/lib/python3.12/dist-packages/torch/lib/libtorch_cpu.so)
frame #2: <unknown function> + 0x5ffce42 (0x7c60428cde42 in /usr/local/lib/python3.12/dist-packages/torch/lib/libtorch_cpu.so)
frame #3: <unknown function> + 0x5ffe94e (0x7c60428cf94e in /usr/local/lib/python3.12/dist-packages/torch/lib/libtorch_cpu.so)
frame #4: c10d::TCPStore::check(std::vector<std::__cxx11::basic_string<char, std::char_traits<char>, std::allocator<char> >, std::allocator<std::__cxx11::basic_string<char, std::char_traits<char>, std::allocator<char> > > > const&) + 0x30e (0x7c60428ca26e in /usr/local/lib/python3.12/dist-packages/torch/lib/libtorch_cpu.so)
frame #5: c10d::ProcessGroupNCCL::HeartbeatMonitor::runLoop() + 0x3c8 (0x7c6001449868 in /usr/local/lib/python3.12/dist-packages/torch/lib/libtorch_cuda.so)
frame #6: <unknown function> + 0xecdb4 (0x7c6062b44db4 in /lib/x86_64-linux-gnu/libstdc++.so.6)
frame #7: <unknown function> + 0x9caa4 (0x7c60655c3aa4 in /lib/x86_64-linux-gnu/libc.so.6)
frame #8: __clone + 0x44 (0x7c6065650a64 in /lib/x86_64-linux-gnu/libc.so.6)

[rank5]:[W421 05:04:47.597314997 ProcessGroupNCCL.cpp:1771] [PG ID 0 PG GUID 0(default_pg) Rank 5] Failed to check the "should dump" flag on TCPStore, (maybe TCPStore server has shut down too early), with error: Broken pipe
[rank3]:[W421 05:04:47.675744228 TCPStore.cpp:106] [c10d] sendBytes failed on SocketImpl(fd=90, addr=[8f9e71dd3259]:34820, remote=[8f9e71dd3259]:42409): Broken pipe
Exception raised from sendBytes at /pytorch/torch/csrc/distributed/c10d/Utils.hpp:653 (most recent call first):
frame #0: c10::Error::Error(c10::SourceLocation, std::__cxx11::basic_string<char, std::char_traits<char>, std::allocator<char> >) + 0x80 (0x7def52b7cb80 in /usr/local/lib/python3.12/dist-packages/torch/lib/libc10.so)
frame #1: <unknown function> + 0x5ffc5b1 (0x7def35ecd5b1 in /usr/local/lib/python3.12/dist-packages/torch/lib/libtorch_cpu.so)
frame #2: <unknown function> + 0x5ffce42 (0x7def35ecde42 in /usr/local/lib/python3.12/dist-packages/torch/lib/libtorch_cpu.so)
frame #3: <unknown function> + 0x5ffe94e (0x7def35ecf94e in /usr/local/lib/python3.12/dist-packages/torch/lib/libtorch_cpu.so)
frame #4: c10d::TCPStore::check(std::vector<std::__cxx11::basic_string<char, std::char_traits<char>, std::allocator<char> >, std::allocator<std::__cxx11::basic_string<char, std::char_traits<char>, std::allocator<char> > > > const&) + 0x30e (0x7def35eca26e in /usr/local/lib/python3.12/dist-packages/torch/lib/libtorch_cpu.so)
frame #5: c10d::ProcessGroupNCCL::HeartbeatMonitor::runLoop() + 0x3c8 (0x7deef4a49868 in /usr/local/lib/python3.12/dist-packages/torch/lib/libtorch_cuda.so)
frame #6: <unknown function> + 0xecdb4 (0x7def56100db4 in /lib/x86_64-linux-gnu/libstdc++.so.6)
frame #7: <unknown function> + 0x9caa4 (0x7def58b7faa4 in /lib/x86_64-linux-gnu/libc.so.6)
frame #8: __clone + 0x44 (0x7def58c0ca64 in /lib/x86_64-linux-gnu/libc.so.6)

[rank3]:[W421 05:04:47.688848535 ProcessGroupNCCL.cpp:1771] [PG ID 0 PG GUID 0(default_pg) Rank 3] Failed to check the "should dump" flag on TCPStore, (maybe TCPStore server has shut down too early), with error: Broken pipe
[rank6]:[W421 05:04:47.757776041 TCPStore.cpp:106] [c10d] sendBytes failed on SocketImpl(fd=90, addr=[8f9e71dd3259]:34828, remote=[8f9e71dd3259]:42409): Broken pipe
Exception raised from sendBytes at /pytorch/torch/csrc/distributed/c10d/Utils.hpp:653 (most recent call first):
frame #0: c10::Error::Error(c10::SourceLocation, std::__cxx11::basic_string<char, std::char_traits<char>, std::allocator<char> >) + 0x80 (0x77ca19b92b80 in /usr/local/lib/python3.12/dist-packages/torch/lib/libc10.so)
frame #1: <unknown function> + 0x5ffc5b1 (0x77c9fcacd5b1 in /usr/local/lib/python3.12/dist-packages/torch/lib/libtorch_cpu.so)
frame #2: <unknown function> + 0x5ffce42 (0x77c9fcacde42 in /usr/local/lib/python3.12/dist-packages/torch/lib/libtorch_cpu.so)
frame #3: <unknown function> + 0x5ffe94e (0x77c9fcacf94e in /usr/local/lib/python3.12/dist-packages/torch/lib/libtorch_cpu.so)
frame #4: c10d::TCPStore::check(std::vector<std::__cxx11::basic_string<char, std::char_traits<char>, std::allocator<char> >, std::allocator<std::__cxx11::basic_string<char, std::char_traits<char>, std::allocator<char> > > > const&) + 0x30e (0x77c9fcaca26e in /usr/local/lib/python3.12/dist-packages/torch/lib/libtorch_cpu.so)
frame #5: c10d::ProcessGroupNCCL::HeartbeatMonitor::runLoop() + 0x3c8 (0x77c9bb649868 in /usr/local/lib/python3.12/dist-packages/torch/lib/libtorch_cuda.so)
frame #6: <unknown function> + 0xecdb4 (0x77ca1cd97db4 in /lib/x86_64-linux-gnu/libstdc++.so.6)
frame #7: <unknown function> + 0x9caa4 (0x77ca1f816aa4 in /lib/x86_64-linux-gnu/libc.so.6)
frame #8: __clone + 0x44 (0x77ca1f8a3a64 in /lib/x86_64-linux-gnu/libc.so.6)

[rank6]:[W421 05:04:47.770717815 ProcessGroupNCCL.cpp:1771] [PG ID 0 PG GUID 0(default_pg) Rank 6] Failed to check the "should dump" flag on TCPStore, (maybe TCPStore server has shut down too early), with error: Broken pipe
[rank4]:[W421 05:04:48.373531151 TCPStore.cpp:106] [c10d] sendBytes failed on SocketImpl(fd=90, addr=[8f9e71dd3259]:34834, remote=[8f9e71dd3259]:42409): Broken pipe
Exception raised from sendBytes at /pytorch/torch/csrc/distributed/c10d/Utils.hpp:653 (most recent call first):
frame #0: c10::Error::Error(c10::SourceLocation, std::__cxx11::basic_string<char, std::char_traits<char>, std::allocator<char> >) + 0x80 (0x7b1211392b80 in /usr/local/lib/python3.12/dist-packages/torch/lib/libc10.so)
frame #1: <unknown function> + 0x5ffc5b1 (0x7b11f42cd5b1 in /usr/local/lib/python3.12/dist-packages/torch/lib/libtorch_cpu.so)
frame #2: <unknown function> + 0x5ffce42 (0x7b11f42cde42 in /usr/local/lib/python3.12/dist-packages/torch/lib/libtorch_cpu.so)
frame #3: <unknown function> + 0x5ffe94e (0x7b11f42cf94e in /usr/local/lib/python3.12/dist-packages/torch/lib/libtorch_cpu.so)
frame #4: c10d::TCPStore::check(std::vector<std::__cxx11::basic_string<char, std::char_traits<char>, std::allocator<char> >, std::allocator<std::__cxx11::basic_string<char, std::char_traits<char>, std::allocator<char> > > > const&) + 0x30e (0x7b11f42ca26e in /usr/local/lib/python3.12/dist-packages/torch/lib/libtorch_cpu.so)
frame #5: c10d::ProcessGroupNCCL::HeartbeatMonitor::runLoop() + 0x3c8 (0x7b11b2e49868 in /usr/local/lib/python3.12/dist-packages/torch/lib/libtorch_cuda.so)
frame #6: <unknown function> + 0xecdb4 (0x7b121458ddb4 in /lib/x86_64-linux-gnu/libstdc++.so.6)
frame #7: <unknown function> + 0x9caa4 (0x7b121700caa4 in /lib/x86_64-linux-gnu/libc.so.6)
frame #8: __clone + 0x44 (0x7b1217099a64 in /lib/x86_64-linux-gnu/libc.so.6)

[rank4]:[W421 05:04:48.386438561 ProcessGroupNCCL.cpp:1771] [PG ID 0 PG GUID 0(default_pg) Rank 4] Failed to check the "should dump" flag on TCPStore, (maybe TCPStore server has shut down too early), with error: Broken pipe
[rank0]:[W421 05:04:48.480678665 TCPStore.cpp:106] [c10d] sendBytes failed on SocketImpl(fd=90, addr=[8f9e71dd3259]:34854, remote=[8f9e71dd3259]:42409): Broken pipe
Exception raised from sendBytes at /pytorch/torch/csrc/distributed/c10d/Utils.hpp:653 (most recent call first):
frame #0: c10::Error::Error(c10::SourceLocation, std::__cxx11::basic_string<char, std::char_traits<char>, std::allocator<char> >) + 0x80 (0x7c8c8677cb80 in /usr/local/lib/python3.12/dist-packages/torch/lib/libc10.so)
frame #1: <unknown function> + 0x5ffc5b1 (0x7c8c69acd5b1 in /usr/local/lib/python3.12/dist-packages/torch/lib/libtorch_cpu.so)
frame #2: <unknown function> + 0x5ffce42 (0x7c8c69acde42 in /usr/local/lib/python3.12/dist-packages/torch/lib/libtorch_cpu.so)
frame #3: <unknown function> + 0x5ffe94e (0x7c8c69acf94e in /usr/local/lib/python3.12/dist-packages/torch/lib/libtorch_cpu.so)
frame #4: c10d::TCPStore::check(std::vector<std::__cxx11::basic_string<char, std::char_traits<char>, std::allocator<char> >, std::allocator<std::__cxx11::basic_string<char, std::char_traits<char>, std::allocator<char> > > > const&) + 0x30e (0x7c8c69aca26e in /usr/local/lib/python3.12/dist-packages/torch/lib/libtorch_cpu.so)
frame #5: c10d::ProcessGroupNCCL::HeartbeatMonitor::runLoop() + 0x3c8 (0x7c8c28649868 in /usr/local/lib/python3.12/dist-packages/torch/lib/libtorch_cuda.so)
frame #6: <unknown function> + 0xecdb4 (0x7c8c89d10db4 in /lib/x86_64-linux-gnu/libstdc++.so.6)
frame #7: <unknown function> + 0x9caa4 (0x7c8c8c78faa4 in /lib/x86_64-linux-gnu/libc.so.6)
frame #8: __clone + 0x44 (0x7c8c8c81ca64 in /lib/x86_64-linux-gnu/libc.so.6)

[rank0]:[W421 05:04:48.493802137 ProcessGroupNCCL.cpp:1771] [PG ID 0 PG GUID 0(default_pg) Rank 0] Failed to check the "should dump" flag on TCPStore, (maybe TCPStore server has shut down too early), with error: Broken pipe
[rank1]:[W421 05:04:48.481363437 TCPStore.cpp:106] [c10d] sendBytes failed on SocketImpl(fd=90, addr=[8f9e71dd3259]:34844, remote=[8f9e71dd3259]:42409): Broken pipe
Exception raised from sendBytes at /pytorch/torch/csrc/distributed/c10d/Utils.hpp:653 (most recent call first):
frame #0: c10::Error::Error(c10::SourceLocation, std::__cxx11::basic_string<char, std::char_traits<char>, std::allocator<char> >) + 0x80 (0x71a805570b80 in /usr/local/lib/python3.12/dist-packages/torch/lib/libc10.so)
frame #1: <unknown function> + 0x5ffc5b1 (0x71a8478cd5b1 in /usr/local/lib/python3.12/dist-packages/torch/lib/libtorch_cpu.so)
frame #2: <unknown function> + 0x5ffce42 (0x71a8478cde42 in /usr/local/lib/python3.12/dist-packages/torch/lib/libtorch_cpu.so)
frame #3: <unknown function> + 0x5ffe94e (0x71a8478cf94e in /usr/local/lib/python3.12/dist-packages/torch/lib/libtorch_cpu.so)
frame #4: c10d::TCPStore::check(std::vector<std::__cxx11::basic_string<char, std::char_traits<char>, std::allocator<char> >, std::allocator<std::__cxx11::basic_string<char, std::char_traits<char>, std::allocator<char> > > > const&) + 0x30e (0x71a8478ca26e in /usr/local/lib/python3.12/dist-packages/torch/lib/libtorch_cpu.so)
frame #5: c10d::ProcessGroupNCCL::HeartbeatMonitor::runLoop() + 0x3c8 (0x71a806449868 in /usr/local/lib/python3.12/dist-packages/torch/lib/libtorch_cuda.so)
frame #6: <unknown function> + 0xecdb4 (0x71a867a0cdb4 in /lib/x86_64-linux-gnu/libstdc++.so.6)
frame #7: <unknown function> + 0x9caa4 (0x71a86a48baa4 in /lib/x86_64-linux-gnu/libc.so.6)
frame #8: __clone + 0x44 (0x71a86a518a64 in /lib/x86_64-linux-gnu/libc.so.6)

[rank1]:[W421 05:04:48.494575890 ProcessGroupNCCL.cpp:1771] [PG ID 0 PG GUID 0(default_pg) Rank 1] Failed to check the "should dump" flag on TCPStore, (maybe TCPStore server has shut down too early), with error: Broken pipe
[rank2]:[W421 05:04:48.490561484 TCPStore.cpp:106] [c10d] sendBytes failed on SocketImpl(fd=90, addr=[8f9e71dd3259]:34868, remote=[8f9e71dd3259]:42409): Broken pipe
Exception raised from sendBytes at /pytorch/torch/csrc/distributed/c10d/Utils.hpp:653 (most recent call first):
frame #0: c10::Error::Error(c10::SourceLocation, std::__cxx11::basic_string<char, std::char_traits<char>, std::allocator<char> >) + 0x80 (0x7676c2970b80 in /usr/local/lib/python3.12/dist-packages/torch/lib/libc10.so)
frame #1: <unknown function> + 0x5ffc5b1 (0x767704ccd5b1 in /usr/local/lib/python3.12/dist-packages/torch/lib/libtorch_cpu.so)
frame #2: <unknown function> + 0x5ffce42 (0x767704ccde42 in /usr/local/lib/python3.12/dist-packages/torch/lib/libtorch_cpu.so)
frame #3: <unknown function> + 0x5ffe94e (0x767704ccf94e in /usr/local/lib/python3.12/dist-packages/torch/lib/libtorch_cpu.so)
frame #4: c10d::TCPStore::check(std::vector<std::__cxx11::basic_string<char, std::char_traits<char>, std::allocator<char> >, std::allocator<std::__cxx11::basic_string<char, std::char_traits<char>, std::allocator<char> > > > const&) + 0x30e (0x767704cca26e in /usr/local/lib/python3.12/dist-packages/torch/lib/libtorch_cpu.so)
frame #5: c10d::ProcessGroupNCCL::HeartbeatMonitor::runLoop() + 0x3c8 (0x7676c3849868 in /usr/local/lib/python3.12/dist-packages/torch/lib/libtorch_cuda.so)
frame #6: <unknown function> + 0xecdb4 (0x767724e02db4 in /lib/x86_64-linux-gnu/libstdc++.so.6)
frame #7: <unknown function> + 0x9caa4 (0x767727881aa4 in /lib/x86_64-linux-gnu/libc.so.6)
frame #8: __clone + 0x44 (0x76772790ea64 in /lib/x86_64-linux-gnu/libc.so.6)

[rank7]:[W421 05:04:48.490888412 TCPStore.cpp:106] [c10d] sendBytes failed on SocketImpl(fd=90, addr=[8f9e71dd3259]:34862, remote=[8f9e71dd3259]:42409): Broken pipe
Exception raised from sendBytes at /pytorch/torch/csrc/distributed/c10d/Utils.hpp:653 (most recent call first):
frame #0: c10::Error::Error(c10::SourceLocation, std::__cxx11::basic_string<char, std::char_traits<char>, std::allocator<char> >) + 0x80 (0x73ea2317cb80 in /usr/local/lib/python3.12/dist-packages/torch/lib/libc10.so)
frame #1: <unknown function> + 0x5ffc5b1 (0x73ea064cd5b1 in /usr/local/lib/python3.12/dist-packages/torch/lib/libtorch_cpu.so)
frame #2: <unknown function> + 0x5ffce42 (0x73ea064cde42 in /usr/local/lib/python3.12/dist-packages/torch/lib/libtorch_cpu.so)
frame #3: <unknown function> + 0x5ffe94e (0x73ea064cf94e in /usr/local/lib/python3.12/dist-packages/torch/lib/libtorch_cpu.so)
frame #4: c10d::TCPStore::check(std::vector<std::__cxx11::basic_string<char, std::char_traits<char>, std::allocator<char> >, std::allocator<std::__cxx11::basic_string<char, std::char_traits<char>, std::allocator<char> > > > const&) + 0x30e (0x73ea064ca26e in /usr/local/lib/python3.12/dist-packages/torch/lib/libtorch_cpu.so)
frame #5: c10d::ProcessGroupNCCL::HeartbeatMonitor::runLoop() + 0x3c8 (0x73e9c5049868 in /usr/local/lib/python3.12/dist-packages/torch/lib/libtorch_cuda.so)
frame #6: <unknown function> + 0xecdb4 (0x73ea2670adb4 in /lib/x86_64-linux-gnu/libstdc++.so.6)
frame #7: <unknown function> + 0x9caa4 (0x73ea29189aa4 in /lib/x86_64-linux-gnu/libc.so.6)
frame #8: __clone + 0x44 (0x73ea29216a64 in /lib/x86_64-linux-gnu/libc.so.6)

[rank2]:[W421 05:04:48.503665644 ProcessGroupNCCL.cpp:1771] [PG ID 0 PG GUID 0(default_pg) Rank 2] Failed to check the "should dump" flag on TCPStore, (maybe TCPStore server has shut down too early), with error: Broken pipe
[rank7]:[W421 05:04:48.503686828 ProcessGroupNCCL.cpp:1771] [PG ID 0 PG GUID 0(default_pg) Rank 7] Failed to check the "should dump" flag on TCPStore, (maybe TCPStore server has shut down too early), with error: Broken pipe
[rank5]:[W421 05:04:48.597447851 TCPStore.cpp:106] [c10d] sendBytes failed on SocketImpl(fd=90, addr=[8f9e71dd3259]:34814, remote=[8f9e71dd3259]:42409): Broken pipe
Exception raised from sendBytes at /pytorch/torch/csrc/distributed/c10d/Utils.hpp:653 (most recent call first):
frame #0: c10::Error::Error(c10::SourceLocation, std::__cxx11::basic_string<char, std::char_traits<char>, std::allocator<char> >) + 0x80 (0x7c605f57cb80 in /usr/local/lib/python3.12/dist-packages/torch/lib/libc10.so)
frame #1: <unknown function> + 0x5ffc5b1 (0x7c60428cd5b1 in /usr/local/lib/python3.12/dist-packages/torch/lib/libtorch_cpu.so)
frame #2: <unknown function> + 0x5ffce42 (0x7c60428cde42 in /usr/local/lib/python3.12/dist-packages/torch/lib/libtorch_cpu.so)
frame #3: <unknown function> + 0x5ffe94e (0x7c60428cf94e in /usr/local/lib/python3.12/dist-packages/torch/lib/libtorch_cpu.so)
frame #4: c10d::TCPStore::check(std::vector<std::__cxx11::basic_string<char, std::char_traits<char>, std::allocator<char> >, std::allocator<std::__cxx11::basic_string<char, std::char_traits<char>, std::allocator<char> > > > const&) + 0x30e (0x7c60428ca26e in /usr/local/lib/python3.12/dist-packages/torch/lib/libtorch_cpu.so)
frame #5: c10d::ProcessGroupNCCL::HeartbeatMonitor::runLoop() + 0x3c8 (0x7c6001449868 in /usr/local/lib/python3.12/dist-packages/torch/lib/libtorch_cuda.so)
frame #6: <unknown function> + 0xecdb4 (0x7c6062b44db4 in /lib/x86_64-linux-gnu/libstdc++.so.6)
frame #7: <unknown function> + 0x9caa4 (0x7c60655c3aa4 in /lib/x86_64-linux-gnu/libc.so.6)
frame #8: __clone + 0x44 (0x7c6065650a64 in /lib/x86_64-linux-gnu/libc.so.6)

[rank5]:[W421 05:04:48.610390573 ProcessGroupNCCL.cpp:1771] [PG ID 0 PG GUID 0(default_pg) Rank 5] Failed to check the "should dump" flag on TCPStore, (maybe TCPStore server has shut down too early), with error: Broken pipe
[rank3]:[W421 05:04:48.688993051 TCPStore.cpp:106] [c10d] sendBytes failed on SocketImpl(fd=90, addr=[8f9e71dd3259]:34820, remote=[8f9e71dd3259]:42409): Broken pipe
Exception raised from sendBytes at /pytorch/torch/csrc/distributed/c10d/Utils.hpp:653 (most recent call first):
frame #0: c10::Error::Error(c10::SourceLocation, std::__cxx11::basic_string<char, std::char_traits<char>, std::allocator<char> >) + 0x80 (0x7def52b7cb80 in /usr/local/lib/python3.12/dist-packages/torch/lib/libc10.so)
frame #1: <unknown function> + 0x5ffc5b1 (0x7def35ecd5b1 in /usr/local/lib/python3.12/dist-packages/torch/lib/libtorch_cpu.so)
frame #2: <unknown function> + 0x5ffce42 (0x7def35ecde42 in /usr/local/lib/python3.12/dist-packages/torch/lib/libtorch_cpu.so)
frame #3: <unknown function> + 0x5ffe94e (0x7def35ecf94e in /usr/local/lib/python3.12/dist-packages/torch/lib/libtorch_cpu.so)
frame #4: c10d::TCPStore::check(std::vector<std::__cxx11::basic_string<char, std::char_traits<char>, std::allocator<char> >, std::allocator<std::__cxx11::basic_string<char, std::char_traits<char>, std::allocator<char> > > > const&) + 0x30e (0x7def35eca26e in /usr/local/lib/python3.12/dist-packages/torch/lib/libtorch_cpu.so)
frame #5: c10d::ProcessGroupNCCL::HeartbeatMonitor::runLoop() + 0x3c8 (0x7deef4a49868 in /usr/local/lib/python3.12/dist-packages/torch/lib/libtorch_cuda.so)
frame #6: <unknown function> + 0xecdb4 (0x7def56100db4 in /lib/x86_64-linux-gnu/libstdc++.so.6)
frame #7: <unknown function> + 0x9caa4 (0x7def58b7faa4 in /lib/x86_64-linux-gnu/libc.so.6)
frame #8: __clone + 0x44 (0x7def58c0ca64 in /lib/x86_64-linux-gnu/libc.so.6)

[rank3]:[W421 05:04:48.702052677 ProcessGroupNCCL.cpp:1771] [PG ID 0 PG GUID 0(default_pg) Rank 3] Failed to check the "should dump" flag on TCPStore, (maybe TCPStore server has shut down too early), with error: Broken pipe
[rank6]:[W421 05:04:48.770868300 TCPStore.cpp:106] [c10d] sendBytes failed on SocketImpl(fd=90, addr=[8f9e71dd3259]:34828, remote=[8f9e71dd3259]:42409): Broken pipe
Exception raised from sendBytes at /pytorch/torch/csrc/distributed/c10d/Utils.hpp:653 (most recent call first):
frame #0: c10::Error::Error(c10::SourceLocation, std::__cxx11::basic_string<char, std::char_traits<char>, std::allocator<char> >) + 0x80 (0x77ca19b92b80 in /usr/local/lib/python3.12/dist-packages/torch/lib/libc10.so)
frame #1: <unknown function> + 0x5ffc5b1 (0x77c9fcacd5b1 in /usr/local/lib/python3.12/dist-packages/torch/lib/libtorch_cpu.so)
frame #2: <unknown function> + 0x5ffce42 (0x77c9fcacde42 in /usr/local/lib/python3.12/dist-packages/torch/lib/libtorch_cpu.so)
frame #3: <unknown function> + 0x5ffe94e (0x77c9fcacf94e in /usr/local/lib/python3.12/dist-packages/torch/lib/libtorch_cpu.so)
frame #4: c10d::TCPStore::check(std::vector<std::__cxx11::basic_string<char, std::char_traits<char>, std::allocator<char> >, std::allocator<std::__cxx11::basic_string<char, std::char_traits<char>, std::allocator<char> > > > const&) + 0x30e (0x77c9fcaca26e in /usr/local/lib/python3.12/dist-packages/torch/lib/libtorch_cpu.so)
frame #5: c10d::ProcessGroupNCCL::HeartbeatMonitor::runLoop() + 0x3c8 (0x77c9bb649868 in /usr/local/lib/python3.12/dist-packages/torch/lib/libtorch_cuda.so)
frame #6: <unknown function> + 0xecdb4 (0x77ca1cd97db4 in /lib/x86_64-linux-gnu/libstdc++.so.6)
frame #7: <unknown function> + 0x9caa4 (0x77ca1f816aa4 in /lib/x86_64-linux-gnu/libc.so.6)
frame #8: __clone + 0x44 (0x77ca1f8a3a64 in /lib/x86_64-linux-gnu/libc.so.6)

[rank6]:[W421 05:04:48.783935283 ProcessGroupNCCL.cpp:1771] [PG ID 0 PG GUID 0(default_pg) Rank 6] Failed to check the "should dump" flag on TCPStore, (maybe TCPStore server has shut down too early), with error: Broken pipe
[rank4]:[W421 05:04:49.386540546 TCPStore.cpp:106] [c10d] sendBytes failed on SocketImpl(fd=90, addr=[8f9e71dd3259]:34834, remote=[8f9e71dd3259]:42409): Broken pipe
Exception raised from sendBytes at /pytorch/torch/csrc/distributed/c10d/Utils.hpp:653 (most recent call first):
frame #0: c10::Error::Error(c10::SourceLocation, std::__cxx11::basic_string<char, std::char_traits<char>, std::allocator<char> >) + 0x80 (0x7b1211392b80 in /usr/local/lib/python3.12/dist-packages/torch/lib/libc10.so)
frame #1: <unknown function> + 0x5ffc5b1 (0x7b11f42cd5b1 in /usr/local/lib/python3.12/dist-packages/torch/lib/libtorch_cpu.so)
frame #2: <unknown function> + 0x5ffce42 (0x7b11f42cde42 in /usr/local/lib/python3.12/dist-packages/torch/lib/libtorch_cpu.so)
frame #3: <unknown function> + 0x5ffe94e (0x7b11f42cf94e in /usr/local/lib/python3.12/dist-packages/torch/lib/libtorch_cpu.so)
frame #4: c10d::TCPStore::check(std::vector<std::__cxx11::basic_string<char, std::char_traits<char>, std::allocator<char> >, std::allocator<std::__cxx11::basic_string<char, std::char_traits<char>, std::allocator<char> > > > const&) + 0x30e (0x7b11f42ca26e in /usr/local/lib/python3.12/dist-packages/torch/lib/libtorch_cpu.so)
frame #5: c10d::ProcessGroupNCCL::HeartbeatMonitor::runLoop() + 0x3c8 (0x7b11b2e49868 in /usr/local/lib/python3.12/dist-packages/torch/lib/libtorch_cuda.so)
frame #6: <unknown function> + 0xecdb4 (0x7b121458ddb4 in /lib/x86_64-linux-gnu/libstdc++.so.6)
frame #7: <unknown function> + 0x9caa4 (0x7b121700caa4 in /lib/x86_64-linux-gnu/libc.so.6)
frame #8: __clone + 0x44 (0x7b1217099a64 in /lib/x86_64-linux-gnu/libc.so.6)

[rank4]:[W421 05:04:49.399382233 ProcessGroupNCCL.cpp:1771] [PG ID 0 PG GUID 0(default_pg) Rank 4] Failed to check the "should dump" flag on TCPStore, (maybe TCPStore server has shut down too early), with error: Broken pipe
[rank0]:[W421 05:04:49.493957561 TCPStore.cpp:106] [c10d] sendBytes failed on SocketImpl(fd=90, addr=[8f9e71dd3259]:34854, remote=[8f9e71dd3259]:42409): Broken pipe
Exception raised from sendBytes at /pytorch/torch/csrc/distributed/c10d/Utils.hpp:653 (most recent call first):
frame #0: c10::Error::Error(c10::SourceLocation, std::__cxx11::basic_string<char, std::char_traits<char>, std::allocator<char> >) + 0x80 (0x7c8c8677cb80 in /usr/local/lib/python3.12/dist-packages/torch/lib/libc10.so)
frame #1: <unknown function> + 0x5ffc5b1 (0x7c8c69acd5b1 in /usr/local/lib/python3.12/dist-packages/torch/lib/libtorch_cpu.so)
frame #2: <unknown function> + 0x5ffce42 (0x7c8c69acde42 in /usr/local/lib/python3.12/dist-packages/torch/lib/libtorch_cpu.so)
frame #3: <unknown function> + 0x5ffe94e (0x7c8c69acf94e in /usr/local/lib/python3.12/dist-packages/torch/lib/libtorch_cpu.so)
frame #4: c10d::TCPStore::check(std::vector<std::__cxx11::basic_string<char, std::char_traits<char>, std::allocator<char> >, std::allocator<std::__cxx11::basic_string<char, std::char_traits<char>, std::allocator<char> > > > const&) + 0x30e (0x7c8c69aca26e in /usr/local/lib/python3.12/dist-packages/torch/lib/libtorch_cpu.so)
frame #5: c10d::ProcessGroupNCCL::HeartbeatMonitor::runLoop() + 0x3c8 (0x7c8c28649868 in /usr/local/lib/python3.12/dist-packages/torch/lib/libtorch_cuda.so)
frame #6: <unknown function> + 0xecdb4 (0x7c8c89d10db4 in /lib/x86_64-linux-gnu/libstdc++.so.6)
frame #7: <unknown function> + 0x9caa4 (0x7c8c8c78faa4 in /lib/x86_64-linux-gnu/libc.so.6)
frame #8: __clone + 0x44 (0x7c8c8c81ca64 in /lib/x86_64-linux-gnu/libc.so.6)

[rank0]:[W421 05:04:49.507203554 ProcessGroupNCCL.cpp:1771] [PG ID 0 PG GUID 0(default_pg) Rank 0] Failed to check the "should dump" flag on TCPStore, (maybe TCPStore server has shut down too early), with error: Broken pipe
[rank1]:[W421 05:04:49.494755409 TCPStore.cpp:106] [c10d] sendBytes failed on SocketImpl(fd=90, addr=[8f9e71dd3259]:34844, remote=[8f9e71dd3259]:42409): Broken pipe
Exception raised from sendBytes at /pytorch/torch/csrc/distributed/c10d/Utils.hpp:653 (most recent call first):
frame #0: c10::Error::Error(c10::SourceLocation, std::__cxx11::basic_string<char, std::char_traits<char>, std::allocator<char> >) + 0x80 (0x71a805570b80 in /usr/local/lib/python3.12/dist-packages/torch/lib/libc10.so)
frame #1: <unknown function> + 0x5ffc5b1 (0x71a8478cd5b1 in /usr/local/lib/python3.12/dist-packages/torch/lib/libtorch_cpu.so)
frame #2: <unknown function> + 0x5ffce42 (0x71a8478cde42 in /usr/local/lib/python3.12/dist-packages/torch/lib/libtorch_cpu.so)
frame #3: <unknown function> + 0x5ffe94e (0x71a8478cf94e in /usr/local/lib/python3.12/dist-packages/torch/lib/libtorch_cpu.so)
frame #4: c10d::TCPStore::check(std::vector<std::__cxx11::basic_string<char, std::char_traits<char>, std::allocator<char> >, std::allocator<std::__cxx11::basic_string<char, std::char_traits<char>, std::allocator<char> > > > const&) + 0x30e (0x71a8478ca26e in /usr/local/lib/python3.12/dist-packages/torch/lib/libtorch_cpu.so)
frame #5: c10d::ProcessGroupNCCL::HeartbeatMonitor::runLoop() + 0x3c8 (0x71a806449868 in /usr/local/lib/python3.12/dist-packages/torch/lib/libtorch_cuda.so)
frame #6: <unknown function> + 0xecdb4 (0x71a867a0cdb4 in /lib/x86_64-linux-gnu/libstdc++.so.6)
frame #7: <unknown function> + 0x9caa4 (0x71a86a48baa4 in /lib/x86_64-linux-gnu/libc.so.6)
frame #8: __clone + 0x44 (0x71a86a518a64 in /lib/x86_64-linux-gnu/libc.so.6)

[rank1]:[W421 05:04:49.508131469 ProcessGroupNCCL.cpp:1771] [PG ID 0 PG GUID 0(default_pg) Rank 1] Failed to check the "should dump" flag on TCPStore, (maybe TCPStore server has shut down too early), with error: Broken pipe
[rank2]:[W421 05:04:49.503791485 TCPStore.cpp:106] [c10d] sendBytes failed on SocketImpl(fd=90, addr=[8f9e71dd3259]:34868, remote=[8f9e71dd3259]:42409): Broken pipe
Exception raised from sendBytes at /pytorch/torch/csrc/distributed/c10d/Utils.hpp:653 (most recent call first):
frame #0: c10::Error::Error(c10::SourceLocation, std::__cxx11::basic_string<char, std::char_traits<char>, std::allocator<char> >) + 0x80 (0x7676c2970b80 in /usr/local/lib/python3.12/dist-packages/torch/lib/libc10.so)
frame #1: <unknown function> + 0x5ffc5b1 (0x767704ccd5b1 in /usr/local/lib/python3.12/dist-packages/torch/lib/libtorch_cpu.so)
frame #2: <unknown function> + 0x5ffce42 (0x767704ccde42 in /usr/local/lib/python3.12/dist-packages/torch/lib/libtorch_cpu.so)
frame #3: <unknown function> + 0x5ffe94e (0x767704ccf94e in /usr/local/lib/python3.12/dist-packages/torch/lib/libtorch_cpu.so)
frame #4: c10d::TCPStore::check(std::vector<std::__cxx11::basic_string<char, std::char_traits<char>, std::allocator<char> >, std::allocator<std::__cxx11::basic_string<char, std::char_traits<char>, std::allocator<char> > > > const&) + 0x30e (0x767704cca26e in /usr/local/lib/python3.12/dist-packages/torch/lib/libtorch_cpu.so)
frame #5: c10d::ProcessGroupNCCL::HeartbeatMonitor::runLoop() + 0x3c8 (0x7676c3849868 in /usr/local/lib/python3.12/dist-packages/torch/lib/libtorch_cuda.so)
frame #6: <unknown function> + 0xecdb4 (0x767724e02db4 in /lib/x86_64-linux-gnu/libstdc++.so.6)
frame #7: <unknown function> + 0x9caa4 (0x767727881aa4 in /lib/x86_64-linux-gnu/libc.so.6)
frame #8: __clone + 0x44 (0x76772790ea64 in /lib/x86_64-linux-gnu/libc.so.6)

[rank2]:[W421 05:04:49.516625217 ProcessGroupNCCL.cpp:1771] [PG ID 0 PG GUID 0(default_pg) Rank 2] Failed to check the "should dump" flag on TCPStore, (maybe TCPStore server has shut down too early), with error: Broken pipe
[rank7]:[W421 05:04:49.504033755 TCPStore.cpp:106] [c10d] sendBytes failed on SocketImpl(fd=90, addr=[8f9e71dd3259]:34862, remote=[8f9e71dd3259]:42409): Broken pipe
Exception raised from sendBytes at /pytorch/torch/csrc/distributed/c10d/Utils.hpp:653 (most recent call first):
frame #0: c10::Error::Error(c10::SourceLocation, std::__cxx11::basic_string<char, std::char_traits<char>, std::allocator<char> >) + 0x80 (0x73ea2317cb80 in /usr/local/lib/python3.12/dist-packages/torch/lib/libc10.so)
frame #1: <unknown function> + 0x5ffc5b1 (0x73ea064cd5b1 in /usr/local/lib/python3.12/dist-packages/torch/lib/libtorch_cpu.so)
frame #2: <unknown function> + 0x5ffce42 (0x73ea064cde42 in /usr/local/lib/python3.12/dist-packages/torch/lib/libtorch_cpu.so)
frame #3: <unknown function> + 0x5ffe94e (0x73ea064cf94e in /usr/local/lib/python3.12/dist-packages/torch/lib/libtorch_cpu.so)
frame #4: c10d::TCPStore::check(std::vector<std::__cxx11::basic_string<char, std::char_traits<char>, std::allocator<char> >, std::allocator<std::__cxx11::basic_string<char, std::char_traits<char>, std::allocator<char> > > > const&) + 0x30e (0x73ea064ca26e in /usr/local/lib/python3.12/dist-packages/torch/lib/libtorch_cpu.so)
frame #5: c10d::ProcessGroupNCCL::HeartbeatMonitor::runLoop() + 0x3c8 (0x73e9c5049868 in /usr/local/lib/python3.12/dist-packages/torch/lib/libtorch_cuda.so)
frame #6: <unknown function> + 0xecdb4 (0x73ea2670adb4 in /lib/x86_64-linux-gnu/libstdc++.so.6)
frame #7: <unknown function> + 0x9caa4 (0x73ea29189aa4 in /lib/x86_64-linux-gnu/libc.so.6)
frame #8: __clone + 0x44 (0x73ea29216a64 in /lib/x86_64-linux-gnu/libc.so.6)

[rank7]:[W421 05:04:49.517945849 ProcessGroupNCCL.cpp:1771] [PG ID 0 PG GUID 0(default_pg) Rank 7] Failed to check the "should dump" flag on TCPStore, (maybe TCPStore server has shut down too early), with error: Broken pipe
[rank5]:[W421 05:04:49.610487310 TCPStore.cpp:106] [c10d] sendBytes failed on SocketImpl(fd=90, addr=[8f9e71dd3259]:34814, remote=[8f9e71dd3259]:42409): Broken pipe
Exception raised from sendBytes at /pytorch/torch/csrc/distributed/c10d/Utils.hpp:653 (most recent call first):
frame #0: c10::Error::Error(c10::SourceLocation, std::__cxx11::basic_string<char, std::char_traits<char>, std::allocator<char> >) + 0x80 (0x7c605f57cb80 in /usr/local/lib/python3.12/dist-packages/torch/lib/libc10.so)
frame #1: <unknown function> + 0x5ffc5b1 (0x7c60428cd5b1 in /usr/local/lib/python3.12/dist-packages/torch/lib/libtorch_cpu.so)
frame #2: <unknown function> + 0x5ffce42 (0x7c60428cde42 in /usr/local/lib/python3.12/dist-packages/torch/lib/libtorch_cpu.so)
frame #3: <unknown function> + 0x5ffe94e (0x7c60428cf94e in /usr/local/lib/python3.12/dist-packages/torch/lib/libtorch_cpu.so)
frame #4: c10d::TCPStore::check(std::vector<std::__cxx11::basic_string<char, std::char_traits<char>, std::allocator<char> >, std::allocator<std::__cxx11::basic_string<char, std::char_traits<char>, std::allocator<char> > > > const&) + 0x30e (0x7c60428ca26e in /usr/local/lib/python3.12/dist-packages/torch/lib/libtorch_cpu.so)
frame #5: c10d::ProcessGroupNCCL::HeartbeatMonitor::runLoop() + 0x3c8 (0x7c6001449868 in /usr/local/lib/python3.12/dist-packages/torch/lib/libtorch_cuda.so)
frame #6: <unknown function> + 0xecdb4 (0x7c6062b44db4 in /lib/x86_64-linux-gnu/libstdc++.so.6)
frame #7: <unknown function> + 0x9caa4 (0x7c60655c3aa4 in /lib/x86_64-linux-gnu/libc.so.6)
frame #8: __clone + 0x44 (0x7c6065650a64 in /lib/x86_64-linux-gnu/libc.so.6)

[rank5]:[W421 05:04:49.623220758 ProcessGroupNCCL.cpp:1771] [PG ID 0 PG GUID 0(default_pg) Rank 5] Failed to check the "should dump" flag on TCPStore, (maybe TCPStore server has shut down too early), with error: Broken pipe
[rank3]:[W421 05:04:49.702210854 TCPStore.cpp:106] [c10d] sendBytes failed on SocketImpl(fd=90, addr=[8f9e71dd3259]:34820, remote=[8f9e71dd3259]:42409): Broken pipe
Exception raised from sendBytes at /pytorch/torch/csrc/distributed/c10d/Utils.hpp:653 (most recent call first):
frame #0: c10::Error::Error(c10::SourceLocation, std::__cxx11::basic_string<char, std::char_traits<char>, std::allocator<char> >) + 0x80 (0x7def52b7cb80 in /usr/local/lib/python3.12/dist-packages/torch/lib/libc10.so)
frame #1: <unknown function> + 0x5ffc5b1 (0x7def35ecd5b1 in /usr/local/lib/python3.12/dist-packages/torch/lib/libtorch_cpu.so)
frame #2: <unknown function> + 0x5ffce42 (0x7def35ecde42 in /usr/local/lib/python3.12/dist-packages/torch/lib/libtorch_cpu.so)
frame #3: <unknown function> + 0x5ffe94e (0x7def35ecf94e in /usr/local/lib/python3.12/dist-packages/torch/lib/libtorch_cpu.so)
frame #4: c10d::TCPStore::check(std::vector<std::__cxx11::basic_string<char, std::char_traits<char>, std::allocator<char> >, std::allocator<std::__cxx11::basic_string<char, std::char_traits<char>, std::allocator<char> > > > const&) + 0x30e (0x7def35eca26e in /usr/local/lib/python3.12/dist-packages/torch/lib/libtorch_cpu.so)
frame #5: c10d::ProcessGroupNCCL::HeartbeatMonitor::runLoop() + 0x3c8 (0x7deef4a49868 in /usr/local/lib/python3.12/dist-packages/torch/lib/libtorch_cuda.so)
frame #6: <unknown function> + 0xecdb4 (0x7def56100db4 in /lib/x86_64-linux-gnu/libstdc++.so.6)
frame #7: <unknown function> + 0x9caa4 (0x7def58b7faa4 in /lib/x86_64-linux-gnu/libc.so.6)
frame #8: __clone + 0x44 (0x7def58c0ca64 in /lib/x86_64-linux-gnu/libc.so.6)

[rank3]:[W421 05:04:49.715278899 ProcessGroupNCCL.cpp:1771] [PG ID 0 PG GUID 0(default_pg) Rank 3] Failed to check the "should dump" flag on TCPStore, (maybe TCPStore server has shut down too early), with error: Broken pipe
[rank6]:[W421 05:04:49.784106807 TCPStore.cpp:106] [c10d] sendBytes failed on SocketImpl(fd=90, addr=[8f9e71dd3259]:34828, remote=[8f9e71dd3259]:42409): Broken pipe
Exception raised from sendBytes at /pytorch/torch/csrc/distributed/c10d/Utils.hpp:653 (most recent call first):
frame #0: c10::Error::Error(c10::SourceLocation, std::__cxx11::basic_string<char, std::char_traits<char>, std::allocator<char> >) + 0x80 (0x77ca19b92b80 in /usr/local/lib/python3.12/dist-packages/torch/lib/libc10.so)
frame #1: <unknown function> + 0x5ffc5b1 (0x77c9fcacd5b1 in /usr/local/lib/python3.12/dist-packages/torch/lib/libtorch_cpu.so)
frame #2: <unknown function> + 0x5ffce42 (0x77c9fcacde42 in /usr/local/lib/python3.12/dist-packages/torch/lib/libtorch_cpu.so)
frame #3: <unknown function> + 0x5ffe94e (0x77c9fcacf94e in /usr/local/lib/python3.12/dist-packages/torch/lib/libtorch_cpu.so)
frame #4: c10d::TCPStore::check(std::vector<std::__cxx11::basic_string<char, std::char_traits<char>, std::allocator<char> >, std::allocator<std::__cxx11::basic_string<char, std::char_traits<char>, std::allocator<char> > > > const&) + 0x30e (0x77c9fcaca26e in /usr/local/lib/python3.12/dist-packages/torch/lib/libtorch_cpu.so)
frame #5: c10d::ProcessGroupNCCL::HeartbeatMonitor::runLoop() + 0x3c8 (0x77c9bb649868 in /usr/local/lib/python3.12/dist-packages/torch/lib/libtorch_cuda.so)
frame #6: <unknown function> + 0xecdb4 (0x77ca1cd97db4 in /lib/x86_64-linux-gnu/libstdc++.so.6)
frame #7: <unknown function> + 0x9caa4 (0x77ca1f816aa4 in /lib/x86_64-linux-gnu/libc.so.6)
frame #8: __clone + 0x44 (0x77ca1f8a3a64 in /lib/x86_64-linux-gnu/libc.so.6)

[rank6]:[W421 05:04:50.797181269 ProcessGroupNCCL.cpp:1771] [PG ID 0 PG GUID 0(default_pg) Rank 6] Failed to check the "should dump" flag on TCPStore, (maybe TCPStore server has shut down too early), with error: Broken pipe
[rank4]:[W421 05:04:50.399471390 TCPStore.cpp:106] [c10d] sendBytes failed on SocketImpl(fd=90, addr=[8f9e71dd3259]:34834, remote=[8f9e71dd3259]:42409): Broken pipe
Exception raised from sendBytes at /pytorch/torch/csrc/distributed/c10d/Utils.hpp:653 (most recent call first):
frame #0: c10::Error::Error(c10::SourceLocation, std::__cxx11::basic_string<char, std::char_traits<char>, std::allocator<char> >) + 0x80 (0x7b1211392b80 in /usr/local/lib/python3.12/dist-packages/torch/lib/libc10.so)
frame #1: <unknown function> + 0x5ffc5b1 (0x7b11f42cd5b1 in /usr/local/lib/python3.12/dist-packages/torch/lib/libtorch_cpu.so)
frame #2: <unknown function> + 0x5ffce42 (0x7b11f42cde42 in /usr/local/lib/python3.12/dist-packages/torch/lib/libtorch_cpu.so)
frame #3: <unknown function> + 0x5ffe94e (0x7b11f42cf94e in /usr/local/lib/python3.12/dist-packages/torch/lib/libtorch_cpu.so)
frame #4: c10d::TCPStore::check(std::vector<std::__cxx11::basic_string<char, std::char_traits<char>, std::allocator<char> >, std::allocator<std::__cxx11::basic_string<char, std::char_traits<char>, std::allocator<char> > > > const&) + 0x30e (0x7b11f42ca26e in /usr/local/lib/python3.12/dist-packages/torch/lib/libtorch_cpu.so)
frame #5: c10d::ProcessGroupNCCL::HeartbeatMonitor::runLoop() + 0x3c8 (0x7b11b2e49868 in /usr/local/lib/python3.12/dist-packages/torch/lib/libtorch_cuda.so)
frame #6: <unknown function> + 0xecdb4 (0x7b121458ddb4 in /lib/x86_64-linux-gnu/libstdc++.so.6)
frame #7: <unknown function> + 0x9caa4 (0x7b121700caa4 in /lib/x86_64-linux-gnu/libc.so.6)
frame #8: __clone + 0x44 (0x7b1217099a64 in /lib/x86_64-linux-gnu/libc.so.6)

[rank4]:[W421 05:04:50.412324609 ProcessGroupNCCL.cpp:1771] [PG ID 0 PG GUID 0(default_pg) Rank 4] Failed to check the "should dump" flag on TCPStore, (maybe TCPStore server has shut down too early), with error: Broken pipe
[rank0]:[W421 05:04:50.507323255 TCPStore.cpp:106] [c10d] sendBytes failed on SocketImpl(fd=90, addr=[8f9e71dd3259]:34854, remote=[8f9e71dd3259]:42409): Broken pipe
Exception raised from sendBytes at /pytorch/torch/csrc/distributed/c10d/Utils.hpp:653 (most recent call first):
frame #0: c10::Error::Error(c10::SourceLocation, std::__cxx11::basic_string<char, std::char_traits<char>, std::allocator<char> >) + 0x80 (0x7c8c8677cb80 in /usr/local/lib/python3.12/dist-packages/torch/lib/libc10.so)
frame #1: <unknown function> + 0x5ffc5b1 (0x7c8c69acd5b1 in /usr/local/lib/python3.12/dist-packages/torch/lib/libtorch_cpu.so)
frame #2: <unknown function> + 0x5ffce42 (0x7c8c69acde42 in /usr/local/lib/python3.12/dist-packages/torch/lib/libtorch_cpu.so)
frame #3: <unknown function> + 0x5ffe94e (0x7c8c69acf94e in /usr/local/lib/python3.12/dist-packages/torch/lib/libtorch_cpu.so)
frame #4: c10d::TCPStore::check(std::vector<std::__cxx11::basic_string<char, std::char_traits<char>, std::allocator<char> >, std::allocator<std::__cxx11::basic_string<char, std::char_traits<char>, std::allocator<char> > > > const&) + 0x30e (0x7c8c69aca26e in /usr/local/lib/python3.12/dist-packages/torch/lib/libtorch_cpu.so)
frame #5: c10d::ProcessGroupNCCL::HeartbeatMonitor::runLoop() + 0x3c8 (0x7c8c28649868 in /usr/local/lib/python3.12/dist-packages/torch/lib/libtorch_cuda.so)
frame #6: <unknown function> + 0xecdb4 (0x7c8c89d10db4 in /lib/x86_64-linux-gnu/libstdc++.so.6)
frame #7: <unknown function> + 0x9caa4 (0x7c8c8c78faa4 in /lib/x86_64-linux-gnu/libc.so.6)
frame #8: __clone + 0x44 (0x7c8c8c81ca64 in /lib/x86_64-linux-gnu/libc.so.6)

[rank0]:[W421 05:04:50.520229229 ProcessGroupNCCL.cpp:1771] [PG ID 0 PG GUID 0(default_pg) Rank 0] Failed to check the "should dump" flag on TCPStore, (maybe TCPStore server has shut down too early), with error: Broken pipe
[rank1]:[W421 05:04:50.508255281 TCPStore.cpp:106] [c10d] sendBytes failed on SocketImpl(fd=90, addr=[8f9e71dd3259]:34844, remote=[8f9e71dd3259]:42409): Broken pipe
Exception raised from sendBytes at /pytorch/torch/csrc/distributed/c10d/Utils.hpp:653 (most recent call first):
frame #0: c10::Error::Error(c10::SourceLocation, std::__cxx11::basic_string<char, std::char_traits<char>, std::allocator<char> >) + 0x80 (0x71a805570b80 in /usr/local/lib/python3.12/dist-packages/torch/lib/libc10.so)
frame #1: <unknown function> + 0x5ffc5b1 (0x71a8478cd5b1 in /usr/local/lib/python3.12/dist-packages/torch/lib/libtorch_cpu.so)
frame #2: <unknown function> + 0x5ffce42 (0x71a8478cde42 in /usr/local/lib/python3.12/dist-packages/torch/lib/libtorch_cpu.so)
frame #3: <unknown function> + 0x5ffe94e (0x71a8478cf94e in /usr/local/lib/python3.12/dist-packages/torch/lib/libtorch_cpu.so)
frame #4: c10d::TCPStore::check(std::vector<std::__cxx11::basic_string<char, std::char_traits<char>, std::allocator<char> >, std::allocator<std::__cxx11::basic_string<char, std::char_traits<char>, std::allocator<char> > > > const&) + 0x30e (0x71a8478ca26e in /usr/local/lib/python3.12/dist-packages/torch/lib/libtorch_cpu.so)
frame #5: c10d::ProcessGroupNCCL::HeartbeatMonitor::runLoop() + 0x3c8 (0x71a806449868 in /usr/local/lib/python3.12/dist-packages/torch/lib/libtorch_cuda.so)
frame #6: <unknown function> + 0xecdb4 (0x71a867a0cdb4 in /lib/x86_64-linux-gnu/libstdc++.so.6)
frame #7: <unknown function> + 0x9caa4 (0x71a86a48baa4 in /lib/x86_64-linux-gnu/libc.so.6)
frame #8: __clone + 0x44 (0x71a86a518a64 in /lib/x86_64-linux-gnu/libc.so.6)

[rank1]:[W421 05:04:50.521323081 ProcessGroupNCCL.cpp:1771] [PG ID 0 PG GUID 0(default_pg) Rank 1] Failed to check the "should dump" flag on TCPStore, (maybe TCPStore server has shut down too early), with error: Broken pipe
[rank2]:[W421 05:04:50.516756926 TCPStore.cpp:106] [c10d] sendBytes failed on SocketImpl(fd=90, addr=[8f9e71dd3259]:34868, remote=[8f9e71dd3259]:42409): Broken pipe
Exception raised from sendBytes at /pytorch/torch/csrc/distributed/c10d/Utils.hpp:653 (most recent call first):
frame #0: c10::Error::Error(c10::SourceLocation, std::__cxx11::basic_string<char, std::char_traits<char>, std::allocator<char> >) + 0x80 (0x7676c2970b80 in /usr/local/lib/python3.12/dist-packages/torch/lib/libc10.so)
frame #1: <unknown function> + 0x5ffc5b1 (0x767704ccd5b1 in /usr/local/lib/python3.12/dist-packages/torch/lib/libtorch_cpu.so)
frame #2: <unknown function> + 0x5ffce42 (0x767704ccde42 in /usr/local/lib/python3.12/dist-packages/torch/lib/libtorch_cpu.so)
frame #3: <unknown function> + 0x5ffe94e (0x767704ccf94e in /usr/local/lib/python3.12/dist-packages/torch/lib/libtorch_cpu.so)
frame #4: c10d::TCPStore::check(std::vector<std::__cxx11::basic_string<char, std::char_traits<char>, std::allocator<char> >, std::allocator<std::__cxx11::basic_string<char, std::char_traits<char>, std::allocator<char> > > > const&) + 0x30e (0x767704cca26e in /usr/local/lib/python3.12/dist-packages/torch/lib/libtorch_cpu.so)
frame #5: c10d::ProcessGroupNCCL::HeartbeatMonitor::runLoop() + 0x3c8 (0x7676c3849868 in /usr/local/lib/python3.12/dist-packages/torch/lib/libtorch_cuda.so)
frame #6: <unknown function> + 0xecdb4 (0x767724e02db4 in /lib/x86_64-linux-gnu/libstdc++.so.6)
frame #7: <unknown function> + 0x9caa4 (0x767727881aa4 in /lib/x86_64-linux-gnu/libc.so.6)
frame #8: __clone + 0x44 (0x76772790ea64 in /lib/x86_64-linux-gnu/libc.so.6)

[rank2]:[W421 05:04:50.529770699 ProcessGroupNCCL.cpp:1771] [PG ID 0 PG GUID 0(default_pg) Rank 2] Failed to check the "should dump" flag on TCPStore, (maybe TCPStore server has shut down too early), with error: Broken pipe
[rank7]:[W421 05:04:50.518081370 TCPStore.cpp:106] [c10d] sendBytes failed on SocketImpl(fd=90, addr=[8f9e71dd3259]:34862, remote=[8f9e71dd3259]:42409): Broken pipe
Exception raised from sendBytes at /pytorch/torch/csrc/distributed/c10d/Utils.hpp:653 (most recent call first):
frame #0: c10::Error::Error(c10::SourceLocation, std::__cxx11::basic_string<char, std::char_traits<char>, std::allocator<char> >) + 0x80 (0x73ea2317cb80 in /usr/local/lib/python3.12/dist-packages/torch/lib/libc10.so)
frame #1: <unknown function> + 0x5ffc5b1 (0x73ea064cd5b1 in /usr/local/lib/python3.12/dist-packages/torch/lib/libtorch_cpu.so)
frame #2: <unknown function> + 0x5ffce42 (0x73ea064cde42 in /usr/local/lib/python3.12/dist-packages/torch/lib/libtorch_cpu.so)
frame #3: <unknown function> + 0x5ffe94e (0x73ea064cf94e in /usr/local/lib/python3.12/dist-packages/torch/lib/libtorch_cpu.so)
frame #4: c10d::TCPStore::check(std::vector<std::__cxx11::basic_string<char, std::char_traits<char>, std::allocator<char> >, std::allocator<std::__cxx11::basic_string<char, std::char_traits<char>, std::allocator<char> > > > const&) + 0x30e (0x73ea064ca26e in /usr/local/lib/python3.12/dist-packages/torch/lib/libtorch_cpu.so)
frame #5: c10d::ProcessGroupNCCL::HeartbeatMonitor::runLoop() + 0x3c8 (0x73e9c5049868 in /usr/local/lib/python3.12/dist-packages/torch/lib/libtorch_cuda.so)
frame #6: <unknown function> + 0xecdb4 (0x73ea2670adb4 in /lib/x86_64-linux-gnu/libstdc++.so.6)
frame #7: <unknown function> + 0x9caa4 (0x73ea29189aa4 in /lib/x86_64-linux-gnu/libc.so.6)
frame #8: __clone + 0x44 (0x73ea29216a64 in /lib/x86_64-linux-gnu/libc.so.6)

[rank7]:[W421 05:04:50.531245668 ProcessGroupNCCL.cpp:1771] [PG ID 0 PG GUID 0(default_pg) Rank 7] Failed to check the "should dump" flag on TCPStore, (maybe TCPStore server has shut down too early), with error: Broken pipe
[rank5]:[W421 05:04:50.623319374 TCPStore.cpp:106] [c10d] sendBytes failed on SocketImpl(fd=90, addr=[8f9e71dd3259]:34814, remote=[8f9e71dd3259]:42409): Broken pipe
Exception raised from sendBytes at /pytorch/torch/csrc/distributed/c10d/Utils.hpp:653 (most recent call first):
frame #0: c10::Error::Error(c10::SourceLocation, std::__cxx11::basic_string<char, std::char_traits<char>, std::allocator<char> >) + 0x80 (0x7c605f57cb80 in /usr/local/lib/python3.12/dist-packages/torch/lib/libc10.so)
frame #1: <unknown function> + 0x5ffc5b1 (0x7c60428cd5b1 in /usr/local/lib/python3.12/dist-packages/torch/lib/libtorch_cpu.so)
frame #2: <unknown function> + 0x5ffce42 (0x7c60428cde42 in /usr/local/lib/python3.12/dist-packages/torch/lib/libtorch_cpu.so)
frame #3: <unknown function> + 0x5ffe94e (0x7c60428cf94e in /usr/local/lib/python3.12/dist-packages/torch/lib/libtorch_cpu.so)
frame #4: c10d::TCPStore::check(std::vector<std::__cxx11::basic_string<char, std::char_traits<char>, std::allocator<char> >, std::allocator<std::__cxx11::basic_string<char, std::char_traits<char>, std::allocator<char> > > > const&) + 0x30e (0x7c60428ca26e in /usr/local/lib/python3.12/dist-packages/torch/lib/libtorch_cpu.so)
frame #5: c10d::ProcessGroupNCCL::HeartbeatMonitor::runLoop() + 0x3c8 (0x7c6001449868 in /usr/local/lib/python3.12/dist-packages/torch/lib/libtorch_cuda.so)
frame #6: <unknown function> + 0xecdb4 (0x7c6062b44db4 in /lib/x86_64-linux-gnu/libstdc++.so.6)
frame #7: <unknown function> + 0x9caa4 (0x7c60655c3aa4 in /lib/x86_64-linux-gnu/libc.so.6)
frame #8: __clone + 0x44 (0x7c6065650a64 in /lib/x86_64-linux-gnu/libc.so.6)

[rank5]:[W421 05:04:50.636208234 ProcessGroupNCCL.cpp:1771] [PG ID 0 PG GUID 0(default_pg) Rank 5] Failed to check the "should dump" flag on TCPStore, (maybe TCPStore server has shut down too early), with error: Broken pipe
[rank3]:[W421 05:04:50.715444814 TCPStore.cpp:106] [c10d] sendBytes failed on SocketImpl(fd=90, addr=[8f9e71dd3259]:34820, remote=[8f9e71dd3259]:42409): Broken pipe
Exception raised from sendBytes at /pytorch/torch/csrc/distributed/c10d/Utils.hpp:653 (most recent call first):
frame #0: c10::Error::Error(c10::SourceLocation, std::__cxx11::basic_string<char, std::char_traits<char>, std::allocator<char> >) + 0x80 (0x7def52b7cb80 in /usr/local/lib/python3.12/dist-packages/torch/lib/libc10.so)
frame #1: <unknown function> + 0x5ffc5b1 (0x7def35ecd5b1 in /usr/local/lib/python3.12/dist-packages/torch/lib/libtorch_cpu.so)
frame #2: <unknown function> + 0x5ffce42 (0x7def35ecde42 in /usr/local/lib/python3.12/dist-packages/torch/lib/libtorch_cpu.so)
frame #3: <unknown function> + 0x5ffe94e (0x7def35ecf94e in /usr/local/lib/python3.12/dist-packages/torch/lib/libtorch_cpu.so)
frame #4: c10d::TCPStore::check(std::vector<std::__cxx11::basic_string<char, std::char_traits<char>, std::allocator<char> >, std::allocator<std::__cxx11::basic_string<char, std::char_traits<char>, std::allocator<char> > > > const&) + 0x30e (0x7def35eca26e in /usr/local/lib/python3.12/dist-packages/torch/lib/libtorch_cpu.so)
frame #5: c10d::ProcessGroupNCCL::HeartbeatMonitor::runLoop() + 0x3c8 (0x7deef4a49868 in /usr/local/lib/python3.12/dist-packages/torch/lib/libtorch_cuda.so)
frame #6: <unknown function> + 0xecdb4 (0x7def56100db4 in /lib/x86_64-linux-gnu/libstdc++.so.6)
frame #7: <unknown function> + 0x9caa4 (0x7def58b7faa4 in /lib/x86_64-linux-gnu/libc.so.6)
frame #8: __clone + 0x44 (0x7def58c0ca64 in /lib/x86_64-linux-gnu/libc.so.6)

[rank3]:[W421 05:04:50.728666928 ProcessGroupNCCL.cpp:1771] [PG ID 0 PG GUID 0(default_pg) Rank 3] Failed to check the "should dump" flag on TCPStore, (maybe TCPStore server has shut down too early), with error: Broken pipe
[rank6]:[W421 05:04:51.797335989 TCPStore.cpp:106] [c10d] sendBytes failed on SocketImpl(fd=90, addr=[8f9e71dd3259]:34828, remote=[8f9e71dd3259]:42409): Broken pipe
Exception raised from sendBytes at /pytorch/torch/csrc/distributed/c10d/Utils.hpp:653 (most recent call first):
frame #0: c10::Error::Error(c10::SourceLocation, std::__cxx11::basic_string<char, std::char_traits<char>, std::allocator<char> >) + 0x80 (0x77ca19b92b80 in /usr/local/lib/python3.12/dist-packages/torch/lib/libc10.so)
frame #1: <unknown function> + 0x5ffc5b1 (0x77c9fcacd5b1 in /usr/local/lib/python3.12/dist-packages/torch/lib/libtorch_cpu.so)
frame #2: <unknown function> + 0x5ffce42 (0x77c9fcacde42 in /usr/local/lib/python3.12/dist-packages/torch/lib/libtorch_cpu.so)
frame #3: <unknown function> + 0x5ffe94e (0x77c9fcacf94e in /usr/local/lib/python3.12/dist-packages/torch/lib/libtorch_cpu.so)
frame #4: c10d::TCPStore::check(std::vector<std::__cxx11::basic_string<char, std::char_traits<char>, std::allocator<char> >, std::allocator<std::__cxx11::basic_string<char, std::char_traits<char>, std::allocator<char> > > > const&) + 0x30e (0x77c9fcaca26e in /usr/local/lib/python3.12/dist-packages/torch/lib/libtorch_cpu.so)
frame #5: c10d::ProcessGroupNCCL::HeartbeatMonitor::runLoop() + 0x3c8 (0x77c9bb649868 in /usr/local/lib/python3.12/dist-packages/torch/lib/libtorch_cuda.so)
frame #6: <unknown function> + 0xecdb4 (0x77ca1cd97db4 in /lib/x86_64-linux-gnu/libstdc++.so.6)
frame #7: <unknown function> + 0x9caa4 (0x77ca1f816aa4 in /lib/x86_64-linux-gnu/libc.so.6)
frame #8: __clone + 0x44 (0x77ca1f8a3a64 in /lib/x86_64-linux-gnu/libc.so.6)

[rank6]:[W421 05:04:51.810312446 ProcessGroupNCCL.cpp:1771] [PG ID 0 PG GUID 0(default_pg) Rank 6] Failed to check the "should dump" flag on TCPStore, (maybe TCPStore server has shut down too early), with error: Broken pipe
[rank4]:[W421 05:04:51.412435787 TCPStore.cpp:106] [c10d] sendBytes failed on SocketImpl(fd=90, addr=[8f9e71dd3259]:34834, remote=[8f9e71dd3259]:42409): Broken pipe
Exception raised from sendBytes at /pytorch/torch/csrc/distributed/c10d/Utils.hpp:653 (most recent call first):
frame #0: c10::Error::Error(c10::SourceLocation, std::__cxx11::basic_string<char, std::char_traits<char>, std::allocator<char> >) + 0x80 (0x7b1211392b80 in /usr/local/lib/python3.12/dist-packages/torch/lib/libc10.so)
frame #1: <unknown function> + 0x5ffc5b1 (0x7b11f42cd5b1 in /usr/local/lib/python3.12/dist-packages/torch/lib/libtorch_cpu.so)
frame #2: <unknown function> + 0x5ffce42 (0x7b11f42cde42 in /usr/local/lib/python3.12/dist-packages/torch/lib/libtorch_cpu.so)
frame #3: <unknown function> + 0x5ffe94e (0x7b11f42cf94e in /usr/local/lib/python3.12/dist-packages/torch/lib/libtorch_cpu.so)
frame #4: c10d::TCPStore::check(std::vector<std::__cxx11::basic_string<char, std::char_traits<char>, std::allocator<char> >, std::allocator<std::__cxx11::basic_string<char, std::char_traits<char>, std::allocator<char> > > > const&) + 0x30e (0x7b11f42ca26e in /usr/local/lib/python3.12/dist-packages/torch/lib/libtorch_cpu.so)
frame #5: c10d::ProcessGroupNCCL::HeartbeatMonitor::runLoop() + 0x3c8 (0x7b11b2e49868 in /usr/local/lib/python3.12/dist-packages/torch/lib/libtorch_cuda.so)
frame #6: <unknown function> + 0xecdb4 (0x7b121458ddb4 in /lib/x86_64-linux-gnu/libstdc++.so.6)
frame #7: <unknown function> + 0x9caa4 (0x7b121700caa4 in /lib/x86_64-linux-gnu/libc.so.6)
frame #8: __clone + 0x44 (0x7b1217099a64 in /lib/x86_64-linux-gnu/libc.so.6)

[rank4]:[W421 05:04:51.425446489 ProcessGroupNCCL.cpp:1771] [PG ID 0 PG GUID 0(default_pg) Rank 4] Failed to check the "should dump" flag on TCPStore, (maybe TCPStore server has shut down too early), with error: Broken pipe
[rank0]:[W421 05:04:51.520337720 TCPStore.cpp:106] [c10d] sendBytes failed on SocketImpl(fd=90, addr=[8f9e71dd3259]:34854, remote=[8f9e71dd3259]:42409): Broken pipe
Exception raised from sendBytes at /pytorch/torch/csrc/distributed/c10d/Utils.hpp:653 (most recent call first):
frame #0: c10::Error::Error(c10::SourceLocation, std::__cxx11::basic_string<char, std::char_traits<char>, std::allocator<char> >) + 0x80 (0x7c8c8677cb80 in /usr/local/lib/python3.12/dist-packages/torch/lib/libc10.so)
frame #1: <unknown function> + 0x5ffc5b1 (0x7c8c69acd5b1 in /usr/local/lib/python3.12/dist-packages/torch/lib/libtorch_cpu.so)
frame #2: <unknown function> + 0x5ffce42 (0x7c8c69acde42 in /usr/local/lib/python3.12/dist-packages/torch/lib/libtorch_cpu.so)
frame #3: <unknown function> + 0x5ffe94e (0x7c8c69acf94e in /usr/local/lib/python3.12/dist-packages/torch/lib/libtorch_cpu.so)
frame #4: c10d::TCPStore::check(std::vector<std::__cxx11::basic_string<char, std::char_traits<char>, std::allocator<char> >, std::allocator<std::__cxx11::basic_string<char, std::char_traits<char>, std::allocator<char> > > > const&) + 0x30e (0x7c8c69aca26e in /usr/local/lib/python3.12/dist-packages/torch/lib/libtorch_cpu.so)
frame #5: c10d::ProcessGroupNCCL::HeartbeatMonitor::runLoop() + 0x3c8 (0x7c8c28649868 in /usr/local/lib/python3.12/dist-packages/torch/lib/libtorch_cuda.so)
frame #6: <unknown function> + 0xecdb4 (0x7c8c89d10db4 in /lib/x86_64-linux-gnu/libstdc++.so.6)
frame #7: <unknown function> + 0x9caa4 (0x7c8c8c78faa4 in /lib/x86_64-linux-gnu/libc.so.6)
frame #8: __clone + 0x44 (0x7c8c8c81ca64 in /lib/x86_64-linux-gnu/libc.so.6)

[rank0]:[W421 05:04:51.533116717 ProcessGroupNCCL.cpp:1771] [PG ID 0 PG GUID 0(default_pg) Rank 0] Failed to check the "should dump" flag on TCPStore, (maybe TCPStore server has shut down too early), with error: Broken pipe
[rank1]:[W421 05:04:51.521444392 TCPStore.cpp:106] [c10d] sendBytes failed on SocketImpl(fd=90, addr=[8f9e71dd3259]:34844, remote=[8f9e71dd3259]:42409): Broken pipe
Exception raised from sendBytes at /pytorch/torch/csrc/distributed/c10d/Utils.hpp:653 (most recent call first):
frame #0: c10::Error::Error(c10::SourceLocation, std::__cxx11::basic_string<char, std::char_traits<char>, std::allocator<char> >) + 0x80 (0x71a805570b80 in /usr/local/lib/python3.12/dist-packages/torch/lib/libc10.so)
frame #1: <unknown function> + 0x5ffc5b1 (0x71a8478cd5b1 in /usr/local/lib/python3.12/dist-packages/torch/lib/libtorch_cpu.so)
frame #2: <unknown function> + 0x5ffce42 (0x71a8478cde42 in /usr/local/lib/python3.12/dist-packages/torch/lib/libtorch_cpu.so)
frame #3: <unknown function> + 0x5ffe94e (0x71a8478cf94e in /usr/local/lib/python3.12/dist-packages/torch/lib/libtorch_cpu.so)
frame #4: c10d::TCPStore::check(std::vector<std::__cxx11::basic_string<char, std::char_traits<char>, std::allocator<char> >, std::allocator<std::__cxx11::basic_string<char, std::char_traits<char>, std::allocator<char> > > > const&) + 0x30e (0x71a8478ca26e in /usr/local/lib/python3.12/dist-packages/torch/lib/libtorch_cpu.so)
frame #5: c10d::ProcessGroupNCCL::HeartbeatMonitor::runLoop() + 0x3c8 (0x71a806449868 in /usr/local/lib/python3.12/dist-packages/torch/lib/libtorch_cuda.so)
frame #6: <unknown function> + 0xecdb4 (0x71a867a0cdb4 in /lib/x86_64-linux-gnu/libstdc++.so.6)
frame #7: <unknown function> + 0x9caa4 (0x71a86a48baa4 in /lib/x86_64-linux-gnu/libc.so.6)
frame #8: __clone + 0x44 (0x71a86a518a64 in /lib/x86_64-linux-gnu/libc.so.6)

[rank1]:[W421 05:04:51.534404621 ProcessGroupNCCL.cpp:1771] [PG ID 0 PG GUID 0(default_pg) Rank 1] Failed to check the "should dump" flag on TCPStore, (maybe TCPStore server has shut down too early), with error: Broken pipe
[rank2]:[W421 05:04:51.529908751 TCPStore.cpp:106] [c10d] sendBytes failed on SocketImpl(fd=90, addr=[8f9e71dd3259]:34868, remote=[8f9e71dd3259]:42409): Broken pipe
Exception raised from sendBytes at /pytorch/torch/csrc/distributed/c10d/Utils.hpp:653 (most recent call first):
frame #0: c10::Error::Error(c10::SourceLocation, std::__cxx11::basic_string<char, std::char_traits<char>, std::allocator<char> >) + 0x80 (0x7676c2970b80 in /usr/local/lib/python3.12/dist-packages/torch/lib/libc10.so)
frame #1: <unknown function> + 0x5ffc5b1 (0x767704ccd5b1 in /usr/local/lib/python3.12/dist-packages/torch/lib/libtorch_cpu.so)
frame #2: <unknown function> + 0x5ffce42 (0x767704ccde42 in /usr/local/lib/python3.12/dist-packages/torch/lib/libtorch_cpu.so)
frame #3: <unknown function> + 0x5ffe94e (0x767704ccf94e in /usr/local/lib/python3.12/dist-packages/torch/lib/libtorch_cpu.so)
frame #4: c10d::TCPStore::check(std::vector<std::__cxx11::basic_string<char, std::char_traits<char>, std::allocator<char> >, std::allocator<std::__cxx11::basic_string<char, std::char_traits<char>, std::allocator<char> > > > const&) + 0x30e (0x767704cca26e in /usr/local/lib/python3.12/dist-packages/torch/lib/libtorch_cpu.so)
frame #5: c10d::ProcessGroupNCCL::HeartbeatMonitor::runLoop() + 0x3c8 (0x7676c3849868 in /usr/local/lib/python3.12/dist-packages/torch/lib/libtorch_cuda.so)
frame #6: <unknown function> + 0xecdb4 (0x767724e02db4 in /lib/x86_64-linux-gnu/libstdc++.so.6)
frame #7: <unknown function> + 0x9caa4 (0x767727881aa4 in /lib/x86_64-linux-gnu/libc.so.6)
frame #8: __clone + 0x44 (0x76772790ea64 in /lib/x86_64-linux-gnu/libc.so.6)

[rank2]:[W421 05:04:51.543138787 ProcessGroupNCCL.cpp:1771] [PG ID 0 PG GUID 0(default_pg) Rank 2] Failed to check the "should dump" flag on TCPStore, (maybe TCPStore server has shut down too early), with error: Broken pipe
[rank7]:[W421 05:04:51.531396123 TCPStore.cpp:106] [c10d] sendBytes failed on SocketImpl(fd=90, addr=[8f9e71dd3259]:34862, remote=[8f9e71dd3259]:42409): Broken pipe
Exception raised from sendBytes at /pytorch/torch/csrc/distributed/c10d/Utils.hpp:653 (most recent call first):
frame #0: c10::Error::Error(c10::SourceLocation, std::__cxx11::basic_string<char, std::char_traits<char>, std::allocator<char> >) + 0x80 (0x73ea2317cb80 in /usr/local/lib/python3.12/dist-packages/torch/lib/libc10.so)
frame #1: <unknown function> + 0x5ffc5b1 (0x73ea064cd5b1 in /usr/local/lib/python3.12/dist-packages/torch/lib/libtorch_cpu.so)
frame #2: <unknown function> + 0x5ffce42 (0x73ea064cde42 in /usr/local/lib/python3.12/dist-packages/torch/lib/libtorch_cpu.so)
frame #3: <unknown function> + 0x5ffe94e (0x73ea064cf94e in /usr/local/lib/python3.12/dist-packages/torch/lib/libtorch_cpu.so)
frame #4: c10d::TCPStore::check(std::vector<std::__cxx11::basic_string<char, std::char_traits<char>, std::allocator<char> >, std::allocator<std::__cxx11::basic_string<char, std::char_traits<char>, std::allocator<char> > > > const&) + 0x30e (0x73ea064ca26e in /usr/local/lib/python3.12/dist-packages/torch/lib/libtorch_cpu.so)
frame #5: c10d::ProcessGroupNCCL::HeartbeatMonitor::runLoop() + 0x3c8 (0x73e9c5049868 in /usr/local/lib/python3.12/dist-packages/torch/lib/libtorch_cuda.so)
frame #6: <unknown function> + 0xecdb4 (0x73ea2670adb4 in /lib/x86_64-linux-gnu/libstdc++.so.6)
frame #7: <unknown function> + 0x9caa4 (0x73ea29189aa4 in /lib/x86_64-linux-gnu/libc.so.6)
frame #8: __clone + 0x44 (0x73ea29216a64 in /lib/x86_64-linux-gnu/libc.so.6)

[rank7]:[W421 05:04:51.544603912 ProcessGroupNCCL.cpp:1771] [PG ID 0 PG GUID 0(default_pg) Rank 7] Failed to check the "should dump" flag on TCPStore, (maybe TCPStore server has shut down too early), with error: Broken pipe
[rank5]:[W421 05:04:51.636297270 TCPStore.cpp:106] [c10d] sendBytes failed on SocketImpl(fd=90, addr=[8f9e71dd3259]:34814, remote=[8f9e71dd3259]:42409): Broken pipe
Exception raised from sendBytes at /pytorch/torch/csrc/distributed/c10d/Utils.hpp:653 (most recent call first):
frame #0: c10::Error::Error(c10::SourceLocation, std::__cxx11::basic_string<char, std::char_traits<char>, std::allocator<char> >) + 0x80 (0x7c605f57cb80 in /usr/local/lib/python3.12/dist-packages/torch/lib/libc10.so)
frame #1: <unknown function> + 0x5ffc5b1 (0x7c60428cd5b1 in /usr/local/lib/python3.12/dist-packages/torch/lib/libtorch_cpu.so)
frame #2: <unknown function> + 0x5ffce42 (0x7c60428cde42 in /usr/local/lib/python3.12/dist-packages/torch/lib/libtorch_cpu.so)
frame #3: <unknown function> + 0x5ffe94e (0x7c60428cf94e in /usr/local/lib/python3.12/dist-packages/torch/lib/libtorch_cpu.so)
frame #4: c10d::TCPStore::check(std::vector<std::__cxx11::basic_string<char, std::char_traits<char>, std::allocator<char> >, std::allocator<std::__cxx11::basic_string<char, std::char_traits<char>, std::allocator<char> > > > const&) + 0x30e (0x7c60428ca26e in /usr/local/lib/python3.12/dist-packages/torch/lib/libtorch_cpu.so)
frame #5: c10d::ProcessGroupNCCL::HeartbeatMonitor::runLoop() + 0x3c8 (0x7c6001449868 in /usr/local/lib/python3.12/dist-packages/torch/lib/libtorch_cuda.so)
frame #6: <unknown function> + 0xecdb4 (0x7c6062b44db4 in /lib/x86_64-linux-gnu/libstdc++.so.6)
frame #7: <unknown function> + 0x9caa4 (0x7c60655c3aa4 in /lib/x86_64-linux-gnu/libc.so.6)
frame #8: __clone + 0x44 (0x7c6065650a64 in /lib/x86_64-linux-gnu/libc.so.6)

[rank5]:[W421 05:04:51.648997810 ProcessGroupNCCL.cpp:1771] [PG ID 0 PG GUID 0(default_pg) Rank 5] Failed to check the "should dump" flag on TCPStore, (maybe TCPStore server has shut down too early), with error: Broken pipe
[rank3]:[W421 05:04:51.728810152 TCPStore.cpp:106] [c10d] sendBytes failed on SocketImpl(fd=90, addr=[8f9e71dd3259]:34820, remote=[8f9e71dd3259]:42409): Broken pipe
Exception raised from sendBytes at /pytorch/torch/csrc/distributed/c10d/Utils.hpp:653 (most recent call first):
frame #0: c10::Error::Error(c10::SourceLocation, std::__cxx11::basic_string<char, std::char_traits<char>, std::allocator<char> >) + 0x80 (0x7def52b7cb80 in /usr/local/lib/python3.12/dist-packages/torch/lib/libc10.so)
frame #1: <unknown function> + 0x5ffc5b1 (0x7def35ecd5b1 in /usr/local/lib/python3.12/dist-packages/torch/lib/libtorch_cpu.so)
frame #2: <unknown function> + 0x5ffce42 (0x7def35ecde42 in /usr/local/lib/python3.12/dist-packages/torch/lib/libtorch_cpu.so)
frame #3: <unknown function> + 0x5ffe94e (0x7def35ecf94e in /usr/local/lib/python3.12/dist-packages/torch/lib/libtorch_cpu.so)
frame #4: c10d::TCPStore::check(std::vector<std::__cxx11::basic_string<char, std::char_traits<char>, std::allocator<char> >, std::allocator<std::__cxx11::basic_string<char, std::char_traits<char>, std::allocator<char> > > > const&) + 0x30e (0x7def35eca26e in /usr/local/lib/python3.12/dist-packages/torch/lib/libtorch_cpu.so)
frame #5: c10d::ProcessGroupNCCL::HeartbeatMonitor::runLoop() + 0x3c8 (0x7deef4a49868 in /usr/local/lib/python3.12/dist-packages/torch/lib/libtorch_cuda.so)
frame #6: <unknown function> + 0xecdb4 (0x7def56100db4 in /lib/x86_64-linux-gnu/libstdc++.so.6)
frame #7: <unknown function> + 0x9caa4 (0x7def58b7faa4 in /lib/x86_64-linux-gnu/libc.so.6)
frame #8: __clone + 0x44 (0x7def58c0ca64 in /lib/x86_64-linux-gnu/libc.so.6)

[rank3]:[W421 05:04:51.741859925 ProcessGroupNCCL.cpp:1771] [PG ID 0 PG GUID 0(default_pg) Rank 3] Failed to check the "should dump" flag on TCPStore, (maybe TCPStore server has shut down too early), with error: Broken pipe
[rank6]:[W421 05:04:52.810453532 TCPStore.cpp:106] [c10d] sendBytes failed on SocketImpl(fd=90, addr=[8f9e71dd3259]:34828, remote=[8f9e71dd3259]:42409): Broken pipe
Exception raised from sendBytes at /pytorch/torch/csrc/distributed/c10d/Utils.hpp:653 (most recent call first):
frame #0: c10::Error::Error(c10::SourceLocation, std::__cxx11::basic_string<char, std::char_traits<char>, std::allocator<char> >) + 0x80 (0x77ca19b92b80 in /usr/local/lib/python3.12/dist-packages/torch/lib/libc10.so)
frame #1: <unknown function> + 0x5ffc5b1 (0x77c9fcacd5b1 in /usr/local/lib/python3.12/dist-packages/torch/lib/libtorch_cpu.so)
frame #2: <unknown function> + 0x5ffce42 (0x77c9fcacde42 in /usr/local/lib/python3.12/dist-packages/torch/lib/libtorch_cpu.so)
frame #3: <unknown function> + 0x5ffe94e (0x77c9fcacf94e in /usr/local/lib/python3.12/dist-packages/torch/lib/libtorch_cpu.so)
frame #4: c10d::TCPStore::check(std::vector<std::__cxx11::basic_string<char, std::char_traits<char>, std::allocator<char> >, std::allocator<std::__cxx11::basic_string<char, std::char_traits<char>, std::allocator<char> > > > const&) + 0x30e (0x77c9fcaca26e in /usr/local/lib/python3.12/dist-packages/torch/lib/libtorch_cpu.so)
frame #5: c10d::ProcessGroupNCCL::HeartbeatMonitor::runLoop() + 0x3c8 (0x77c9bb649868 in /usr/local/lib/python3.12/dist-packages/torch/lib/libtorch_cuda.so)
frame #6: <unknown function> + 0xecdb4 (0x77ca1cd97db4 in /lib/x86_64-linux-gnu/libstdc++.so.6)
frame #7: <unknown function> + 0x9caa4 (0x77ca1f816aa4 in /lib/x86_64-linux-gnu/libc.so.6)
frame #8: __clone + 0x44 (0x77ca1f8a3a64 in /lib/x86_64-linux-gnu/libc.so.6)

[rank6]:[W421 05:04:52.823522598 ProcessGroupNCCL.cpp:1771] [PG ID 0 PG GUID 0(default_pg) Rank 6] Failed to check the "should dump" flag on TCPStore, (maybe TCPStore server has shut down too early), with error: Broken pipe
[rank4]:[W421 05:04:52.425564129 TCPStore.cpp:106] [c10d] sendBytes failed on SocketImpl(fd=90, addr=[8f9e71dd3259]:34834, remote=[8f9e71dd3259]:42409): Broken pipe
Exception raised from sendBytes at /pytorch/torch/csrc/distributed/c10d/Utils.hpp:653 (most recent call first):
frame #0: c10::Error::Error(c10::SourceLocation, std::__cxx11::basic_string<char, std::char_traits<char>, std::allocator<char> >) + 0x80 (0x7b1211392b80 in /usr/local/lib/python3.12/dist-packages/torch/lib/libc10.so)
frame #1: <unknown function> + 0x5ffc5b1 (0x7b11f42cd5b1 in /usr/local/lib/python3.12/dist-packages/torch/lib/libtorch_cpu.so)
frame #2: <unknown function> + 0x5ffce42 (0x7b11f42cde42 in /usr/local/lib/python3.12/dist-packages/torch/lib/libtorch_cpu.so)
frame #3: <unknown function> + 0x5ffe94e (0x7b11f42cf94e in /usr/local/lib/python3.12/dist-packages/torch/lib/libtorch_cpu.so)
frame #4: c10d::TCPStore::check(std::vector<std::__cxx11::basic_string<char, std::char_traits<char>, std::allocator<char> >, std::allocator<std::__cxx11::basic_string<char, std::char_traits<char>, std::allocator<char> > > > const&) + 0x30e (0x7b11f42ca26e in /usr/local/lib/python3.12/dist-packages/torch/lib/libtorch_cpu.so)
frame #5: c10d::ProcessGroupNCCL::HeartbeatMonitor::runLoop() + 0x3c8 (0x7b11b2e49868 in /usr/local/lib/python3.12/dist-packages/torch/lib/libtorch_cuda.so)
frame #6: <unknown function> + 0xecdb4 (0x7b121458ddb4 in /lib/x86_64-linux-gnu/libstdc++.so.6)
frame #7: <unknown function> + 0x9caa4 (0x7b121700caa4 in /lib/x86_64-linux-gnu/libc.so.6)
frame #8: __clone + 0x44 (0x7b1217099a64 in /lib/x86_64-linux-gnu/libc.so.6)

[rank4]:[W421 05:04:52.438503319 ProcessGroupNCCL.cpp:1771] [PG ID 0 PG GUID 0(default_pg) Rank 4] Failed to check the "should dump" flag on TCPStore, (maybe TCPStore server has shut down too early), with error: Broken pipe
[rank0]:[W421 05:04:52.533225499 TCPStore.cpp:106] [c10d] sendBytes failed on SocketImpl(fd=90, addr=[8f9e71dd3259]:34854, remote=[8f9e71dd3259]:42409): Broken pipe
Exception raised from sendBytes at /pytorch/torch/csrc/distributed/c10d/Utils.hpp:653 (most recent call first):
frame #0: c10::Error::Error(c10::SourceLocation, std::__cxx11::basic_string<char, std::char_traits<char>, std::allocator<char> >) + 0x80 (0x7c8c8677cb80 in /usr/local/lib/python3.12/dist-packages/torch/lib/libc10.so)
frame #1: <unknown function> + 0x5ffc5b1 (0x7c8c69acd5b1 in /usr/local/lib/python3.12/dist-packages/torch/lib/libtorch_cpu.so)
frame #2: <unknown function> + 0x5ffce42 (0x7c8c69acde42 in /usr/local/lib/python3.12/dist-packages/torch/lib/libtorch_cpu.so)
frame #3: <unknown function> + 0x5ffe94e (0x7c8c69acf94e in /usr/local/lib/python3.12/dist-packages/torch/lib/libtorch_cpu.so)
frame #4: c10d::TCPStore::check(std::vector<std::__cxx11::basic_string<char, std::char_traits<char>, std::allocator<char> >, std::allocator<std::__cxx11::basic_string<char, std::char_traits<char>, std::allocator<char> > > > const&) + 0x30e (0x7c8c69aca26e in /usr/local/lib/python3.12/dist-packages/torch/lib/libtorch_cpu.so)
frame #5: c10d::ProcessGroupNCCL::HeartbeatMonitor::runLoop() + 0x3c8 (0x7c8c28649868 in /usr/local/lib/python3.12/dist-packages/torch/lib/libtorch_cuda.so)
frame #6: <unknown function> + 0xecdb4 (0x7c8c89d10db4 in /lib/x86_64-linux-gnu/libstdc++.so.6)
frame #7: <unknown function> + 0x9caa4 (0x7c8c8c78faa4 in /lib/x86_64-linux-gnu/libc.so.6)
frame #8: __clone + 0x44 (0x7c8c8c81ca64 in /lib/x86_64-linux-gnu/libc.so.6)

[rank0]:[W421 05:04:52.546164382 ProcessGroupNCCL.cpp:1771] [PG ID 0 PG GUID 0(default_pg) Rank 0] Failed to check the "should dump" flag on TCPStore, (maybe TCPStore server has shut down too early), with error: Broken pipe
[rank1]:[W421 05:04:52.534511278 TCPStore.cpp:106] [c10d] sendBytes failed on SocketImpl(fd=90, addr=[8f9e71dd3259]:34844, remote=[8f9e71dd3259]:42409): Broken pipe
Exception raised from sendBytes at /pytorch/torch/csrc/distributed/c10d/Utils.hpp:653 (most recent call first):
frame #0: c10::Error::Error(c10::SourceLocation, std::__cxx11::basic_string<char, std::char_traits<char>, std::allocator<char> >) + 0x80 (0x71a805570b80 in /usr/local/lib/python3.12/dist-packages/torch/lib/libc10.so)
frame #1: <unknown function> + 0x5ffc5b1 (0x71a8478cd5b1 in /usr/local/lib/python3.12/dist-packages/torch/lib/libtorch_cpu.so)
frame #2: <unknown function> + 0x5ffce42 (0x71a8478cde42 in /usr/local/lib/python3.12/dist-packages/torch/lib/libtorch_cpu.so)
frame #3: <unknown function> + 0x5ffe94e (0x71a8478cf94e in /usr/local/lib/python3.12/dist-packages/torch/lib/libtorch_cpu.so)
frame #4: c10d::TCPStore::check(std::vector<std::__cxx11::basic_string<char, std::char_traits<char>, std::allocator<char> >, std::allocator<std::__cxx11::basic_string<char, std::char_traits<char>, std::allocator<char> > > > const&) + 0x30e (0x71a8478ca26e in /usr/local/lib/python3.12/dist-packages/torch/lib/libtorch_cpu.so)
frame #5: c10d::ProcessGroupNCCL::HeartbeatMonitor::runLoop() + 0x3c8 (0x71a806449868 in /usr/local/lib/python3.12/dist-packages/torch/lib/libtorch_cuda.so)
frame #6: <unknown function> + 0xecdb4 (0x71a867a0cdb4 in /lib/x86_64-linux-gnu/libstdc++.so.6)
frame #7: <unknown function> + 0x9caa4 (0x71a86a48baa4 in /lib/x86_64-linux-gnu/libc.so.6)
frame #8: __clone + 0x44 (0x71a86a518a64 in /lib/x86_64-linux-gnu/libc.so.6)

[rank1]:[W421 05:04:52.547286380 ProcessGroupNCCL.cpp:1771] [PG ID 0 PG GUID 0(default_pg) Rank 1] Failed to check the "should dump" flag on TCPStore, (maybe TCPStore server has shut down too early), with error: Broken pipe
[rank2]:[W421 05:04:52.543262793 TCPStore.cpp:106] [c10d] sendBytes failed on SocketImpl(fd=90, addr=[8f9e71dd3259]:34868, remote=[8f9e71dd3259]:42409): Broken pipe
Exception raised from sendBytes at /pytorch/torch/csrc/distributed/c10d/Utils.hpp:653 (most recent call first):
frame #0: c10::Error::Error(c10::SourceLocation, std::__cxx11::basic_string<char, std::char_traits<char>, std::allocator<char> >) + 0x80 (0x7676c2970b80 in /usr/local/lib/python3.12/dist-packages/torch/lib/libc10.so)
frame #1: <unknown function> + 0x5ffc5b1 (0x767704ccd5b1 in /usr/local/lib/python3.12/dist-packages/torch/lib/libtorch_cpu.so)
frame #2: <unknown function> + 0x5ffce42 (0x767704ccde42 in /usr/local/lib/python3.12/dist-packages/torch/lib/libtorch_cpu.so)
frame #3: <unknown function> + 0x5ffe94e (0x767704ccf94e in /usr/local/lib/python3.12/dist-packages/torch/lib/libtorch_cpu.so)
frame #4: c10d::TCPStore::check(std::vector<std::__cxx11::basic_string<char, std::char_traits<char>, std::allocator<char> >, std::allocator<std::__cxx11::basic_string<char, std::char_traits<char>, std::allocator<char> > > > const&) + 0x30e (0x767704cca26e in /usr/local/lib/python3.12/dist-packages/torch/lib/libtorch_cpu.so)
frame #5: c10d::ProcessGroupNCCL::HeartbeatMonitor::runLoop() + 0x3c8 (0x7676c3849868 in /usr/local/lib/python3.12/dist-packages/torch/lib/libtorch_cuda.so)
frame #6: <unknown function> + 0xecdb4 (0x767724e02db4 in /lib/x86_64-linux-gnu/libstdc++.so.6)
frame #7: <unknown function> + 0x9caa4 (0x767727881aa4 in /lib/x86_64-linux-gnu/libc.so.6)
frame #8: __clone + 0x44 (0x76772790ea64 in /lib/x86_64-linux-gnu/libc.so.6)

[rank2]:[W421 05:04:52.556296996 ProcessGroupNCCL.cpp:1771] [PG ID 0 PG GUID 0(default_pg) Rank 2] Failed to check the "should dump" flag on TCPStore, (maybe TCPStore server has shut down too early), with error: Broken pipe
[rank7]:[W421 05:04:52.544726793 TCPStore.cpp:106] [c10d] sendBytes failed on SocketImpl(fd=90, addr=[8f9e71dd3259]:34862, remote=[8f9e71dd3259]:42409): Broken pipe
Exception raised from sendBytes at /pytorch/torch/csrc/distributed/c10d/Utils.hpp:653 (most recent call first):
frame #0: c10::Error::Error(c10::SourceLocation, std::__cxx11::basic_string<char, std::char_traits<char>, std::allocator<char> >) + 0x80 (0x73ea2317cb80 in /usr/local/lib/python3.12/dist-packages/torch/lib/libc10.so)
frame #1: <unknown function> + 0x5ffc5b1 (0x73ea064cd5b1 in /usr/local/lib/python3.12/dist-packages/torch/lib/libtorch_cpu.so)
frame #2: <unknown function> + 0x5ffce42 (0x73ea064cde42 in /usr/local/lib/python3.12/dist-packages/torch/lib/libtorch_cpu.so)
frame #3: <unknown function> + 0x5ffe94e (0x73ea064cf94e in /usr/local/lib/python3.12/dist-packages/torch/lib/libtorch_cpu.so)
frame #4: c10d::TCPStore::check(std::vector<std::__cxx11::basic_string<char, std::char_traits<char>, std::allocator<char> >, std::allocator<std::__cxx11::basic_string<char, std::char_traits<char>, std::allocator<char> > > > const&) + 0x30e (0x73ea064ca26e in /usr/local/lib/python3.12/dist-packages/torch/lib/libtorch_cpu.so)
frame #5: c10d::ProcessGroupNCCL::HeartbeatMonitor::runLoop() + 0x3c8 (0x73e9c5049868 in /usr/local/lib/python3.12/dist-packages/torch/lib/libtorch_cuda.so)
frame #6: <unknown function> + 0xecdb4 (0x73ea2670adb4 in /lib/x86_64-linux-gnu/libstdc++.so.6)
frame #7: <unknown function> + 0x9caa4 (0x73ea29189aa4 in /lib/x86_64-linux-gnu/libc.so.6)
frame #8: __clone + 0x44 (0x73ea29216a64 in /lib/x86_64-linux-gnu/libc.so.6)

[rank7]:[W421 05:04:52.557720441 ProcessGroupNCCL.cpp:1771] [PG ID 0 PG GUID 0(default_pg) Rank 7] Failed to check the "should dump" flag on TCPStore, (maybe TCPStore server has shut down too early), with error: Broken pipe
[rank5]:[W421 05:04:52.649099341 TCPStore.cpp:106] [c10d] sendBytes failed on SocketImpl(fd=90, addr=[8f9e71dd3259]:34814, remote=[8f9e71dd3259]:42409): Broken pipe
Exception raised from sendBytes at /pytorch/torch/csrc/distributed/c10d/Utils.hpp:653 (most recent call first):
frame #0: c10::Error::Error(c10::SourceLocation, std::__cxx11::basic_string<char, std::char_traits<char>, std::allocator<char> >) + 0x80 (0x7c605f57cb80 in /usr/local/lib/python3.12/dist-packages/torch/lib/libc10.so)
frame #1: <unknown function> + 0x5ffc5b1 (0x7c60428cd5b1 in /usr/local/lib/python3.12/dist-packages/torch/lib/libtorch_cpu.so)
frame #2: <unknown function> + 0x5ffce42 (0x7c60428cde42 in /usr/local/lib/python3.12/dist-packages/torch/lib/libtorch_cpu.so)
frame #3: <unknown function> + 0x5ffe94e (0x7c60428cf94e in /usr/local/lib/python3.12/dist-packages/torch/lib/libtorch_cpu.so)
frame #4: c10d::TCPStore::check(std::vector<std::__cxx11::basic_string<char, std::char_traits<char>, std::allocator<char> >, std::allocator<std::__cxx11::basic_string<char, std::char_traits<char>, std::allocator<char> > > > const&) + 0x30e (0x7c60428ca26e in /usr/local/lib/python3.12/dist-packages/torch/lib/libtorch_cpu.so)
frame #5: c10d::ProcessGroupNCCL::HeartbeatMonitor::runLoop() + 0x3c8 (0x7c6001449868 in /usr/local/lib/python3.12/dist-packages/torch/lib/libtorch_cuda.so)
frame #6: <unknown function> + 0xecdb4 (0x7c6062b44db4 in /lib/x86_64-linux-gnu/libstdc++.so.6)
frame #7: <unknown function> + 0x9caa4 (0x7c60655c3aa4 in /lib/x86_64-linux-gnu/libc.so.6)
frame #8: __clone + 0x44 (0x7c6065650a64 in /lib/x86_64-linux-gnu/libc.so.6)

[rank5]:[W421 05:04:52.661759777 ProcessGroupNCCL.cpp:1771] [PG ID 0 PG GUID 0(default_pg) Rank 5] Failed to check the "should dump" flag on TCPStore, (maybe TCPStore server has shut down too early), with error: Broken pipe
[rank3]:[W421 05:04:52.742046979 TCPStore.cpp:106] [c10d] sendBytes failed on SocketImpl(fd=90, addr=[8f9e71dd3259]:34820, remote=[8f9e71dd3259]:42409): Broken pipe
Exception raised from sendBytes at /pytorch/torch/csrc/distributed/c10d/Utils.hpp:653 (most recent call first):
frame #0: c10::Error::Error(c10::SourceLocation, std::__cxx11::basic_string<char, std::char_traits<char>, std::allocator<char> >) + 0x80 (0x7def52b7cb80 in /usr/local/lib/python3.12/dist-packages/torch/lib/libc10.so)
frame #1: <unknown function> + 0x5ffc5b1 (0x7def35ecd5b1 in /usr/local/lib/python3.12/dist-packages/torch/lib/libtorch_cpu.so)
frame #2: <unknown function> + 0x5ffce42 (0x7def35ecde42 in /usr/local/lib/python3.12/dist-packages/torch/lib/libtorch_cpu.so)
frame #3: <unknown function> + 0x5ffe94e (0x7def35ecf94e in /usr/local/lib/python3.12/dist-packages/torch/lib/libtorch_cpu.so)
frame #4: c10d::TCPStore::check(std::vector<std::__cxx11::basic_string<char, std::char_traits<char>, std::allocator<char> >, std::allocator<std::__cxx11::basic_string<char, std::char_traits<char>, std::allocator<char> > > > const&) + 0x30e (0x7def35eca26e in /usr/local/lib/python3.12/dist-packages/torch/lib/libtorch_cpu.so)
frame #5: c10d::ProcessGroupNCCL::HeartbeatMonitor::runLoop() + 0x3c8 (0x7deef4a49868 in /usr/local/lib/python3.12/dist-packages/torch/lib/libtorch_cuda.so)
frame #6: <unknown function> + 0xecdb4 (0x7def56100db4 in /lib/x86_64-linux-gnu/libstdc++.so.6)
frame #7: <unknown function> + 0x9caa4 (0x7def58b7faa4 in /lib/x86_64-linux-gnu/libc.so.6)
frame #8: __clone + 0x44 (0x7def58c0ca64 in /lib/x86_64-linux-gnu/libc.so.6)

[rank3]:[W421 05:04:52.755140659 ProcessGroupNCCL.cpp:1771] [PG ID 0 PG GUID 0(default_pg) Rank 3] Failed to check the "should dump" flag on TCPStore, (maybe TCPStore server has shut down too early), with error: Broken pipe
[rank6]:[W421 05:04:53.823673068 TCPStore.cpp:106] [c10d] sendBytes failed on SocketImpl(fd=90, addr=[8f9e71dd3259]:34828, remote=[8f9e71dd3259]:42409): Broken pipe
Exception raised from sendBytes at /pytorch/torch/csrc/distributed/c10d/Utils.hpp:653 (most recent call first):
frame #0: c10::Error::Error(c10::SourceLocation, std::__cxx11::basic_string<char, std::char_traits<char>, std::allocator<char> >) + 0x80 (0x77ca19b92b80 in /usr/local/lib/python3.12/dist-packages/torch/lib/libc10.so)
frame #1: <unknown function> + 0x5ffc5b1 (0x77c9fcacd5b1 in /usr/local/lib/python3.12/dist-packages/torch/lib/libtorch_cpu.so)
frame #2: <unknown function> + 0x5ffce42 (0x77c9fcacde42 in /usr/local/lib/python3.12/dist-packages/torch/lib/libtorch_cpu.so)
frame #3: <unknown function> + 0x5ffe94e (0x77c9fcacf94e in /usr/local/lib/python3.12/dist-packages/torch/lib/libtorch_cpu.so)
frame #4: c10d::TCPStore::check(std::vector<std::__cxx11::basic_string<char, std::char_traits<char>, std::allocator<char> >, std::allocator<std::__cxx11::basic_string<char, std::char_traits<char>, std::allocator<char> > > > const&) + 0x30e (0x77c9fcaca26e in /usr/local/lib/python3.12/dist-packages/torch/lib/libtorch_cpu.so)
frame #5: c10d::ProcessGroupNCCL::HeartbeatMonitor::runLoop() + 0x3c8 (0x77c9bb649868 in /usr/local/lib/python3.12/dist-packages/torch/lib/libtorch_cuda.so)
frame #6: <unknown function> + 0xecdb4 (0x77ca1cd97db4 in /lib/x86_64-linux-gnu/libstdc++.so.6)
frame #7: <unknown function> + 0x9caa4 (0x77ca1f816aa4 in /lib/x86_64-linux-gnu/libc.so.6)
frame #8: __clone + 0x44 (0x77ca1f8a3a64 in /lib/x86_64-linux-gnu/libc.so.6)

[rank6]:[W421 05:04:53.836763300 ProcessGroupNCCL.cpp:1771] [PG ID 0 PG GUID 0(default_pg) Rank 6] Failed to check the "should dump" flag on TCPStore, (maybe TCPStore server has shut down too early), with error: Broken pipe
[rank4]:[W421 05:04:53.438598710 TCPStore.cpp:106] [c10d] sendBytes failed on SocketImpl(fd=90, addr=[8f9e71dd3259]:34834, remote=[8f9e71dd3259]:42409): Broken pipe
Exception raised from sendBytes at /pytorch/torch/csrc/distributed/c10d/Utils.hpp:653 (most recent call first):
frame #0: c10::Error::Error(c10::SourceLocation, std::__cxx11::basic_string<char, std::char_traits<char>, std::allocator<char> >) + 0x80 (0x7b1211392b80 in /usr/local/lib/python3.12/dist-packages/torch/lib/libc10.so)
frame #1: <unknown function> + 0x5ffc5b1 (0x7b11f42cd5b1 in /usr/local/lib/python3.12/dist-packages/torch/lib/libtorch_cpu.so)
frame #2: <unknown function> + 0x5ffce42 (0x7b11f42cde42 in /usr/local/lib/python3.12/dist-packages/torch/lib/libtorch_cpu.so)
frame #3: <unknown function> + 0x5ffe94e (0x7b11f42cf94e in /usr/local/lib/python3.12/dist-packages/torch/lib/libtorch_cpu.so)
frame #4: c10d::TCPStore::check(std::vector<std::__cxx11::basic_string<char, std::char_traits<char>, std::allocator<char> >, std::allocator<std::__cxx11::basic_string<char, std::char_traits<char>, std::allocator<char> > > > const&) + 0x30e (0x7b11f42ca26e in /usr/local/lib/python3.12/dist-packages/torch/lib/libtorch_cpu.so)
frame #5: c10d::ProcessGroupNCCL::HeartbeatMonitor::runLoop() + 0x3c8 (0x7b11b2e49868 in /usr/local/lib/python3.12/dist-packages/torch/lib/libtorch_cuda.so)
frame #6: <unknown function> + 0xecdb4 (0x7b121458ddb4 in /lib/x86_64-linux-gnu/libstdc++.so.6)
frame #7: <unknown function> + 0x9caa4 (0x7b121700caa4 in /lib/x86_64-linux-gnu/libc.so.6)
frame #8: __clone + 0x44 (0x7b1217099a64 in /lib/x86_64-linux-gnu/libc.so.6)

[rank4]:[W421 05:04:53.451285385 ProcessGroupNCCL.cpp:1771] [PG ID 0 PG GUID 0(default_pg) Rank 4] Failed to check the "should dump" flag on TCPStore, (maybe TCPStore server has shut down too early), with error: Broken pipe
[rank0]:[W421 05:04:53.546286009 TCPStore.cpp:106] [c10d] sendBytes failed on SocketImpl(fd=90, addr=[8f9e71dd3259]:34854, remote=[8f9e71dd3259]:42409): Broken pipe
Exception raised from sendBytes at /pytorch/torch/csrc/distributed/c10d/Utils.hpp:653 (most recent call first):
frame #0: c10::Error::Error(c10::SourceLocation, std::__cxx11::basic_string<char, std::char_traits<char>, std::allocator<char> >) + 0x80 (0x7c8c8677cb80 in /usr/local/lib/python3.12/dist-packages/torch/lib/libc10.so)
frame #1: <unknown function> + 0x5ffc5b1 (0x7c8c69acd5b1 in /usr/local/lib/python3.12/dist-packages/torch/lib/libtorch_cpu.so)
frame #2: <unknown function> + 0x5ffce42 (0x7c8c69acde42 in /usr/local/lib/python3.12/dist-packages/torch/lib/libtorch_cpu.so)
frame #3: <unknown function> + 0x5ffe94e (0x7c8c69acf94e in /usr/local/lib/python3.12/dist-packages/torch/lib/libtorch_cpu.so)
frame #4: c10d::TCPStore::check(std::vector<std::__cxx11::basic_string<char, std::char_traits<char>, std::allocator<char> >, std::allocator<std::__cxx11::basic_string<char, std::char_traits<char>, std::allocator<char> > > > const&) + 0x30e (0x7c8c69aca26e in /usr/local/lib/python3.12/dist-packages/torch/lib/libtorch_cpu.so)
frame #5: c10d::ProcessGroupNCCL::HeartbeatMonitor::runLoop() + 0x3c8 (0x7c8c28649868 in /usr/local/lib/python3.12/dist-packages/torch/lib/libtorch_cuda.so)
frame #6: <unknown function> + 0xecdb4 (0x7c8c89d10db4 in /lib/x86_64-linux-gnu/libstdc++.so.6)
frame #7: <unknown function> + 0x9caa4 (0x7c8c8c78faa4 in /lib/x86_64-linux-gnu/libc.so.6)
frame #8: __clone + 0x44 (0x7c8c8c81ca64 in /lib/x86_64-linux-gnu/libc.so.6)

[rank0]:[W421 05:04:53.559306537 ProcessGroupNCCL.cpp:1771] [PG ID 0 PG GUID 0(default_pg) Rank 0] Failed to check the "should dump" flag on TCPStore, (maybe TCPStore server has shut down too early), with error: Broken pipe
[rank1]:[W421 05:04:53.547416306 TCPStore.cpp:106] [c10d] sendBytes failed on SocketImpl(fd=90, addr=[8f9e71dd3259]:34844, remote=[8f9e71dd3259]:42409): Broken pipe
Exception raised from sendBytes at /pytorch/torch/csrc/distributed/c10d/Utils.hpp:653 (most recent call first):
frame #0: c10::Error::Error(c10::SourceLocation, std::__cxx11::basic_string<char, std::char_traits<char>, std::allocator<char> >) + 0x80 (0x71a805570b80 in /usr/local/lib/python3.12/dist-packages/torch/lib/libc10.so)
frame #1: <unknown function> + 0x5ffc5b1 (0x71a8478cd5b1 in /usr/local/lib/python3.12/dist-packages/torch/lib/libtorch_cpu.so)
frame #2: <unknown function> + 0x5ffce42 (0x71a8478cde42 in /usr/local/lib/python3.12/dist-packages/torch/lib/libtorch_cpu.so)
frame #3: <unknown function> + 0x5ffe94e (0x71a8478cf94e in /usr/local/lib/python3.12/dist-packages/torch/lib/libtorch_cpu.so)
frame #4: c10d::TCPStore::check(std::vector<std::__cxx11::basic_string<char, std::char_traits<char>, std::allocator<char> >, std::allocator<std::__cxx11::basic_string<char, std::char_traits<char>, std::allocator<char> > > > const&) + 0x30e (0x71a8478ca26e in /usr/local/lib/python3.12/dist-packages/torch/lib/libtorch_cpu.so)
frame #5: c10d::ProcessGroupNCCL::HeartbeatMonitor::runLoop() + 0x3c8 (0x71a806449868 in /usr/local/lib/python3.12/dist-packages/torch/lib/libtorch_cuda.so)
frame #6: <unknown function> + 0xecdb4 (0x71a867a0cdb4 in /lib/x86_64-linux-gnu/libstdc++.so.6)
frame #7: <unknown function> + 0x9caa4 (0x71a86a48baa4 in /lib/x86_64-linux-gnu/libc.so.6)
frame #8: __clone + 0x44 (0x71a86a518a64 in /lib/x86_64-linux-gnu/libc.so.6)

[rank1]:[W421 05:04:53.560325550 ProcessGroupNCCL.cpp:1771] [PG ID 0 PG GUID 0(default_pg) Rank 1] Failed to check the "should dump" flag on TCPStore, (maybe TCPStore server has shut down too early), with error: Broken pipe
[rank2]:[W421 05:04:53.556405832 TCPStore.cpp:106] [c10d] sendBytes failed on SocketImpl(fd=90, addr=[8f9e71dd3259]:34868, remote=[8f9e71dd3259]:42409): Broken pipe
Exception raised from sendBytes at /pytorch/torch/csrc/distributed/c10d/Utils.hpp:653 (most recent call first):
frame #0: c10::Error::Error(c10::SourceLocation, std::__cxx11::basic_string<char, std::char_traits<char>, std::allocator<char> >) + 0x80 (0x7676c2970b80 in /usr/local/lib/python3.12/dist-packages/torch/lib/libc10.so)
frame #1: <unknown function> + 0x5ffc5b1 (0x767704ccd5b1 in /usr/local/lib/python3.12/dist-packages/torch/lib/libtorch_cpu.so)
frame #2: <unknown function> + 0x5ffce42 (0x767704ccde42 in /usr/local/lib/python3.12/dist-packages/torch/lib/libtorch_cpu.so)
frame #3: <unknown function> + 0x5ffe94e (0x767704ccf94e in /usr/local/lib/python3.12/dist-packages/torch/lib/libtorch_cpu.so)
frame #4: c10d::TCPStore::check(std::vector<std::__cxx11::basic_string<char, std::char_traits<char>, std::allocator<char> >, std::allocator<std::__cxx11::basic_string<char, std::char_traits<char>, std::allocator<char> > > > const&) + 0x30e (0x767704cca26e in /usr/local/lib/python3.12/dist-packages/torch/lib/libtorch_cpu.so)
frame #5: c10d::ProcessGroupNCCL::HeartbeatMonitor::runLoop() + 0x3c8 (0x7676c3849868 in /usr/local/lib/python3.12/dist-packages/torch/lib/libtorch_cuda.so)
frame #6: <unknown function> + 0xecdb4 (0x767724e02db4 in /lib/x86_64-linux-gnu/libstdc++.so.6)
frame #7: <unknown function> + 0x9caa4 (0x767727881aa4 in /lib/x86_64-linux-gnu/libc.so.6)
frame #8: __clone + 0x44 (0x76772790ea64 in /lib/x86_64-linux-gnu/libc.so.6)

[rank2]:[W421 05:04:53.569475669 ProcessGroupNCCL.cpp:1771] [PG ID 0 PG GUID 0(default_pg) Rank 2] Failed to check the "should dump" flag on TCPStore, (maybe TCPStore server has shut down too early), with error: Broken pipe
[rank7]:[W421 05:04:53.557824762 TCPStore.cpp:106] [c10d] sendBytes failed on SocketImpl(fd=90, addr=[8f9e71dd3259]:34862, remote=[8f9e71dd3259]:42409): Broken pipe
Exception raised from sendBytes at /pytorch/torch/csrc/distributed/c10d/Utils.hpp:653 (most recent call first):
frame #0: c10::Error::Error(c10::SourceLocation, std::__cxx11::basic_string<char, std::char_traits<char>, std::allocator<char> >) + 0x80 (0x73ea2317cb80 in /usr/local/lib/python3.12/dist-packages/torch/lib/libc10.so)
frame #1: <unknown function> + 0x5ffc5b1 (0x73ea064cd5b1 in /usr/local/lib/python3.12/dist-packages/torch/lib/libtorch_cpu.so)
frame #2: <unknown function> + 0x5ffce42 (0x73ea064cde42 in /usr/local/lib/python3.12/dist-packages/torch/lib/libtorch_cpu.so)
frame #3: <unknown function> + 0x5ffe94e (0x73ea064cf94e in /usr/local/lib/python3.12/dist-packages/torch/lib/libtorch_cpu.so)
frame #4: c10d::TCPStore::check(std::vector<std::__cxx11::basic_string<char, std::char_traits<char>, std::allocator<char> >, std::allocator<std::__cxx11::basic_string<char, std::char_traits<char>, std::allocator<char> > > > const&) + 0x30e (0x73ea064ca26e in /usr/local/lib/python3.12/dist-packages/torch/lib/libtorch_cpu.so)
frame #5: c10d::ProcessGroupNCCL::HeartbeatMonitor::runLoop() + 0x3c8 (0x73e9c5049868 in /usr/local/lib/python3.12/dist-packages/torch/lib/libtorch_cuda.so)
frame #6: <unknown function> + 0xecdb4 (0x73ea2670adb4 in /lib/x86_64-linux-gnu/libstdc++.so.6)
frame #7: <unknown function> + 0x9caa4 (0x73ea29189aa4 in /lib/x86_64-linux-gnu/libc.so.6)
frame #8: __clone + 0x44 (0x73ea29216a64 in /lib/x86_64-linux-gnu/libc.so.6)

[rank7]:[W421 05:04:53.570569020 ProcessGroupNCCL.cpp:1771] [PG ID 0 PG GUID 0(default_pg) Rank 7] Failed to check the "should dump" flag on TCPStore, (maybe TCPStore server has shut down too early), with error: Broken pipe
[rank5]:[W421 05:04:53.661883748 TCPStore.cpp:106] [c10d] sendBytes failed on SocketImpl(fd=90, addr=[8f9e71dd3259]:34814, remote=[8f9e71dd3259]:42409): Broken pipe
Exception raised from sendBytes at /pytorch/torch/csrc/distributed/c10d/Utils.hpp:653 (most recent call first):
frame #0: c10::Error::Error(c10::SourceLocation, std::__cxx11::basic_string<char, std::char_traits<char>, std::allocator<char> >) + 0x80 (0x7c605f57cb80 in /usr/local/lib/python3.12/dist-packages/torch/lib/libc10.so)
frame #1: <unknown function> + 0x5ffc5b1 (0x7c60428cd5b1 in /usr/local/lib/python3.12/dist-packages/torch/lib/libtorch_cpu.so)
frame #2: <unknown function> + 0x5ffce42 (0x7c60428cde42 in /usr/local/lib/python3.12/dist-packages/torch/lib/libtorch_cpu.so)
frame #3: <unknown function> + 0x5ffe94e (0x7c60428cf94e in /usr/local/lib/python3.12/dist-packages/torch/lib/libtorch_cpu.so)
frame #4: c10d::TCPStore::check(std::vector<std::__cxx11::basic_string<char, std::char_traits<char>, std::allocator<char> >, std::allocator<std::__cxx11::basic_string<char, std::char_traits<char>, std::allocator<char> > > > const&) + 0x30e (0x7c60428ca26e in /usr/local/lib/python3.12/dist-packages/torch/lib/libtorch_cpu.so)
frame #5: c10d::ProcessGroupNCCL::HeartbeatMonitor::runLoop() + 0x3c8 (0x7c6001449868 in /usr/local/lib/python3.12/dist-packages/torch/lib/libtorch_cuda.so)
frame #6: <unknown function> + 0xecdb4 (0x7c6062b44db4 in /lib/x86_64-linux-gnu/libstdc++.so.6)
frame #7: <unknown function> + 0x9caa4 (0x7c60655c3aa4 in /lib/x86_64-linux-gnu/libc.so.6)
frame #8: __clone + 0x44 (0x7c6065650a64 in /lib/x86_64-linux-gnu/libc.so.6)

[rank5]:[W421 05:04:53.674904580 ProcessGroupNCCL.cpp:1771] [PG ID 0 PG GUID 0(default_pg) Rank 5] Failed to check the "should dump" flag on TCPStore, (maybe TCPStore server has shut down too early), with error: Broken pipe
[rank3]:[W421 05:04:53.755301140 TCPStore.cpp:106] [c10d] sendBytes failed on SocketImpl(fd=90, addr=[8f9e71dd3259]:34820, remote=[8f9e71dd3259]:42409): Broken pipe
Exception raised from sendBytes at /pytorch/torch/csrc/distributed/c10d/Utils.hpp:653 (most recent call first):
frame #0: c10::Error::Error(c10::SourceLocation, std::__cxx11::basic_string<char, std::char_traits<char>, std::allocator<char> >) + 0x80 (0x7def52b7cb80 in /usr/local/lib/python3.12/dist-packages/torch/lib/libc10.so)
frame #1: <unknown function> + 0x5ffc5b1 (0x7def35ecd5b1 in /usr/local/lib/python3.12/dist-packages/torch/lib/libtorch_cpu.so)
frame #2: <unknown function> + 0x5ffce42 (0x7def35ecde42 in /usr/local/lib/python3.12/dist-packages/torch/lib/libtorch_cpu.so)
frame #3: <unknown function> + 0x5ffe94e (0x7def35ecf94e in /usr/local/lib/python3.12/dist-packages/torch/lib/libtorch_cpu.so)
frame #4: c10d::TCPStore::check(std::vector<std::__cxx11::basic_string<char, std::char_traits<char>, std::allocator<char> >, std::allocator<std::__cxx11::basic_string<char, std::char_traits<char>, std::allocator<char> > > > const&) + 0x30e (0x7def35eca26e in /usr/local/lib/python3.12/dist-packages/torch/lib/libtorch_cpu.so)
frame #5: c10d::ProcessGroupNCCL::HeartbeatMonitor::runLoop() + 0x3c8 (0x7deef4a49868 in /usr/local/lib/python3.12/dist-packages/torch/lib/libtorch_cuda.so)
frame #6: <unknown function> + 0xecdb4 (0x7def56100db4 in /lib/x86_64-linux-gnu/libstdc++.so.6)
frame #7: <unknown function> + 0x9caa4 (0x7def58b7faa4 in /lib/x86_64-linux-gnu/libc.so.6)
frame #8: __clone + 0x44 (0x7def58c0ca64 in /lib/x86_64-linux-gnu/libc.so.6)

[rank3]:[W421 05:04:53.768412141 ProcessGroupNCCL.cpp:1771] [PG ID 0 PG GUID 0(default_pg) Rank 3] Failed to check the "should dump" flag on TCPStore, (maybe TCPStore server has shut down too early), with error: Broken pipe
[rank6]:[W421 05:04:54.836919895 TCPStore.cpp:106] [c10d] sendBytes failed on SocketImpl(fd=90, addr=[8f9e71dd3259]:34828, remote=[8f9e71dd3259]:42409): Broken pipe
Exception raised from sendBytes at /pytorch/torch/csrc/distributed/c10d/Utils.hpp:653 (most recent call first):
frame #0: c10::Error::Error(c10::SourceLocation, std::__cxx11::basic_string<char, std::char_traits<char>, std::allocator<char> >) + 0x80 (0x77ca19b92b80 in /usr/local/lib/python3.12/dist-packages/torch/lib/libc10.so)
frame #1: <unknown function> + 0x5ffc5b1 (0x77c9fcacd5b1 in /usr/local/lib/python3.12/dist-packages/torch/lib/libtorch_cpu.so)
frame #2: <unknown function> + 0x5ffce42 (0x77c9fcacde42 in /usr/local/lib/python3.12/dist-packages/torch/lib/libtorch_cpu.so)
frame #3: <unknown function> + 0x5ffe94e (0x77c9fcacf94e in /usr/local/lib/python3.12/dist-packages/torch/lib/libtorch_cpu.so)
frame #4: c10d::TCPStore::check(std::vector<std::__cxx11::basic_string<char, std::char_traits<char>, std::allocator<char> >, std::allocator<std::__cxx11::basic_string<char, std::char_traits<char>, std::allocator<char> > > > const&) + 0x30e (0x77c9fcaca26e in /usr/local/lib/python3.12/dist-packages/torch/lib/libtorch_cpu.so)
frame #5: c10d::ProcessGroupNCCL::HeartbeatMonitor::runLoop() + 0x3c8 (0x77c9bb649868 in /usr/local/lib/python3.12/dist-packages/torch/lib/libtorch_cuda.so)
frame #6: <unknown function> + 0xecdb4 (0x77ca1cd97db4 in /lib/x86_64-linux-gnu/libstdc++.so.6)
frame #7: <unknown function> + 0x9caa4 (0x77ca1f816aa4 in /lib/x86_64-linux-gnu/libc.so.6)
frame #8: __clone + 0x44 (0x77ca1f8a3a64 in /lib/x86_64-linux-gnu/libc.so.6)

[rank6]:[W421 05:04:54.850042299 ProcessGroupNCCL.cpp:1771] [PG ID 0 PG GUID 0(default_pg) Rank 6] Failed to check the "should dump" flag on TCPStore, (maybe TCPStore server has shut down too early), with error: Broken pipe
[rank4]:[W421 05:04:54.451394131 TCPStore.cpp:106] [c10d] sendBytes failed on SocketImpl(fd=90, addr=[8f9e71dd3259]:34834, remote=[8f9e71dd3259]:42409): Broken pipe
Exception raised from sendBytes at /pytorch/torch/csrc/distributed/c10d/Utils.hpp:653 (most recent call first):
frame #0: c10::Error::Error(c10::SourceLocation, std::__cxx11::basic_string<char, std::char_traits<char>, std::allocator<char> >) + 0x80 (0x7b1211392b80 in /usr/local/lib/python3.12/dist-packages/torch/lib/libc10.so)
frame #1: <unknown function> + 0x5ffc5b1 (0x7b11f42cd5b1 in /usr/local/lib/python3.12/dist-packages/torch/lib/libtorch_cpu.so)
frame #2: <unknown function> + 0x5ffce42 (0x7b11f42cde42 in /usr/local/lib/python3.12/dist-packages/torch/lib/libtorch_cpu.so)
frame #3: <unknown function> + 0x5ffe94e (0x7b11f42cf94e in /usr/local/lib/python3.12/dist-packages/torch/lib/libtorch_cpu.so)
frame #4: c10d::TCPStore::check(std::vector<std::__cxx11::basic_string<char, std::char_traits<char>, std::allocator<char> >, std::allocator<std::__cxx11::basic_string<char, std::char_traits<char>, std::allocator<char> > > > const&) + 0x30e (0x7b11f42ca26e in /usr/local/lib/python3.12/dist-packages/torch/lib/libtorch_cpu.so)
frame #5: c10d::ProcessGroupNCCL::HeartbeatMonitor::runLoop() + 0x3c8 (0x7b11b2e49868 in /usr/local/lib/python3.12/dist-packages/torch/lib/libtorch_cuda.so)
frame #6: <unknown function> + 0xecdb4 (0x7b121458ddb4 in /lib/x86_64-linux-gnu/libstdc++.so.6)
frame #7: <unknown function> + 0x9caa4 (0x7b121700caa4 in /lib/x86_64-linux-gnu/libc.so.6)
frame #8: __clone + 0x44 (0x7b1217099a64 in /lib/x86_64-linux-gnu/libc.so.6)

[rank4]:[W421 05:04:54.464367864 ProcessGroupNCCL.cpp:1771] [PG ID 0 PG GUID 0(default_pg) Rank 4] Failed to check the "should dump" flag on TCPStore, (maybe TCPStore server has shut down too early), with error: Broken pipe
[rank0]:[W421 05:04:54.559414853 TCPStore.cpp:106] [c10d] sendBytes failed on SocketImpl(fd=90, addr=[8f9e71dd3259]:34854, remote=[8f9e71dd3259]:42409): Broken pipe
Exception raised from sendBytes at /pytorch/torch/csrc/distributed/c10d/Utils.hpp:653 (most recent call first):
frame #0: c10::Error::Error(c10::SourceLocation, std::__cxx11::basic_string<char, std::char_traits<char>, std::allocator<char> >) + 0x80 (0x7c8c8677cb80 in /usr/local/lib/python3.12/dist-packages/torch/lib/libc10.so)
frame #1: <unknown function> + 0x5ffc5b1 (0x7c8c69acd5b1 in /usr/local/lib/python3.12/dist-packages/torch/lib/libtorch_cpu.so)
frame #2: <unknown function> + 0x5ffce42 (0x7c8c69acde42 in /usr/local/lib/python3.12/dist-packages/torch/lib/libtorch_cpu.so)
frame #3: <unknown function> + 0x5ffe94e (0x7c8c69acf94e in /usr/local/lib/python3.12/dist-packages/torch/lib/libtorch_cpu.so)
frame #4: c10d::TCPStore::check(std::vector<std::__cxx11::basic_string<char, std::char_traits<char>, std::allocator<char> >, std::allocator<std::__cxx11::basic_string<char, std::char_traits<char>, std::allocator<char> > > > const&) + 0x30e (0x7c8c69aca26e in /usr/local/lib/python3.12/dist-packages/torch/lib/libtorch_cpu.so)
frame #5: c10d::ProcessGroupNCCL::HeartbeatMonitor::runLoop() + 0x3c8 (0x7c8c28649868 in /usr/local/lib/python3.12/dist-packages/torch/lib/libtorch_cuda.so)
frame #6: <unknown function> + 0xecdb4 (0x7c8c89d10db4 in /lib/x86_64-linux-gnu/libstdc++.so.6)
frame #7: <unknown function> + 0x9caa4 (0x7c8c8c78faa4 in /lib/x86_64-linux-gnu/libc.so.6)
frame #8: __clone + 0x44 (0x7c8c8c81ca64 in /lib/x86_64-linux-gnu/libc.so.6)

[rank0]:[W421 05:04:54.572264088 ProcessGroupNCCL.cpp:1771] [PG ID 0 PG GUID 0(default_pg) Rank 0] Failed to check the "should dump" flag on TCPStore, (maybe TCPStore server has shut down too early), with error: Broken pipe
[rank1]:[W421 05:04:54.560421632 TCPStore.cpp:106] [c10d] sendBytes failed on SocketImpl(fd=90, addr=[8f9e71dd3259]:34844, remote=[8f9e71dd3259]:42409): Broken pipe
Exception raised from sendBytes at /pytorch/torch/csrc/distributed/c10d/Utils.hpp:653 (most recent call first):
frame #0: c10::Error::Error(c10::SourceLocation, std::__cxx11::basic_string<char, std::char_traits<char>, std::allocator<char> >) + 0x80 (0x71a805570b80 in /usr/local/lib/python3.12/dist-packages/torch/lib/libc10.so)
frame #1: <unknown function> + 0x5ffc5b1 (0x71a8478cd5b1 in /usr/local/lib/python3.12/dist-packages/torch/lib/libtorch_cpu.so)
frame #2: <unknown function> + 0x5ffce42 (0x71a8478cde42 in /usr/local/lib/python3.12/dist-packages/torch/lib/libtorch_cpu.so)
frame #3: <unknown function> + 0x5ffe94e (0x71a8478cf94e in /usr/local/lib/python3.12/dist-packages/torch/lib/libtorch_cpu.so)
frame #4: c10d::TCPStore::check(std::vector<std::__cxx11::basic_string<char, std::char_traits<char>, std::allocator<char> >, std::allocator<std::__cxx11::basic_string<char, std::char_traits<char>, std::allocator<char> > > > const&) + 0x30e (0x71a8478ca26e in /usr/local/lib/python3.12/dist-packages/torch/lib/libtorch_cpu.so)
frame #5: c10d::ProcessGroupNCCL::HeartbeatMonitor::runLoop() + 0x3c8 (0x71a806449868 in /usr/local/lib/python3.12/dist-packages/torch/lib/libtorch_cuda.so)
frame #6: <unknown function> + 0xecdb4 (0x71a867a0cdb4 in /lib/x86_64-linux-gnu/libstdc++.so.6)
frame #7: <unknown function> + 0x9caa4 (0x71a86a48baa4 in /lib/x86_64-linux-gnu/libc.so.6)
frame #8: __clone + 0x44 (0x71a86a518a64 in /lib/x86_64-linux-gnu/libc.so.6)

[rank1]:[W421 05:04:54.573271627 ProcessGroupNCCL.cpp:1771] [PG ID 0 PG GUID 0(default_pg) Rank 1] Failed to check the "should dump" flag on TCPStore, (maybe TCPStore server has shut down too early), with error: Broken pipe
[rank2]:[W421 05:04:54.569590195 TCPStore.cpp:106] [c10d] sendBytes failed on SocketImpl(fd=90, addr=[8f9e71dd3259]:34868, remote=[8f9e71dd3259]:42409): Broken pipe
Exception raised from sendBytes at /pytorch/torch/csrc/distributed/c10d/Utils.hpp:653 (most recent call first):
frame #0: c10::Error::Error(c10::SourceLocation, std::__cxx11::basic_string<char, std::char_traits<char>, std::allocator<char> >) + 0x80 (0x7676c2970b80 in /usr/local/lib/python3.12/dist-packages/torch/lib/libc10.so)
frame #1: <unknown function> + 0x5ffc5b1 (0x767704ccd5b1 in /usr/local/lib/python3.12/dist-packages/torch/lib/libtorch_cpu.so)
frame #2: <unknown function> + 0x5ffce42 (0x767704ccde42 in /usr/local/lib/python3.12/dist-packages/torch/lib/libtorch_cpu.so)
frame #3: <unknown function> + 0x5ffe94e (0x767704ccf94e in /usr/local/lib/python3.12/dist-packages/torch/lib/libtorch_cpu.so)
frame #4: c10d::TCPStore::check(std::vector<std::__cxx11::basic_string<char, std::char_traits<char>, std::allocator<char> >, std::allocator<std::__cxx11::basic_string<char, std::char_traits<char>, std::allocator<char> > > > const&) + 0x30e (0x767704cca26e in /usr/local/lib/python3.12/dist-packages/torch/lib/libtorch_cpu.so)
frame #5: c10d::ProcessGroupNCCL::HeartbeatMonitor::runLoop() + 0x3c8 (0x7676c3849868 in /usr/local/lib/python3.12/dist-packages/torch/lib/libtorch_cuda.so)
frame #6: <unknown function> + 0xecdb4 (0x767724e02db4 in /lib/x86_64-linux-gnu/libstdc++.so.6)
frame #7: <unknown function> + 0x9caa4 (0x767727881aa4 in /lib/x86_64-linux-gnu/libc.so.6)
frame #8: __clone + 0x44 (0x76772790ea64 in /lib/x86_64-linux-gnu/libc.so.6)

[rank2]:[W421 05:04:54.582497314 ProcessGroupNCCL.cpp:1771] [PG ID 0 PG GUID 0(default_pg) Rank 2] Failed to check the "should dump" flag on TCPStore, (maybe TCPStore server has shut down too early), with error: Broken pipe
[rank7]:[W421 05:04:54.570682317 TCPStore.cpp:106] [c10d] sendBytes failed on SocketImpl(fd=90, addr=[8f9e71dd3259]:34862, remote=[8f9e71dd3259]:42409): Broken pipe
Exception raised from sendBytes at /pytorch/torch/csrc/distributed/c10d/Utils.hpp:653 (most recent call first):
frame #0: c10::Error::Error(c10::SourceLocation, std::__cxx11::basic_string<char, std::char_traits<char>, std::allocator<char> >) + 0x80 (0x73ea2317cb80 in /usr/local/lib/python3.12/dist-packages/torch/lib/libc10.so)
frame #1: <unknown function> + 0x5ffc5b1 (0x73ea064cd5b1 in /usr/local/lib/python3.12/dist-packages/torch/lib/libtorch_cpu.so)
frame #2: <unknown function> + 0x5ffce42 (0x73ea064cde42 in /usr/local/lib/python3.12/dist-packages/torch/lib/libtorch_cpu.so)
frame #3: <unknown function> + 0x5ffe94e (0x73ea064cf94e in /usr/local/lib/python3.12/dist-packages/torch/lib/libtorch_cpu.so)
frame #4: c10d::TCPStore::check(std::vector<std::__cxx11::basic_string<char, std::char_traits<char>, std::allocator<char> >, std::allocator<std::__cxx11::basic_string<char, std::char_traits<char>, std::allocator<char> > > > const&) + 0x30e (0x73ea064ca26e in /usr/local/lib/python3.12/dist-packages/torch/lib/libtorch_cpu.so)
frame #5: c10d::ProcessGroupNCCL::HeartbeatMonitor::runLoop() + 0x3c8 (0x73e9c5049868 in /usr/local/lib/python3.12/dist-packages/torch/lib/libtorch_cuda.so)
frame #6: <unknown function> + 0xecdb4 (0x73ea2670adb4 in /lib/x86_64-linux-gnu/libstdc++.so.6)
frame #7: <unknown function> + 0x9caa4 (0x73ea29189aa4 in /lib/x86_64-linux-gnu/libc.so.6)
frame #8: __clone + 0x44 (0x73ea29216a64 in /lib/x86_64-linux-gnu/libc.so.6)

[rank7]:[W421 05:04:54.583699474 ProcessGroupNCCL.cpp:1771] [PG ID 0 PG GUID 0(default_pg) Rank 7] Failed to check the "should dump" flag on TCPStore, (maybe TCPStore server has shut down too early), with error: Broken pipe
[rank5]:[W421 05:04:54.675006580 TCPStore.cpp:106] [c10d] sendBytes failed on SocketImpl(fd=90, addr=[8f9e71dd3259]:34814, remote=[8f9e71dd3259]:42409): Broken pipe
Exception raised from sendBytes at /pytorch/torch/csrc/distributed/c10d/Utils.hpp:653 (most recent call first):
frame #0: c10::Error::Error(c10::SourceLocation, std::__cxx11::basic_string<char, std::char_traits<char>, std::allocator<char> >) + 0x80 (0x7c605f57cb80 in /usr/local/lib/python3.12/dist-packages/torch/lib/libc10.so)
frame #1: <unknown function> + 0x5ffc5b1 (0x7c60428cd5b1 in /usr/local/lib/python3.12/dist-packages/torch/lib/libtorch_cpu.so)
frame #2: <unknown function> + 0x5ffce42 (0x7c60428cde42 in /usr/local/lib/python3.12/dist-packages/torch/lib/libtorch_cpu.so)
frame #3: <unknown function> + 0x5ffe94e (0x7c60428cf94e in /usr/local/lib/python3.12/dist-packages/torch/lib/libtorch_cpu.so)
frame #4: c10d::TCPStore::check(std::vector<std::__cxx11::basic_string<char, std::char_traits<char>, std::allocator<char> >, std::allocator<std::__cxx11::basic_string<char, std::char_traits<char>, std::allocator<char> > > > const&) + 0x30e (0x7c60428ca26e in /usr/local/lib/python3.12/dist-packages/torch/lib/libtorch_cpu.so)
frame #5: c10d::ProcessGroupNCCL::HeartbeatMonitor::runLoop() + 0x3c8 (0x7c6001449868 in /usr/local/lib/python3.12/dist-packages/torch/lib/libtorch_cuda.so)
frame #6: <unknown function> + 0xecdb4 (0x7c6062b44db4 in /lib/x86_64-linux-gnu/libstdc++.so.6)
frame #7: <unknown function> + 0x9caa4 (0x7c60655c3aa4 in /lib/x86_64-linux-gnu/libc.so.6)
frame #8: __clone + 0x44 (0x7c6065650a64 in /lib/x86_64-linux-gnu/libc.so.6)

[rank5]:[W421 05:04:54.687704294 ProcessGroupNCCL.cpp:1771] [PG ID 0 PG GUID 0(default_pg) Rank 5] Failed to check the "should dump" flag on TCPStore, (maybe TCPStore server has shut down too early), with error: Broken pipe
[rank3]:[W421 05:04:54.768538657 TCPStore.cpp:106] [c10d] sendBytes failed on SocketImpl(fd=90, addr=[8f9e71dd3259]:34820, remote=[8f9e71dd3259]:42409): Broken pipe
Exception raised from sendBytes at /pytorch/torch/csrc/distributed/c10d/Utils.hpp:653 (most recent call first):
frame #0: c10::Error::Error(c10::SourceLocation, std::__cxx11::basic_string<char, std::char_traits<char>, std::allocator<char> >) + 0x80 (0x7def52b7cb80 in /usr/local/lib/python3.12/dist-packages/torch/lib/libc10.so)
frame #1: <unknown function> + 0x5ffc5b1 (0x7def35ecd5b1 in /usr/local/lib/python3.12/dist-packages/torch/lib/libtorch_cpu.so)
frame #2: <unknown function> + 0x5ffce42 (0x7def35ecde42 in /usr/local/lib/python3.12/dist-packages/torch/lib/libtorch_cpu.so)
frame #3: <unknown function> + 0x5ffe94e (0x7def35ecf94e in /usr/local/lib/python3.12/dist-packages/torch/lib/libtorch_cpu.so)
frame #4: c10d::TCPStore::check(std::vector<std::__cxx11::basic_string<char, std::char_traits<char>, std::allocator<char> >, std::allocator<std::__cxx11::basic_string<char, std::char_traits<char>, std::allocator<char> > > > const&) + 0x30e (0x7def35eca26e in /usr/local/lib/python3.12/dist-packages/torch/lib/libtorch_cpu.so)
frame #5: c10d::ProcessGroupNCCL::HeartbeatMonitor::runLoop() + 0x3c8 (0x7deef4a49868 in /usr/local/lib/python3.12/dist-packages/torch/lib/libtorch_cuda.so)
frame #6: <unknown function> + 0xecdb4 (0x7def56100db4 in /lib/x86_64-linux-gnu/libstdc++.so.6)
frame #7: <unknown function> + 0x9caa4 (0x7def58b7faa4 in /lib/x86_64-linux-gnu/libc.so.6)
frame #8: __clone + 0x44 (0x7def58c0ca64 in /lib/x86_64-linux-gnu/libc.so.6)

[rank3]:[W421 05:04:54.781577448 ProcessGroupNCCL.cpp:1771] [PG ID 0 PG GUID 0(default_pg) Rank 3] Failed to check the "should dump" flag on TCPStore, (maybe TCPStore server has shut down too early), with error: Broken pipe
[rank6]:[W421 05:04:55.850185780 TCPStore.cpp:106] [c10d] sendBytes failed on SocketImpl(fd=90, addr=[8f9e71dd3259]:34828, remote=[8f9e71dd3259]:42409): Broken pipe
Exception raised from sendBytes at /pytorch/torch/csrc/distributed/c10d/Utils.hpp:653 (most recent call first):
frame #0: c10::Error::Error(c10::SourceLocation, std::__cxx11::basic_string<char, std::char_traits<char>, std::allocator<char> >) + 0x80 (0x77ca19b92b80 in /usr/local/lib/python3.12/dist-packages/torch/lib/libc10.so)
frame #1: <unknown function> + 0x5ffc5b1 (0x77c9fcacd5b1 in /usr/local/lib/python3.12/dist-packages/torch/lib/libtorch_cpu.so)
frame #2: <unknown function> + 0x5ffce42 (0x77c9fcacde42 in /usr/local/lib/python3.12/dist-packages/torch/lib/libtorch_cpu.so)
frame #3: <unknown function> + 0x5ffe94e (0x77c9fcacf94e in /usr/local/lib/python3.12/dist-packages/torch/lib/libtorch_cpu.so)
frame #4: c10d::TCPStore::check(std::vector<std::__cxx11::basic_string<char, std::char_traits<char>, std::allocator<char> >, std::allocator<std::__cxx11::basic_string<char, std::char_traits<char>, std::allocator<char> > > > const&) + 0x30e (0x77c9fcaca26e in /usr/local/lib/python3.12/dist-packages/torch/lib/libtorch_cpu.so)
frame #5: c10d::ProcessGroupNCCL::HeartbeatMonitor::runLoop() + 0x3c8 (0x77c9bb649868 in /usr/local/lib/python3.12/dist-packages/torch/lib/libtorch_cuda.so)
frame #6: <unknown function> + 0xecdb4 (0x77ca1cd97db4 in /lib/x86_64-linux-gnu/libstdc++.so.6)
frame #7: <unknown function> + 0x9caa4 (0x77ca1f816aa4 in /lib/x86_64-linux-gnu/libc.so.6)
frame #8: __clone + 0x44 (0x77ca1f8a3a64 in /lib/x86_64-linux-gnu/libc.so.6)

[rank6]:[W421 05:04:55.863194423 ProcessGroupNCCL.cpp:1771] [PG ID 0 PG GUID 0(default_pg) Rank 6] Failed to check the "should dump" flag on TCPStore, (maybe TCPStore server has shut down too early), with error: Broken pipe
[rank4]:[W421 05:04:55.464460625 TCPStore.cpp:106] [c10d] sendBytes failed on SocketImpl(fd=90, addr=[8f9e71dd3259]:34834, remote=[8f9e71dd3259]:42409): Broken pipe
Exception raised from sendBytes at /pytorch/torch/csrc/distributed/c10d/Utils.hpp:653 (most recent call first):
frame #0: c10::Error::Error(c10::SourceLocation, std::__cxx11::basic_string<char, std::char_traits<char>, std::allocator<char> >) + 0x80 (0x7b1211392b80 in /usr/local/lib/python3.12/dist-packages/torch/lib/libc10.so)
frame #1: <unknown function> + 0x5ffc5b1 (0x7b11f42cd5b1 in /usr/local/lib/python3.12/dist-packages/torch/lib/libtorch_cpu.so)
frame #2: <unknown function> + 0x5ffce42 (0x7b11f42cde42 in /usr/local/lib/python3.12/dist-packages/torch/lib/libtorch_cpu.so)
frame #3: <unknown function> + 0x5ffe94e (0x7b11f42cf94e in /usr/local/lib/python3.12/dist-packages/torch/lib/libtorch_cpu.so)
frame #4: c10d::TCPStore::check(std::vector<std::__cxx11::basic_string<char, std::char_traits<char>, std::allocator<char> >, std::allocator<std::__cxx11::basic_string<char, std::char_traits<char>, std::allocator<char> > > > const&) + 0x30e (0x7b11f42ca26e in /usr/local/lib/python3.12/dist-packages/torch/lib/libtorch_cpu.so)
frame #5: c10d::ProcessGroupNCCL::HeartbeatMonitor::runLoop() + 0x3c8 (0x7b11b2e49868 in /usr/local/lib/python3.12/dist-packages/torch/lib/libtorch_cuda.so)
frame #6: <unknown function> + 0xecdb4 (0x7b121458ddb4 in /lib/x86_64-linux-gnu/libstdc++.so.6)
frame #7: <unknown function> + 0x9caa4 (0x7b121700caa4 in /lib/x86_64-linux-gnu/libc.so.6)
frame #8: __clone + 0x44 (0x7b1217099a64 in /lib/x86_64-linux-gnu/libc.so.6)

[rank4]:[W421 05:04:55.477279121 ProcessGroupNCCL.cpp:1771] [PG ID 0 PG GUID 0(default_pg) Rank 4] Failed to check the "should dump" flag on TCPStore, (maybe TCPStore server has shut down too early), with error: Broken pipe
[rank0]:[W421 05:04:55.572371744 TCPStore.cpp:106] [c10d] sendBytes failed on SocketImpl(fd=90, addr=[8f9e71dd3259]:34854, remote=[8f9e71dd3259]:42409): Broken pipe
Exception raised from sendBytes at /pytorch/torch/csrc/distributed/c10d/Utils.hpp:653 (most recent call first):
frame #0: c10::Error::Error(c10::SourceLocation, std::__cxx11::basic_string<char, std::char_traits<char>, std::allocator<char> >) + 0x80 (0x7c8c8677cb80 in /usr/local/lib/python3.12/dist-packages/torch/lib/libc10.so)
frame #1: <unknown function> + 0x5ffc5b1 (0x7c8c69acd5b1 in /usr/local/lib/python3.12/dist-packages/torch/lib/libtorch_cpu.so)
frame #2: <unknown function> + 0x5ffce42 (0x7c8c69acde42 in /usr/local/lib/python3.12/dist-packages/torch/lib/libtorch_cpu.so)
frame #3: <unknown function> + 0x5ffe94e (0x7c8c69acf94e in /usr/local/lib/python3.12/dist-packages/torch/lib/libtorch_cpu.so)
frame #4: c10d::TCPStore::check(std::vector<std::__cxx11::basic_string<char, std::char_traits<char>, std::allocator<char> >, std::allocator<std::__cxx11::basic_string<char, std::char_traits<char>, std::allocator<char> > > > const&) + 0x30e (0x7c8c69aca26e in /usr/local/lib/python3.12/dist-packages/torch/lib/libtorch_cpu.so)
frame #5: c10d::ProcessGroupNCCL::HeartbeatMonitor::runLoop() + 0x3c8 (0x7c8c28649868 in /usr/local/lib/python3.12/dist-packages/torch/lib/libtorch_cuda.so)
frame #6: <unknown function> + 0xecdb4 (0x7c8c89d10db4 in /lib/x86_64-linux-gnu/libstdc++.so.6)
frame #7: <unknown function> + 0x9caa4 (0x7c8c8c78faa4 in /lib/x86_64-linux-gnu/libc.so.6)
frame #8: __clone + 0x44 (0x7c8c8c81ca64 in /lib/x86_64-linux-gnu/libc.so.6)

[rank0]:[W421 05:04:55.585388816 ProcessGroupNCCL.cpp:1771] [PG ID 0 PG GUID 0(default_pg) Rank 0] Failed to check the "should dump" flag on TCPStore, (maybe TCPStore server has shut down too early), with error: Broken pipe
[rank1]:[W421 05:04:55.573391569 TCPStore.cpp:106] [c10d] sendBytes failed on SocketImpl(fd=90, addr=[8f9e71dd3259]:34844, remote=[8f9e71dd3259]:42409): Broken pipe
Exception raised from sendBytes at /pytorch/torch/csrc/distributed/c10d/Utils.hpp:653 (most recent call first):
frame #0: c10::Error::Error(c10::SourceLocation, std::__cxx11::basic_string<char, std::char_traits<char>, std::allocator<char> >) + 0x80 (0x71a805570b80 in /usr/local/lib/python3.12/dist-packages/torch/lib/libc10.so)
frame #1: <unknown function> + 0x5ffc5b1 (0x71a8478cd5b1 in /usr/local/lib/python3.12/dist-packages/torch/lib/libtorch_cpu.so)
frame #2: <unknown function> + 0x5ffce42 (0x71a8478cde42 in /usr/local/lib/python3.12/dist-packages/torch/lib/libtorch_cpu.so)
frame #3: <unknown function> + 0x5ffe94e (0x71a8478cf94e in /usr/local/lib/python3.12/dist-packages/torch/lib/libtorch_cpu.so)
frame #4: c10d::TCPStore::check(std::vector<std::__cxx11::basic_string<char, std::char_traits<char>, std::allocator<char> >, std::allocator<std::__cxx11::basic_string<char, std::char_traits<char>, std::allocator<char> > > > const&) + 0x30e (0x71a8478ca26e in /usr/local/lib/python3.12/dist-packages/torch/lib/libtorch_cpu.so)
frame #5: c10d::ProcessGroupNCCL::HeartbeatMonitor::runLoop() + 0x3c8 (0x71a806449868 in /usr/local/lib/python3.12/dist-packages/torch/lib/libtorch_cuda.so)
frame #6: <unknown function> + 0xecdb4 (0x71a867a0cdb4 in /lib/x86_64-linux-gnu/libstdc++.so.6)
frame #7: <unknown function> + 0x9caa4 (0x71a86a48baa4 in /lib/x86_64-linux-gnu/libc.so.6)
frame #8: __clone + 0x44 (0x71a86a518a64 in /lib/x86_64-linux-gnu/libc.so.6)

[rank1]:[W421 05:04:55.586278629 ProcessGroupNCCL.cpp:1771] [PG ID 0 PG GUID 0(default_pg) Rank 1] Failed to check the "should dump" flag on TCPStore, (maybe TCPStore server has shut down too early), with error: Broken pipe
[rank2]:[W421 05:04:55.582589880 TCPStore.cpp:106] [c10d] sendBytes failed on SocketImpl(fd=90, addr=[8f9e71dd3259]:34868, remote=[8f9e71dd3259]:42409): Broken pipe
Exception raised from sendBytes at /pytorch/torch/csrc/distributed/c10d/Utils.hpp:653 (most recent call first):
frame #0: c10::Error::Error(c10::SourceLocation, std::__cxx11::basic_string<char, std::char_traits<char>, std::allocator<char> >) + 0x80 (0x7676c2970b80 in /usr/local/lib/python3.12/dist-packages/torch/lib/libc10.so)
frame #1: <unknown function> + 0x5ffc5b1 (0x767704ccd5b1 in /usr/local/lib/python3.12/dist-packages/torch/lib/libtorch_cpu.so)
frame #2: <unknown function> + 0x5ffce42 (0x767704ccde42 in /usr/local/lib/python3.12/dist-packages/torch/lib/libtorch_cpu.so)
frame #3: <unknown function> + 0x5ffe94e (0x767704ccf94e in /usr/local/lib/python3.12/dist-packages/torch/lib/libtorch_cpu.so)
frame #4: c10d::TCPStore::check(std::vector<std::__cxx11::basic_string<char, std::char_traits<char>, std::allocator<char> >, std::allocator<std::__cxx11::basic_string<char, std::char_traits<char>, std::allocator<char> > > > const&) + 0x30e (0x767704cca26e in /usr/local/lib/python3.12/dist-packages/torch/lib/libtorch_cpu.so)
frame #5: c10d::ProcessGroupNCCL::HeartbeatMonitor::runLoop() + 0x3c8 (0x7676c3849868 in /usr/local/lib/python3.12/dist-packages/torch/lib/libtorch_cuda.so)
frame #6: <unknown function> + 0xecdb4 (0x767724e02db4 in /lib/x86_64-linux-gnu/libstdc++.so.6)
frame #7: <unknown function> + 0x9caa4 (0x767727881aa4 in /lib/x86_64-linux-gnu/libc.so.6)
frame #8: __clone + 0x44 (0x76772790ea64 in /lib/x86_64-linux-gnu/libc.so.6)

[rank2]:[W421 05:04:55.595397988 ProcessGroupNCCL.cpp:1771] [PG ID 0 PG GUID 0(default_pg) Rank 2] Failed to check the "should dump" flag on TCPStore, (maybe TCPStore server has shut down too early), with error: Broken pipe
[rank7]:[W421 05:04:55.583803071 TCPStore.cpp:106] [c10d] sendBytes failed on SocketImpl(fd=90, addr=[8f9e71dd3259]:34862, remote=[8f9e71dd3259]:42409): Broken pipe
Exception raised from sendBytes at /pytorch/torch/csrc/distributed/c10d/Utils.hpp:653 (most recent call first):
frame #0: c10::Error::Error(c10::SourceLocation, std::__cxx11::basic_string<char, std::char_traits<char>, std::allocator<char> >) + 0x80 (0x73ea2317cb80 in /usr/local/lib/python3.12/dist-packages/torch/lib/libc10.so)
frame #1: <unknown function> + 0x5ffc5b1 (0x73ea064cd5b1 in /usr/local/lib/python3.12/dist-packages/torch/lib/libtorch_cpu.so)
frame #2: <unknown function> + 0x5ffce42 (0x73ea064cde42 in /usr/local/lib/python3.12/dist-packages/torch/lib/libtorch_cpu.so)
frame #3: <unknown function> + 0x5ffe94e (0x73ea064cf94e in /usr/local/lib/python3.12/dist-packages/torch/lib/libtorch_cpu.so)
frame #4: c10d::TCPStore::check(std::vector<std::__cxx11::basic_string<char, std::char_traits<char>, std::allocator<char> >, std::allocator<std::__cxx11::basic_string<char, std::char_traits<char>, std::allocator<char> > > > const&) + 0x30e (0x73ea064ca26e in /usr/local/lib/python3.12/dist-packages/torch/lib/libtorch_cpu.so)
frame #5: c10d::ProcessGroupNCCL::HeartbeatMonitor::runLoop() + 0x3c8 (0x73e9c5049868 in /usr/local/lib/python3.12/dist-packages/torch/lib/libtorch_cuda.so)
frame #6: <unknown function> + 0xecdb4 (0x73ea2670adb4 in /lib/x86_64-linux-gnu/libstdc++.so.6)
frame #7: <unknown function> + 0x9caa4 (0x73ea29189aa4 in /lib/x86_64-linux-gnu/libc.so.6)
frame #8: __clone + 0x44 (0x73ea29216a64 in /lib/x86_64-linux-gnu/libc.so.6)

[rank7]:[W421 05:04:55.596725295 ProcessGroupNCCL.cpp:1771] [PG ID 0 PG GUID 0(default_pg) Rank 7] Failed to check the "should dump" flag on TCPStore, (maybe TCPStore server has shut down too early), with error: Broken pipe
[rank5]:[W421 05:04:55.687791957 TCPStore.cpp:106] [c10d] sendBytes failed on SocketImpl(fd=90, addr=[8f9e71dd3259]:34814, remote=[8f9e71dd3259]:42409): Broken pipe
Exception raised from sendBytes at /pytorch/torch/csrc/distributed/c10d/Utils.hpp:653 (most recent call first):
frame #0: c10::Error::Error(c10::SourceLocation, std::__cxx11::basic_string<char, std::char_traits<char>, std::allocator<char> >) + 0x80 (0x7c605f57cb80 in /usr/local/lib/python3.12/dist-packages/torch/lib/libc10.so)
frame #1: <unknown function> + 0x5ffc5b1 (0x7c60428cd5b1 in /usr/local/lib/python3.12/dist-packages/torch/lib/libtorch_cpu.so)
frame #2: <unknown function> + 0x5ffce42 (0x7c60428cde42 in /usr/local/lib/python3.12/dist-packages/torch/lib/libtorch_cpu.so)
frame #3: <unknown function> + 0x5ffe94e (0x7c60428cf94e in /usr/local/lib/python3.12/dist-packages/torch/lib/libtorch_cpu.so)
frame #4: c10d::TCPStore::check(std::vector<std::__cxx11::basic_string<char, std::char_traits<char>, std::allocator<char> >, std::allocator<std::__cxx11::basic_string<char, std::char_traits<char>, std::allocator<char> > > > const&) + 0x30e (0x7c60428ca26e in /usr/local/lib/python3.12/dist-packages/torch/lib/libtorch_cpu.so)
frame #5: c10d::ProcessGroupNCCL::HeartbeatMonitor::runLoop() + 0x3c8 (0x7c6001449868 in /usr/local/lib/python3.12/dist-packages/torch/lib/libtorch_cuda.so)
frame #6: <unknown function> + 0xecdb4 (0x7c6062b44db4 in /lib/x86_64-linux-gnu/libstdc++.so.6)
frame #7: <unknown function> + 0x9caa4 (0x7c60655c3aa4 in /lib/x86_64-linux-gnu/libc.so.6)
frame #8: __clone + 0x44 (0x7c6065650a64 in /lib/x86_64-linux-gnu/libc.so.6)

[rank5]:[W421 05:04:55.700793454 ProcessGroupNCCL.cpp:1771] [PG ID 0 PG GUID 0(default_pg) Rank 5] Failed to check the "should dump" flag on TCPStore, (maybe TCPStore server has shut down too early), with error: Broken pipe
[rank3]:[W421 05:04:55.781709499 TCPStore.cpp:106] [c10d] sendBytes failed on SocketImpl(fd=90, addr=[8f9e71dd3259]:34820, remote=[8f9e71dd3259]:42409): Broken pipe
Exception raised from sendBytes at /pytorch/torch/csrc/distributed/c10d/Utils.hpp:653 (most recent call first):
frame #0: c10::Error::Error(c10::SourceLocation, std::__cxx11::basic_string<char, std::char_traits<char>, std::allocator<char> >) + 0x80 (0x7def52b7cb80 in /usr/local/lib/python3.12/dist-packages/torch/lib/libc10.so)
frame #1: <unknown function> + 0x5ffc5b1 (0x7def35ecd5b1 in /usr/local/lib/python3.12/dist-packages/torch/lib/libtorch_cpu.so)
frame #2: <unknown function> + 0x5ffce42 (0x7def35ecde42 in /usr/local/lib/python3.12/dist-packages/torch/lib/libtorch_cpu.so)
frame #3: <unknown function> + 0x5ffe94e (0x7def35ecf94e in /usr/local/lib/python3.12/dist-packages/torch/lib/libtorch_cpu.so)
frame #4: c10d::TCPStore::check(std::vector<std::__cxx11::basic_string<char, std::char_traits<char>, std::allocator<char> >, std::allocator<std::__cxx11::basic_string<char, std::char_traits<char>, std::allocator<char> > > > const&) + 0x30e (0x7def35eca26e in /usr/local/lib/python3.12/dist-packages/torch/lib/libtorch_cpu.so)
frame #5: c10d::ProcessGroupNCCL::HeartbeatMonitor::runLoop() + 0x3c8 (0x7deef4a49868 in /usr/local/lib/python3.12/dist-packages/torch/lib/libtorch_cuda.so)
frame #6: <unknown function> + 0xecdb4 (0x7def56100db4 in /lib/x86_64-linux-gnu/libstdc++.so.6)
frame #7: <unknown function> + 0x9caa4 (0x7def58b7faa4 in /lib/x86_64-linux-gnu/libc.so.6)
frame #8: __clone + 0x44 (0x7def58c0ca64 in /lib/x86_64-linux-gnu/libc.so.6)

[rank3]:[W421 05:04:56.794675906 ProcessGroupNCCL.cpp:1771] [PG ID 0 PG GUID 0(default_pg) Rank 3] Failed to check the "should dump" flag on TCPStore, (maybe TCPStore server has shut down too early), with error: Broken pipe
[rank6]:[W421 05:04:56.863331009 TCPStore.cpp:106] [c10d] sendBytes failed on SocketImpl(fd=90, addr=[8f9e71dd3259]:34828, remote=[8f9e71dd3259]:42409): Broken pipe
Exception raised from sendBytes at /pytorch/torch/csrc/distributed/c10d/Utils.hpp:653 (most recent call first):
frame #0: c10::Error::Error(c10::SourceLocation, std::__cxx11::basic_string<char, std::char_traits<char>, std::allocator<char> >) + 0x80 (0x77ca19b92b80 in /usr/local/lib/python3.12/dist-packages/torch/lib/libc10.so)
frame #1: <unknown function> + 0x5ffc5b1 (0x77c9fcacd5b1 in /usr/local/lib/python3.12/dist-packages/torch/lib/libtorch_cpu.so)
frame #2: <unknown function> + 0x5ffce42 (0x77c9fcacde42 in /usr/local/lib/python3.12/dist-packages/torch/lib/libtorch_cpu.so)
frame #3: <unknown function> + 0x5ffe94e (0x77c9fcacf94e in /usr/local/lib/python3.12/dist-packages/torch/lib/libtorch_cpu.so)
frame #4: c10d::TCPStore::check(std::vector<std::__cxx11::basic_string<char, std::char_traits<char>, std::allocator<char> >, std::allocator<std::__cxx11::basic_string<char, std::char_traits<char>, std::allocator<char> > > > const&) + 0x30e (0x77c9fcaca26e in /usr/local/lib/python3.12/dist-packages/torch/lib/libtorch_cpu.so)
frame #5: c10d::ProcessGroupNCCL::HeartbeatMonitor::runLoop() + 0x3c8 (0x77c9bb649868 in /usr/local/lib/python3.12/dist-packages/torch/lib/libtorch_cuda.so)
frame #6: <unknown function> + 0xecdb4 (0x77ca1cd97db4 in /lib/x86_64-linux-gnu/libstdc++.so.6)
frame #7: <unknown function> + 0x9caa4 (0x77ca1f816aa4 in /lib/x86_64-linux-gnu/libc.so.6)
frame #8: __clone + 0x44 (0x77ca1f8a3a64 in /lib/x86_64-linux-gnu/libc.so.6)

[rank6]:[W421 05:04:56.876334080 ProcessGroupNCCL.cpp:1771] [PG ID 0 PG GUID 0(default_pg) Rank 6] Failed to check the "should dump" flag on TCPStore, (maybe TCPStore server has shut down too early), with error: Broken pipe
[rank4]:[W421 05:04:56.477387129 TCPStore.cpp:106] [c10d] sendBytes failed on SocketImpl(fd=90, addr=[8f9e71dd3259]:34834, remote=[8f9e71dd3259]:42409): Broken pipe
Exception raised from sendBytes at /pytorch/torch/csrc/distributed/c10d/Utils.hpp:653 (most recent call first):
frame #0: c10::Error::Error(c10::SourceLocation, std::__cxx11::basic_string<char, std::char_traits<char>, std::allocator<char> >) + 0x80 (0x7b1211392b80 in /usr/local/lib/python3.12/dist-packages/torch/lib/libc10.so)
frame #1: <unknown function> + 0x5ffc5b1 (0x7b11f42cd5b1 in /usr/local/lib/python3.12/dist-packages/torch/lib/libtorch_cpu.so)
frame #2: <unknown function> + 0x5ffce42 (0x7b11f42cde42 in /usr/local/lib/python3.12/dist-packages/torch/lib/libtorch_cpu.so)
frame #3: <unknown function> + 0x5ffe94e (0x7b11f42cf94e in /usr/local/lib/python3.12/dist-packages/torch/lib/libtorch_cpu.so)
frame #4: c10d::TCPStore::check(std::vector<std::__cxx11::basic_string<char, std::char_traits<char>, std::allocator<char> >, std::allocator<std::__cxx11::basic_string<char, std::char_traits<char>, std::allocator<char> > > > const&) + 0x30e (0x7b11f42ca26e in /usr/local/lib/python3.12/dist-packages/torch/lib/libtorch_cpu.so)
frame #5: c10d::ProcessGroupNCCL::HeartbeatMonitor::runLoop() + 0x3c8 (0x7b11b2e49868 in /usr/local/lib/python3.12/dist-packages/torch/lib/libtorch_cuda.so)
frame #6: <unknown function> + 0xecdb4 (0x7b121458ddb4 in /lib/x86_64-linux-gnu/libstdc++.so.6)
frame #7: <unknown function> + 0x9caa4 (0x7b121700caa4 in /lib/x86_64-linux-gnu/libc.so.6)
frame #8: __clone + 0x44 (0x7b1217099a64 in /lib/x86_64-linux-gnu/libc.so.6)

[rank4]:[W421 05:04:56.490083083 ProcessGroupNCCL.cpp:1771] [PG ID 0 PG GUID 0(default_pg) Rank 4] Failed to check the "should dump" flag on TCPStore, (maybe TCPStore server has shut down too early), with error: Broken pipe
[rank0]:[W421 05:04:56.585493984 TCPStore.cpp:106] [c10d] sendBytes failed on SocketImpl(fd=90, addr=[8f9e71dd3259]:34854, remote=[8f9e71dd3259]:42409): Broken pipe
Exception raised from sendBytes at /pytorch/torch/csrc/distributed/c10d/Utils.hpp:653 (most recent call first):
frame #0: c10::Error::Error(c10::SourceLocation, std::__cxx11::basic_string<char, std::char_traits<char>, std::allocator<char> >) + 0x80 (0x7c8c8677cb80 in /usr/local/lib/python3.12/dist-packages/torch/lib/libc10.so)
frame #1: <unknown function> + 0x5ffc5b1 (0x7c8c69acd5b1 in /usr/local/lib/python3.12/dist-packages/torch/lib/libtorch_cpu.so)
frame #2: <unknown function> + 0x5ffce42 (0x7c8c69acde42 in /usr/local/lib/python3.12/dist-packages/torch/lib/libtorch_cpu.so)
frame #3: <unknown function> + 0x5ffe94e (0x7c8c69acf94e in /usr/local/lib/python3.12/dist-packages/torch/lib/libtorch_cpu.so)
frame #4: c10d::TCPStore::check(std::vector<std::__cxx11::basic_string<char, std::char_traits<char>, std::allocator<char> >, std::allocator<std::__cxx11::basic_string<char, std::char_traits<char>, std::allocator<char> > > > const&) + 0x30e (0x7c8c69aca26e in /usr/local/lib/python3.12/dist-packages/torch/lib/libtorch_cpu.so)
frame #5: c10d::ProcessGroupNCCL::HeartbeatMonitor::runLoop() + 0x3c8 (0x7c8c28649868 in /usr/local/lib/python3.12/dist-packages/torch/lib/libtorch_cuda.so)
frame #6: <unknown function> + 0xecdb4 (0x7c8c89d10db4 in /lib/x86_64-linux-gnu/libstdc++.so.6)
frame #7: <unknown function> + 0x9caa4 (0x7c8c8c78faa4 in /lib/x86_64-linux-gnu/libc.so.6)
frame #8: __clone + 0x44 (0x7c8c8c81ca64 in /lib/x86_64-linux-gnu/libc.so.6)

[rank0]:[W421 05:04:56.598388649 ProcessGroupNCCL.cpp:1771] [PG ID 0 PG GUID 0(default_pg) Rank 0] Failed to check the "should dump" flag on TCPStore, (maybe TCPStore server has shut down too early), with error: Broken pipe
[rank1]:[W421 05:04:56.586380129 TCPStore.cpp:106] [c10d] sendBytes failed on SocketImpl(fd=90, addr=[8f9e71dd3259]:34844, remote=[8f9e71dd3259]:42409): Broken pipe
Exception raised from sendBytes at /pytorch/torch/csrc/distributed/c10d/Utils.hpp:653 (most recent call first):
frame #0: c10::Error::Error(c10::SourceLocation, std::__cxx11::basic_string<char, std::char_traits<char>, std::allocator<char> >) + 0x80 (0x71a805570b80 in /usr/local/lib/python3.12/dist-packages/torch/lib/libc10.so)
frame #1: <unknown function> + 0x5ffc5b1 (0x71a8478cd5b1 in /usr/local/lib/python3.12/dist-packages/torch/lib/libtorch_cpu.so)
frame #2: <unknown function> + 0x5ffce42 (0x71a8478cde42 in /usr/local/lib/python3.12/dist-packages/torch/lib/libtorch_cpu.so)
frame #3: <unknown function> + 0x5ffe94e (0x71a8478cf94e in /usr/local/lib/python3.12/dist-packages/torch/lib/libtorch_cpu.so)
frame #4: c10d::TCPStore::check(std::vector<std::__cxx11::basic_string<char, std::char_traits<char>, std::allocator<char> >, std::allocator<std::__cxx11::basic_string<char, std::char_traits<char>, std::allocator<char> > > > const&) + 0x30e (0x71a8478ca26e in /usr/local/lib/python3.12/dist-packages/torch/lib/libtorch_cpu.so)
frame #5: c10d::ProcessGroupNCCL::HeartbeatMonitor::runLoop() + 0x3c8 (0x71a806449868 in /usr/local/lib/python3.12/dist-packages/torch/lib/libtorch_cuda.so)
frame #6: <unknown function> + 0xecdb4 (0x71a867a0cdb4 in /lib/x86_64-linux-gnu/libstdc++.so.6)
frame #7: <unknown function> + 0x9caa4 (0x71a86a48baa4 in /lib/x86_64-linux-gnu/libc.so.6)
frame #8: __clone + 0x44 (0x71a86a518a64 in /lib/x86_64-linux-gnu/libc.so.6)

[rank1]:[W421 05:04:56.599251870 ProcessGroupNCCL.cpp:1771] [PG ID 0 PG GUID 0(default_pg) Rank 1] Failed to check the "should dump" flag on TCPStore, (maybe TCPStore server has shut down too early), with error: Broken pipe
[rank2]:[W421 05:04:56.595501384 TCPStore.cpp:106] [c10d] sendBytes failed on SocketImpl(fd=90, addr=[8f9e71dd3259]:34868, remote=[8f9e71dd3259]:42409): Broken pipe
Exception raised from sendBytes at /pytorch/torch/csrc/distributed/c10d/Utils.hpp:653 (most recent call first):
frame #0: c10::Error::Error(c10::SourceLocation, std::__cxx11::basic_string<char, std::char_traits<char>, std::allocator<char> >) + 0x80 (0x7676c2970b80 in /usr/local/lib/python3.12/dist-packages/torch/lib/libc10.so)
frame #1: <unknown function> + 0x5ffc5b1 (0x767704ccd5b1 in /usr/local/lib/python3.12/dist-packages/torch/lib/libtorch_cpu.so)
frame #2: <unknown function> + 0x5ffce42 (0x767704ccde42 in /usr/local/lib/python3.12/dist-packages/torch/lib/libtorch_cpu.so)
frame #3: <unknown function> + 0x5ffe94e (0x767704ccf94e in /usr/local/lib/python3.12/dist-packages/torch/lib/libtorch_cpu.so)
frame #4: c10d::TCPStore::check(std::vector<std::__cxx11::basic_string<char, std::char_traits<char>, std::allocator<char> >, std::allocator<std::__cxx11::basic_string<char, std::char_traits<char>, std::allocator<char> > > > const&) + 0x30e (0x767704cca26e in /usr/local/lib/python3.12/dist-packages/torch/lib/libtorch_cpu.so)
frame #5: c10d::ProcessGroupNCCL::HeartbeatMonitor::runLoop() + 0x3c8 (0x7676c3849868 in /usr/local/lib/python3.12/dist-packages/torch/lib/libtorch_cuda.so)
frame #6: <unknown function> + 0xecdb4 (0x767724e02db4 in /lib/x86_64-linux-gnu/libstdc++.so.6)
frame #7: <unknown function> + 0x9caa4 (0x767727881aa4 in /lib/x86_64-linux-gnu/libc.so.6)
frame #8: __clone + 0x44 (0x76772790ea64 in /lib/x86_64-linux-gnu/libc.so.6)

[rank2]:[W421 05:04:56.608383133 ProcessGroupNCCL.cpp:1771] [PG ID 0 PG GUID 0(default_pg) Rank 2] Failed to check the "should dump" flag on TCPStore, (maybe TCPStore server has shut down too early), with error: Broken pipe
[rank7]:[W421 05:04:56.596832826 TCPStore.cpp:106] [c10d] sendBytes failed on SocketImpl(fd=90, addr=[8f9e71dd3259]:34862, remote=[8f9e71dd3259]:42409): Broken pipe
Exception raised from sendBytes at /pytorch/torch/csrc/distributed/c10d/Utils.hpp:653 (most recent call first):
frame #0: c10::Error::Error(c10::SourceLocation, std::__cxx11::basic_string<char, std::char_traits<char>, std::allocator<char> >) + 0x80 (0x73ea2317cb80 in /usr/local/lib/python3.12/dist-packages/torch/lib/libc10.so)
frame #1: <unknown function> + 0x5ffc5b1 (0x73ea064cd5b1 in /usr/local/lib/python3.12/dist-packages/torch/lib/libtorch_cpu.so)
frame #2: <unknown function> + 0x5ffce42 (0x73ea064cde42 in /usr/local/lib/python3.12/dist-packages/torch/lib/libtorch_cpu.so)
frame #3: <unknown function> + 0x5ffe94e (0x73ea064cf94e in /usr/local/lib/python3.12/dist-packages/torch/lib/libtorch_cpu.so)
frame #4: c10d::TCPStore::check(std::vector<std::__cxx11::basic_string<char, std::char_traits<char>, std::allocator<char> >, std::allocator<std::__cxx11::basic_string<char, std::char_traits<char>, std::allocator<char> > > > const&) + 0x30e (0x73ea064ca26e in /usr/local/lib/python3.12/dist-packages/torch/lib/libtorch_cpu.so)
frame #5: c10d::ProcessGroupNCCL::HeartbeatMonitor::runLoop() + 0x3c8 (0x73e9c5049868 in /usr/local/lib/python3.12/dist-packages/torch/lib/libtorch_cuda.so)
frame #6: <unknown function> + 0xecdb4 (0x73ea2670adb4 in /lib/x86_64-linux-gnu/libstdc++.so.6)
frame #7: <unknown function> + 0x9caa4 (0x73ea29189aa4 in /lib/x86_64-linux-gnu/libc.so.6)
frame #8: __clone + 0x44 (0x73ea29216a64 in /lib/x86_64-linux-gnu/libc.so.6)

[rank7]:[W421 05:04:56.609650167 ProcessGroupNCCL.cpp:1771] [PG ID 0 PG GUID 0(default_pg) Rank 7] Failed to check the "should dump" flag on TCPStore, (maybe TCPStore server has shut down too early), with error: Broken pipe
[rank5]:[W421 05:04:56.700889992 TCPStore.cpp:106] [c10d] sendBytes failed on SocketImpl(fd=90, addr=[8f9e71dd3259]:34814, remote=[8f9e71dd3259]:42409): Broken pipe
Exception raised from sendBytes at /pytorch/torch/csrc/distributed/c10d/Utils.hpp:653 (most recent call first):
frame #0: c10::Error::Error(c10::SourceLocation, std::__cxx11::basic_string<char, std::char_traits<char>, std::allocator<char> >) + 0x80 (0x7c605f57cb80 in /usr/local/lib/python3.12/dist-packages/torch/lib/libc10.so)
frame #1: <unknown function> + 0x5ffc5b1 (0x7c60428cd5b1 in /usr/local/lib/python3.12/dist-packages/torch/lib/libtorch_cpu.so)
frame #2: <unknown function> + 0x5ffce42 (0x7c60428cde42 in /usr/local/lib/python3.12/dist-packages/torch/lib/libtorch_cpu.so)
frame #3: <unknown function> + 0x5ffe94e (0x7c60428cf94e in /usr/local/lib/python3.12/dist-packages/torch/lib/libtorch_cpu.so)
frame #4: c10d::TCPStore::check(std::vector<std::__cxx11::basic_string<char, std::char_traits<char>, std::allocator<char> >, std::allocator<std::__cxx11::basic_string<char, std::char_traits<char>, std::allocator<char> > > > const&) + 0x30e (0x7c60428ca26e in /usr/local/lib/python3.12/dist-packages/torch/lib/libtorch_cpu.so)
frame #5: c10d::ProcessGroupNCCL::HeartbeatMonitor::runLoop() + 0x3c8 (0x7c6001449868 in /usr/local/lib/python3.12/dist-packages/torch/lib/libtorch_cuda.so)
frame #6: <unknown function> + 0xecdb4 (0x7c6062b44db4 in /lib/x86_64-linux-gnu/libstdc++.so.6)
frame #7: <unknown function> + 0x9caa4 (0x7c60655c3aa4 in /lib/x86_64-linux-gnu/libc.so.6)
frame #8: __clone + 0x44 (0x7c6065650a64 in /lib/x86_64-linux-gnu/libc.so.6)

[rank5]:[W421 05:04:56.713615603 ProcessGroupNCCL.cpp:1771] [PG ID 0 PG GUID 0(default_pg) Rank 5] Failed to check the "should dump" flag on TCPStore, (maybe TCPStore server has shut down too early), with error: Broken pipe
[rank3]:[W421 05:04:57.794794332 TCPStore.cpp:106] [c10d] sendBytes failed on SocketImpl(fd=90, addr=[8f9e71dd3259]:34820, remote=[8f9e71dd3259]:42409): Broken pipe
Exception raised from sendBytes at /pytorch/torch/csrc/distributed/c10d/Utils.hpp:653 (most recent call first):
frame #0: c10::Error::Error(c10::SourceLocation, std::__cxx11::basic_string<char, std::char_traits<char>, std::allocator<char> >) + 0x80 (0x7def52b7cb80 in /usr/local/lib/python3.12/dist-packages/torch/lib/libc10.so)
frame #1: <unknown function> + 0x5ffc5b1 (0x7def35ecd5b1 in /usr/local/lib/python3.12/dist-packages/torch/lib/libtorch_cpu.so)
frame #2: <unknown function> + 0x5ffce42 (0x7def35ecde42 in /usr/local/lib/python3.12/dist-packages/torch/lib/libtorch_cpu.so)
frame #3: <unknown function> + 0x5ffe94e (0x7def35ecf94e in /usr/local/lib/python3.12/dist-packages/torch/lib/libtorch_cpu.so)
frame #4: c10d::TCPStore::check(std::vector<std::__cxx11::basic_string<char, std::char_traits<char>, std::allocator<char> >, std::allocator<std::__cxx11::basic_string<char, std::char_traits<char>, std::allocator<char> > > > const&) + 0x30e (0x7def35eca26e in /usr/local/lib/python3.12/dist-packages/torch/lib/libtorch_cpu.so)
frame #5: c10d::ProcessGroupNCCL::HeartbeatMonitor::runLoop() + 0x3c8 (0x7deef4a49868 in /usr/local/lib/python3.12/dist-packages/torch/lib/libtorch_cuda.so)
frame #6: <unknown function> + 0xecdb4 (0x7def56100db4 in /lib/x86_64-linux-gnu/libstdc++.so.6)
frame #7: <unknown function> + 0x9caa4 (0x7def58b7faa4 in /lib/x86_64-linux-gnu/libc.so.6)
frame #8: __clone + 0x44 (0x7def58c0ca64 in /lib/x86_64-linux-gnu/libc.so.6)

[rank3]:[W421 05:04:57.807828995 ProcessGroupNCCL.cpp:1771] [PG ID 0 PG GUID 0(default_pg) Rank 3] Failed to check the "should dump" flag on TCPStore, (maybe TCPStore server has shut down too early), with error: Broken pipe
[rank6]:[W421 05:04:57.876469471 TCPStore.cpp:106] [c10d] sendBytes failed on SocketImpl(fd=90, addr=[8f9e71dd3259]:34828, remote=[8f9e71dd3259]:42409): Broken pipe
Exception raised from sendBytes at /pytorch/torch/csrc/distributed/c10d/Utils.hpp:653 (most recent call first):
frame #0: c10::Error::Error(c10::SourceLocation, std::__cxx11::basic_string<char, std::char_traits<char>, std::allocator<char> >) + 0x80 (0x77ca19b92b80 in /usr/local/lib/python3.12/dist-packages/torch/lib/libc10.so)
frame #1: <unknown function> + 0x5ffc5b1 (0x77c9fcacd5b1 in /usr/local/lib/python3.12/dist-packages/torch/lib/libtorch_cpu.so)
frame #2: <unknown function> + 0x5ffce42 (0x77c9fcacde42 in /usr/local/lib/python3.12/dist-packages/torch/lib/libtorch_cpu.so)
frame #3: <unknown function> + 0x5ffe94e (0x77c9fcacf94e in /usr/local/lib/python3.12/dist-packages/torch/lib/libtorch_cpu.so)
frame #4: c10d::TCPStore::check(std::vector<std::__cxx11::basic_string<char, std::char_traits<char>, std::allocator<char> >, std::allocator<std::__cxx11::basic_string<char, std::char_traits<char>, std::allocator<char> > > > const&) + 0x30e (0x77c9fcaca26e in /usr/local/lib/python3.12/dist-packages/torch/lib/libtorch_cpu.so)
frame #5: c10d::ProcessGroupNCCL::HeartbeatMonitor::runLoop() + 0x3c8 (0x77c9bb649868 in /usr/local/lib/python3.12/dist-packages/torch/lib/libtorch_cuda.so)
frame #6: <unknown function> + 0xecdb4 (0x77ca1cd97db4 in /lib/x86_64-linux-gnu/libstdc++.so.6)
frame #7: <unknown function> + 0x9caa4 (0x77ca1f816aa4 in /lib/x86_64-linux-gnu/libc.so.6)
frame #8: __clone + 0x44 (0x77ca1f8a3a64 in /lib/x86_64-linux-gnu/libc.so.6)

[rank6]:[W421 05:04:57.889461070 ProcessGroupNCCL.cpp:1771] [PG ID 0 PG GUID 0(default_pg) Rank 6] Failed to check the "should dump" flag on TCPStore, (maybe TCPStore server has shut down too early), with error: Broken pipe
[rank4]:[W421 05:04:57.490172699 TCPStore.cpp:106] [c10d] sendBytes failed on SocketImpl(fd=90, addr=[8f9e71dd3259]:34834, remote=[8f9e71dd3259]:42409): Broken pipe
Exception raised from sendBytes at /pytorch/torch/csrc/distributed/c10d/Utils.hpp:653 (most recent call first):
frame #0: c10::Error::Error(c10::SourceLocation, std::__cxx11::basic_string<char, std::char_traits<char>, std::allocator<char> >) + 0x80 (0x7b1211392b80 in /usr/local/lib/python3.12/dist-packages/torch/lib/libc10.so)
frame #1: <unknown function> + 0x5ffc5b1 (0x7b11f42cd5b1 in /usr/local/lib/python3.12/dist-packages/torch/lib/libtorch_cpu.so)
frame #2: <unknown function> + 0x5ffce42 (0x7b11f42cde42 in /usr/local/lib/python3.12/dist-packages/torch/lib/libtorch_cpu.so)
frame #3: <unknown function> + 0x5ffe94e (0x7b11f42cf94e in /usr/local/lib/python3.12/dist-packages/torch/lib/libtorch_cpu.so)
frame #4: c10d::TCPStore::check(std::vector<std::__cxx11::basic_string<char, std::char_traits<char>, std::allocator<char> >, std::allocator<std::__cxx11::basic_string<char, std::char_traits<char>, std::allocator<char> > > > const&) + 0x30e (0x7b11f42ca26e in /usr/local/lib/python3.12/dist-packages/torch/lib/libtorch_cpu.so)
frame #5: c10d::ProcessGroupNCCL::HeartbeatMonitor::runLoop() + 0x3c8 (0x7b11b2e49868 in /usr/local/lib/python3.12/dist-packages/torch/lib/libtorch_cuda.so)
frame #6: <unknown function> + 0xecdb4 (0x7b121458ddb4 in /lib/x86_64-linux-gnu/libstdc++.so.6)
frame #7: <unknown function> + 0x9caa4 (0x7b121700caa4 in /lib/x86_64-linux-gnu/libc.so.6)
frame #8: __clone + 0x44 (0x7b1217099a64 in /lib/x86_64-linux-gnu/libc.so.6)

[rank4]:[W421 05:04:57.503044415 ProcessGroupNCCL.cpp:1771] [PG ID 0 PG GUID 0(default_pg) Rank 4] Failed to check the "should dump" flag on TCPStore, (maybe TCPStore server has shut down too early), with error: Broken pipe
[rank0]:[W421 05:04:57.598499834 TCPStore.cpp:106] [c10d] sendBytes failed on SocketImpl(fd=90, addr=[8f9e71dd3259]:34854, remote=[8f9e71dd3259]:42409): Broken pipe
Exception raised from sendBytes at /pytorch/torch/csrc/distributed/c10d/Utils.hpp:653 (most recent call first):
frame #0: c10::Error::Error(c10::SourceLocation, std::__cxx11::basic_string<char, std::char_traits<char>, std::allocator<char> >) + 0x80 (0x7c8c8677cb80 in /usr/local/lib/python3.12/dist-packages/torch/lib/libc10.so)
frame #1: <unknown function> + 0x5ffc5b1 (0x7c8c69acd5b1 in /usr/local/lib/python3.12/dist-packages/torch/lib/libtorch_cpu.so)
frame #2: <unknown function> + 0x5ffce42 (0x7c8c69acde42 in /usr/local/lib/python3.12/dist-packages/torch/lib/libtorch_cpu.so)
frame #3: <unknown function> + 0x5ffe94e (0x7c8c69acf94e in /usr/local/lib/python3.12/dist-packages/torch/lib/libtorch_cpu.so)
frame #4: c10d::TCPStore::check(std::vector<std::__cxx11::basic_string<char, std::char_traits<char>, std::allocator<char> >, std::allocator<std::__cxx11::basic_string<char, std::char_traits<char>, std::allocator<char> > > > const&) + 0x30e (0x7c8c69aca26e in /usr/local/lib/python3.12/dist-packages/torch/lib/libtorch_cpu.so)
frame #5: c10d::ProcessGroupNCCL::HeartbeatMonitor::runLoop() + 0x3c8 (0x7c8c28649868 in /usr/local/lib/python3.12/dist-packages/torch/lib/libtorch_cuda.so)
frame #6: <unknown function> + 0xecdb4 (0x7c8c89d10db4 in /lib/x86_64-linux-gnu/libstdc++.so.6)
frame #7: <unknown function> + 0x9caa4 (0x7c8c8c78faa4 in /lib/x86_64-linux-gnu/libc.so.6)
frame #8: __clone + 0x44 (0x7c8c8c81ca64 in /lib/x86_64-linux-gnu/libc.so.6)

[rank0]:[W421 05:04:57.611419464 ProcessGroupNCCL.cpp:1771] [PG ID 0 PG GUID 0(default_pg) Rank 0] Failed to check the "should dump" flag on TCPStore, (maybe TCPStore server has shut down too early), with error: Broken pipe
[rank1]:[W421 05:04:57.599371246 TCPStore.cpp:106] [c10d] sendBytes failed on SocketImpl(fd=90, addr=[8f9e71dd3259]:34844, remote=[8f9e71dd3259]:42409): Broken pipe
Exception raised from sendBytes at /pytorch/torch/csrc/distributed/c10d/Utils.hpp:653 (most recent call first):
frame #0: c10::Error::Error(c10::SourceLocation, std::__cxx11::basic_string<char, std::char_traits<char>, std::allocator<char> >) + 0x80 (0x71a805570b80 in /usr/local/lib/python3.12/dist-packages/torch/lib/libc10.so)
frame #1: <unknown function> + 0x5ffc5b1 (0x71a8478cd5b1 in /usr/local/lib/python3.12/dist-packages/torch/lib/libtorch_cpu.so)
frame #2: <unknown function> + 0x5ffce42 (0x71a8478cde42 in /usr/local/lib/python3.12/dist-packages/torch/lib/libtorch_cpu.so)
frame #3: <unknown function> + 0x5ffe94e (0x71a8478cf94e in /usr/local/lib/python3.12/dist-packages/torch/lib/libtorch_cpu.so)
frame #4: c10d::TCPStore::check(std::vector<std::__cxx11::basic_string<char, std::char_traits<char>, std::allocator<char> >, std::allocator<std::__cxx11::basic_string<char, std::char_traits<char>, std::allocator<char> > > > const&) + 0x30e (0x71a8478ca26e in /usr/local/lib/python3.12/dist-packages/torch/lib/libtorch_cpu.so)
frame #5: c10d::ProcessGroupNCCL::HeartbeatMonitor::runLoop() + 0x3c8 (0x71a806449868 in /usr/local/lib/python3.12/dist-packages/torch/lib/libtorch_cuda.so)
frame #6: <unknown function> + 0xecdb4 (0x71a867a0cdb4 in /lib/x86_64-linux-gnu/libstdc++.so.6)
frame #7: <unknown function> + 0x9caa4 (0x71a86a48baa4 in /lib/x86_64-linux-gnu/libc.so.6)
frame #8: __clone + 0x44 (0x71a86a518a64 in /lib/x86_64-linux-gnu/libc.so.6)

[rank1]:[W421 05:04:57.612152214 ProcessGroupNCCL.cpp:1771] [PG ID 0 PG GUID 0(default_pg) Rank 1] Failed to check the "should dump" flag on TCPStore, (maybe TCPStore server has shut down too early), with error: Broken pipe
[rank2]:[W421 05:04:57.608481435 TCPStore.cpp:106] [c10d] sendBytes failed on SocketImpl(fd=90, addr=[8f9e71dd3259]:34868, remote=[8f9e71dd3259]:42409): Broken pipe
Exception raised from sendBytes at /pytorch/torch/csrc/distributed/c10d/Utils.hpp:653 (most recent call first):
frame #0: c10::Error::Error(c10::SourceLocation, std::__cxx11::basic_string<char, std::char_traits<char>, std::allocator<char> >) + 0x80 (0x7676c2970b80 in /usr/local/lib/python3.12/dist-packages/torch/lib/libc10.so)
frame #1: <unknown function> + 0x5ffc5b1 (0x767704ccd5b1 in /usr/local/lib/python3.12/dist-packages/torch/lib/libtorch_cpu.so)
frame #2: <unknown function> + 0x5ffce42 (0x767704ccde42 in /usr/local/lib/python3.12/dist-packages/torch/lib/libtorch_cpu.so)
frame #3: <unknown function> + 0x5ffe94e (0x767704ccf94e in /usr/local/lib/python3.12/dist-packages/torch/lib/libtorch_cpu.so)
frame #4: c10d::TCPStore::check(std::vector<std::__cxx11::basic_string<char, std::char_traits<char>, std::allocator<char> >, std::allocator<std::__cxx11::basic_string<char, std::char_traits<char>, std::allocator<char> > > > const&) + 0x30e (0x767704cca26e in /usr/local/lib/python3.12/dist-packages/torch/lib/libtorch_cpu.so)
frame #5: c10d::ProcessGroupNCCL::HeartbeatMonitor::runLoop() + 0x3c8 (0x7676c3849868 in /usr/local/lib/python3.12/dist-packages/torch/lib/libtorch_cuda.so)
frame #6: <unknown function> + 0xecdb4 (0x767724e02db4 in /lib/x86_64-linux-gnu/libstdc++.so.6)
frame #7: <unknown function> + 0x9caa4 (0x767727881aa4 in /lib/x86_64-linux-gnu/libc.so.6)
frame #8: __clone + 0x44 (0x76772790ea64 in /lib/x86_64-linux-gnu/libc.so.6)

[rank2]:[W421 05:04:57.621385230 ProcessGroupNCCL.cpp:1771] [PG ID 0 PG GUID 0(default_pg) Rank 2] Failed to check the "should dump" flag on TCPStore, (maybe TCPStore server has shut down too early), with error: Broken pipe
[rank7]:[W421 05:04:57.609761118 TCPStore.cpp:106] [c10d] sendBytes failed on SocketImpl(fd=90, addr=[8f9e71dd3259]:34862, remote=[8f9e71dd3259]:42409): Broken pipe
Exception raised from sendBytes at /pytorch/torch/csrc/distributed/c10d/Utils.hpp:653 (most recent call first):
frame #0: c10::Error::Error(c10::SourceLocation, std::__cxx11::basic_string<char, std::char_traits<char>, std::allocator<char> >) + 0x80 (0x73ea2317cb80 in /usr/local/lib/python3.12/dist-packages/torch/lib/libc10.so)
frame #1: <unknown function> + 0x5ffc5b1 (0x73ea064cd5b1 in /usr/local/lib/python3.12/dist-packages/torch/lib/libtorch_cpu.so)
frame #2: <unknown function> + 0x5ffce42 (0x73ea064cde42 in /usr/local/lib/python3.12/dist-packages/torch/lib/libtorch_cpu.so)
frame #3: <unknown function> + 0x5ffe94e (0x73ea064cf94e in /usr/local/lib/python3.12/dist-packages/torch/lib/libtorch_cpu.so)
frame #4: c10d::TCPStore::check(std::vector<std::__cxx11::basic_string<char, std::char_traits<char>, std::allocator<char> >, std::allocator<std::__cxx11::basic_string<char, std::char_traits<char>, std::allocator<char> > > > const&) + 0x30e (0x73ea064ca26e in /usr/local/lib/python3.12/dist-packages/torch/lib/libtorch_cpu.so)
frame #5: c10d::ProcessGroupNCCL::HeartbeatMonitor::runLoop() + 0x3c8 (0x73e9c5049868 in /usr/local/lib/python3.12/dist-packages/torch/lib/libtorch_cuda.so)
frame #6: <unknown function> + 0xecdb4 (0x73ea2670adb4 in /lib/x86_64-linux-gnu/libstdc++.so.6)
frame #7: <unknown function> + 0x9caa4 (0x73ea29189aa4 in /lib/x86_64-linux-gnu/libc.so.6)
frame #8: __clone + 0x44 (0x73ea29216a64 in /lib/x86_64-linux-gnu/libc.so.6)

[rank7]:[W421 05:04:57.622789706 ProcessGroupNCCL.cpp:1771] [PG ID 0 PG GUID 0(default_pg) Rank 7] Failed to check the "should dump" flag on TCPStore, (maybe TCPStore server has shut down too early), with error: Broken pipe
[rank5]:[W421 05:04:57.713739464 TCPStore.cpp:106] [c10d] sendBytes failed on SocketImpl(fd=90, addr=[8f9e71dd3259]:34814, remote=[8f9e71dd3259]:42409): Broken pipe
Exception raised from sendBytes at /pytorch/torch/csrc/distributed/c10d/Utils.hpp:653 (most recent call first):
frame #0: c10::Error::Error(c10::SourceLocation, std::__cxx11::basic_string<char, std::char_traits<char>, std::allocator<char> >) + 0x80 (0x7c605f57cb80 in /usr/local/lib/python3.12/dist-packages/torch/lib/libc10.so)
frame #1: <unknown function> + 0x5ffc5b1 (0x7c60428cd5b1 in /usr/local/lib/python3.12/dist-packages/torch/lib/libtorch_cpu.so)
frame #2: <unknown function> + 0x5ffce42 (0x7c60428cde42 in /usr/local/lib/python3.12/dist-packages/torch/lib/libtorch_cpu.so)
frame #3: <unknown function> + 0x5ffe94e (0x7c60428cf94e in /usr/local/lib/python3.12/dist-packages/torch/lib/libtorch_cpu.so)
frame #4: c10d::TCPStore::check(std::vector<std::__cxx11::basic_string<char, std::char_traits<char>, std::allocator<char> >, std::allocator<std::__cxx11::basic_string<char, std::char_traits<char>, std::allocator<char> > > > const&) + 0x30e (0x7c60428ca26e in /usr/local/lib/python3.12/dist-packages/torch/lib/libtorch_cpu.so)
frame #5: c10d::ProcessGroupNCCL::HeartbeatMonitor::runLoop() + 0x3c8 (0x7c6001449868 in /usr/local/lib/python3.12/dist-packages/torch/lib/libtorch_cuda.so)
frame #6: <unknown function> + 0xecdb4 (0x7c6062b44db4 in /lib/x86_64-linux-gnu/libstdc++.so.6)
frame #7: <unknown function> + 0x9caa4 (0x7c60655c3aa4 in /lib/x86_64-linux-gnu/libc.so.6)
frame #8: __clone + 0x44 (0x7c6065650a64 in /lib/x86_64-linux-gnu/libc.so.6)

[rank5]:[W421 05:04:57.726735155 ProcessGroupNCCL.cpp:1771] [PG ID 0 PG GUID 0(default_pg) Rank 5] Failed to check the "should dump" flag on TCPStore, (maybe TCPStore server has shut down too early), with error: Broken pipe
[rank3]:[W421 05:04:58.807959055 TCPStore.cpp:106] [c10d] sendBytes failed on SocketImpl(fd=90, addr=[8f9e71dd3259]:34820, remote=[8f9e71dd3259]:42409): Broken pipe
Exception raised from sendBytes at /pytorch/torch/csrc/distributed/c10d/Utils.hpp:653 (most recent call first):
frame #0: c10::Error::Error(c10::SourceLocation, std::__cxx11::basic_string<char, std::char_traits<char>, std::allocator<char> >) + 0x80 (0x7def52b7cb80 in /usr/local/lib/python3.12/dist-packages/torch/lib/libc10.so)
frame #1: <unknown function> + 0x5ffc5b1 (0x7def35ecd5b1 in /usr/local/lib/python3.12/dist-packages/torch/lib/libtorch_cpu.so)
frame #2: <unknown function> + 0x5ffce42 (0x7def35ecde42 in /usr/local/lib/python3.12/dist-packages/torch/lib/libtorch_cpu.so)
frame #3: <unknown function> + 0x5ffe94e (0x7def35ecf94e in /usr/local/lib/python3.12/dist-packages/torch/lib/libtorch_cpu.so)
frame #4: c10d::TCPStore::check(std::vector<std::__cxx11::basic_string<char, std::char_traits<char>, std::allocator<char> >, std::allocator<std::__cxx11::basic_string<char, std::char_traits<char>, std::allocator<char> > > > const&) + 0x30e (0x7def35eca26e in /usr/local/lib/python3.12/dist-packages/torch/lib/libtorch_cpu.so)
frame #5: c10d::ProcessGroupNCCL::HeartbeatMonitor::runLoop() + 0x3c8 (0x7deef4a49868 in /usr/local/lib/python3.12/dist-packages/torch/lib/libtorch_cuda.so)
frame #6: <unknown function> + 0xecdb4 (0x7def56100db4 in /lib/x86_64-linux-gnu/libstdc++.so.6)
frame #7: <unknown function> + 0x9caa4 (0x7def58b7faa4 in /lib/x86_64-linux-gnu/libc.so.6)
frame #8: __clone + 0x44 (0x7def58c0ca64 in /lib/x86_64-linux-gnu/libc.so.6)

[rank3]:[W421 05:04:58.820937848 ProcessGroupNCCL.cpp:1771] [PG ID 0 PG GUID 0(default_pg) Rank 3] Failed to check the "should dump" flag on TCPStore, (maybe TCPStore server has shut down too early), with error: Broken pipe
[rank6]:[W421 05:04:58.889593575 TCPStore.cpp:106] [c10d] sendBytes failed on SocketImpl(fd=90, addr=[8f9e71dd3259]:34828, remote=[8f9e71dd3259]:42409): Broken pipe
Exception raised from sendBytes at /pytorch/torch/csrc/distributed/c10d/Utils.hpp:653 (most recent call first):
frame #0: c10::Error::Error(c10::SourceLocation, std::__cxx11::basic_string<char, std::char_traits<char>, std::allocator<char> >) + 0x80 (0x77ca19b92b80 in /usr/local/lib/python3.12/dist-packages/torch/lib/libc10.so)
frame #1: <unknown function> + 0x5ffc5b1 (0x77c9fcacd5b1 in /usr/local/lib/python3.12/dist-packages/torch/lib/libtorch_cpu.so)
frame #2: <unknown function> + 0x5ffce42 (0x77c9fcacde42 in /usr/local/lib/python3.12/dist-packages/torch/lib/libtorch_cpu.so)
frame #3: <unknown function> + 0x5ffe94e (0x77c9fcacf94e in /usr/local/lib/python3.12/dist-packages/torch/lib/libtorch_cpu.so)
frame #4: c10d::TCPStore::check(std::vector<std::__cxx11::basic_string<char, std::char_traits<char>, std::allocator<char> >, std::allocator<std::__cxx11::basic_string<char, std::char_traits<char>, std::allocator<char> > > > const&) + 0x30e (0x77c9fcaca26e in /usr/local/lib/python3.12/dist-packages/torch/lib/libtorch_cpu.so)
frame #5: c10d::ProcessGroupNCCL::HeartbeatMonitor::runLoop() + 0x3c8 (0x77c9bb649868 in /usr/local/lib/python3.12/dist-packages/torch/lib/libtorch_cuda.so)
frame #6: <unknown function> + 0xecdb4 (0x77ca1cd97db4 in /lib/x86_64-linux-gnu/libstdc++.so.6)
frame #7: <unknown function> + 0x9caa4 (0x77ca1f816aa4 in /lib/x86_64-linux-gnu/libc.so.6)
frame #8: __clone + 0x44 (0x77ca1f8a3a64 in /lib/x86_64-linux-gnu/libc.so.6)

[rank6]:[W421 05:04:58.902627913 ProcessGroupNCCL.cpp:1771] [PG ID 0 PG GUID 0(default_pg) Rank 6] Failed to check the "should dump" flag on TCPStore, (maybe TCPStore server has shut down too early), with error: Broken pipe
[rank4]:[W421 05:04:58.503136925 TCPStore.cpp:106] [c10d] sendBytes failed on SocketImpl(fd=90, addr=[8f9e71dd3259]:34834, remote=[8f9e71dd3259]:42409): Broken pipe
Exception raised from sendBytes at /pytorch/torch/csrc/distributed/c10d/Utils.hpp:653 (most recent call first):
frame #0: c10::Error::Error(c10::SourceLocation, std::__cxx11::basic_string<char, std::char_traits<char>, std::allocator<char> >) + 0x80 (0x7b1211392b80 in /usr/local/lib/python3.12/dist-packages/torch/lib/libc10.so)
frame #1: <unknown function> + 0x5ffc5b1 (0x7b11f42cd5b1 in /usr/local/lib/python3.12/dist-packages/torch/lib/libtorch_cpu.so)
frame #2: <unknown function> + 0x5ffce42 (0x7b11f42cde42 in /usr/local/lib/python3.12/dist-packages/torch/lib/libtorch_cpu.so)
frame #3: <unknown function> + 0x5ffe94e (0x7b11f42cf94e in /usr/local/lib/python3.12/dist-packages/torch/lib/libtorch_cpu.so)
frame #4: c10d::TCPStore::check(std::vector<std::__cxx11::basic_string<char, std::char_traits<char>, std::allocator<char> >, std::allocator<std::__cxx11::basic_string<char, std::char_traits<char>, std::allocator<char> > > > const&) + 0x30e (0x7b11f42ca26e in /usr/local/lib/python3.12/dist-packages/torch/lib/libtorch_cpu.so)
frame #5: c10d::ProcessGroupNCCL::HeartbeatMonitor::runLoop() + 0x3c8 (0x7b11b2e49868 in /usr/local/lib/python3.12/dist-packages/torch/lib/libtorch_cuda.so)
frame #6: <unknown function> + 0xecdb4 (0x7b121458ddb4 in /lib/x86_64-linux-gnu/libstdc++.so.6)
frame #7: <unknown function> + 0x9caa4 (0x7b121700caa4 in /lib/x86_64-linux-gnu/libc.so.6)
frame #8: __clone + 0x44 (0x7b1217099a64 in /lib/x86_64-linux-gnu/libc.so.6)

[rank4]:[W421 05:04:58.515942522 ProcessGroupNCCL.cpp:1771] [PG ID 0 PG GUID 0(default_pg) Rank 4] Failed to check the "should dump" flag on TCPStore, (maybe TCPStore server has shut down too early), with error: Broken pipe
[rank0]:[W421 05:04:58.611532135 TCPStore.cpp:106] [c10d] sendBytes failed on SocketImpl(fd=90, addr=[8f9e71dd3259]:34854, remote=[8f9e71dd3259]:42409): Broken pipe
Exception raised from sendBytes at /pytorch/torch/csrc/distributed/c10d/Utils.hpp:653 (most recent call first):
frame #0: c10::Error::Error(c10::SourceLocation, std::__cxx11::basic_string<char, std::char_traits<char>, std::allocator<char> >) + 0x80 (0x7c8c8677cb80 in /usr/local/lib/python3.12/dist-packages/torch/lib/libc10.so)
frame #1: <unknown function> + 0x5ffc5b1 (0x7c8c69acd5b1 in /usr/local/lib/python3.12/dist-packages/torch/lib/libtorch_cpu.so)
frame #2: <unknown function> + 0x5ffce42 (0x7c8c69acde42 in /usr/local/lib/python3.12/dist-packages/torch/lib/libtorch_cpu.so)
frame #3: <unknown function> + 0x5ffe94e (0x7c8c69acf94e in /usr/local/lib/python3.12/dist-packages/torch/lib/libtorch_cpu.so)
frame #4: c10d::TCPStore::check(std::vector<std::__cxx11::basic_string<char, std::char_traits<char>, std::allocator<char> >, std::allocator<std::__cxx11::basic_string<char, std::char_traits<char>, std::allocator<char> > > > const&) + 0x30e (0x7c8c69aca26e in /usr/local/lib/python3.12/dist-packages/torch/lib/libtorch_cpu.so)
frame #5: c10d::ProcessGroupNCCL::HeartbeatMonitor::runLoop() + 0x3c8 (0x7c8c28649868 in /usr/local/lib/python3.12/dist-packages/torch/lib/libtorch_cuda.so)
frame #6: <unknown function> + 0xecdb4 (0x7c8c89d10db4 in /lib/x86_64-linux-gnu/libstdc++.so.6)
frame #7: <unknown function> + 0x9caa4 (0x7c8c8c78faa4 in /lib/x86_64-linux-gnu/libc.so.6)
frame #8: __clone + 0x44 (0x7c8c8c81ca64 in /lib/x86_64-linux-gnu/libc.so.6)

[rank0]:[W421 05:04:58.624408280 ProcessGroupNCCL.cpp:1771] [PG ID 0 PG GUID 0(default_pg) Rank 0] Failed to check the "should dump" flag on TCPStore, (maybe TCPStore server has shut down too early), with error: Broken pipe
[rank1]:[W421 05:04:58.612244134 TCPStore.cpp:106] [c10d] sendBytes failed on SocketImpl(fd=90, addr=[8f9e71dd3259]:34844, remote=[8f9e71dd3259]:42409): Broken pipe
Exception raised from sendBytes at /pytorch/torch/csrc/distributed/c10d/Utils.hpp:653 (most recent call first):
frame #0: c10::Error::Error(c10::SourceLocation, std::__cxx11::basic_string<char, std::char_traits<char>, std::allocator<char> >) + 0x80 (0x71a805570b80 in /usr/local/lib/python3.12/dist-packages/torch/lib/libc10.so)
frame #1: <unknown function> + 0x5ffc5b1 (0x71a8478cd5b1 in /usr/local/lib/python3.12/dist-packages/torch/lib/libtorch_cpu.so)
frame #2: <unknown function> + 0x5ffce42 (0x71a8478cde42 in /usr/local/lib/python3.12/dist-packages/torch/lib/libtorch_cpu.so)
frame #3: <unknown function> + 0x5ffe94e (0x71a8478cf94e in /usr/local/lib/python3.12/dist-packages/torch/lib/libtorch_cpu.so)
frame #4: c10d::TCPStore::check(std::vector<std::__cxx11::basic_string<char, std::char_traits<char>, std::allocator<char> >, std::allocator<std::__cxx11::basic_string<char, std::char_traits<char>, std::allocator<char> > > > const&) + 0x30e (0x71a8478ca26e in /usr/local/lib/python3.12/dist-packages/torch/lib/libtorch_cpu.so)
frame #5: c10d::ProcessGroupNCCL::HeartbeatMonitor::runLoop() + 0x3c8 (0x71a806449868 in /usr/local/lib/python3.12/dist-packages/torch/lib/libtorch_cuda.so)
frame #6: <unknown function> + 0xecdb4 (0x71a867a0cdb4 in /lib/x86_64-linux-gnu/libstdc++.so.6)
frame #7: <unknown function> + 0x9caa4 (0x71a86a48baa4 in /lib/x86_64-linux-gnu/libc.so.6)
frame #8: __clone + 0x44 (0x71a86a518a64 in /lib/x86_64-linux-gnu/libc.so.6)

[rank1]:[W421 05:04:58.625272086 ProcessGroupNCCL.cpp:1771] [PG ID 0 PG GUID 0(default_pg) Rank 1] Failed to check the "should dump" flag on TCPStore, (maybe TCPStore server has shut down too early), with error: Broken pipe
[rank2]:[W421 05:04:58.621478356 TCPStore.cpp:106] [c10d] sendBytes failed on SocketImpl(fd=90, addr=[8f9e71dd3259]:34868, remote=[8f9e71dd3259]:42409): Broken pipe
Exception raised from sendBytes at /pytorch/torch/csrc/distributed/c10d/Utils.hpp:653 (most recent call first):
frame #0: c10::Error::Error(c10::SourceLocation, std::__cxx11::basic_string<char, std::char_traits<char>, std::allocator<char> >) + 0x80 (0x7676c2970b80 in /usr/local/lib/python3.12/dist-packages/torch/lib/libc10.so)
frame #1: <unknown function> + 0x5ffc5b1 (0x767704ccd5b1 in /usr/local/lib/python3.12/dist-packages/torch/lib/libtorch_cpu.so)
frame #2: <unknown function> + 0x5ffce42 (0x767704ccde42 in /usr/local/lib/python3.12/dist-packages/torch/lib/libtorch_cpu.so)
frame #3: <unknown function> + 0x5ffe94e (0x767704ccf94e in /usr/local/lib/python3.12/dist-packages/torch/lib/libtorch_cpu.so)
frame #4: c10d::TCPStore::check(std::vector<std::__cxx11::basic_string<char, std::char_traits<char>, std::allocator<char> >, std::allocator<std::__cxx11::basic_string<char, std::char_traits<char>, std::allocator<char> > > > const&) + 0x30e (0x767704cca26e in /usr/local/lib/python3.12/dist-packages/torch/lib/libtorch_cpu.so)
frame #5: c10d::ProcessGroupNCCL::HeartbeatMonitor::runLoop() + 0x3c8 (0x7676c3849868 in /usr/local/lib/python3.12/dist-packages/torch/lib/libtorch_cuda.so)
frame #6: <unknown function> + 0xecdb4 (0x767724e02db4 in /lib/x86_64-linux-gnu/libstdc++.so.6)
frame #7: <unknown function> + 0x9caa4 (0x767727881aa4 in /lib/x86_64-linux-gnu/libc.so.6)
frame #8: __clone + 0x44 (0x76772790ea64 in /lib/x86_64-linux-gnu/libc.so.6)

[rank2]:[W421 05:04:58.634264319 ProcessGroupNCCL.cpp:1771] [PG ID 0 PG GUID 0(default_pg) Rank 2] Failed to check the "should dump" flag on TCPStore, (maybe TCPStore server has shut down too early), with error: Broken pipe
[rank7]:[W421 05:04:58.622889007 TCPStore.cpp:106] [c10d] sendBytes failed on SocketImpl(fd=90, addr=[8f9e71dd3259]:34862, remote=[8f9e71dd3259]:42409): Broken pipe
Exception raised from sendBytes at /pytorch/torch/csrc/distributed/c10d/Utils.hpp:653 (most recent call first):
frame #0: c10::Error::Error(c10::SourceLocation, std::__cxx11::basic_string<char, std::char_traits<char>, std::allocator<char> >) + 0x80 (0x73ea2317cb80 in /usr/local/lib/python3.12/dist-packages/torch/lib/libc10.so)
frame #1: <unknown function> + 0x5ffc5b1 (0x73ea064cd5b1 in /usr/local/lib/python3.12/dist-packages/torch/lib/libtorch_cpu.so)
frame #2: <unknown function> + 0x5ffce42 (0x73ea064cde42 in /usr/local/lib/python3.12/dist-packages/torch/lib/libtorch_cpu.so)
frame #3: <unknown function> + 0x5ffe94e (0x73ea064cf94e in /usr/local/lib/python3.12/dist-packages/torch/lib/libtorch_cpu.so)
frame #4: c10d::TCPStore::check(std::vector<std::__cxx11::basic_string<char, std::char_traits<char>, std::allocator<char> >, std::allocator<std::__cxx11::basic_string<char, std::char_traits<char>, std::allocator<char> > > > const&) + 0x30e (0x73ea064ca26e in /usr/local/lib/python3.12/dist-packages/torch/lib/libtorch_cpu.so)
frame #5: c10d::ProcessGroupNCCL::HeartbeatMonitor::runLoop() + 0x3c8 (0x73e9c5049868 in /usr/local/lib/python3.12/dist-packages/torch/lib/libtorch_cuda.so)
frame #6: <unknown function> + 0xecdb4 (0x73ea2670adb4 in /lib/x86_64-linux-gnu/libstdc++.so.6)
frame #7: <unknown function> + 0x9caa4 (0x73ea29189aa4 in /lib/x86_64-linux-gnu/libc.so.6)
frame #8: __clone + 0x44 (0x73ea29216a64 in /lib/x86_64-linux-gnu/libc.so.6)

[rank7]:[W421 05:04:58.635725757 ProcessGroupNCCL.cpp:1771] [PG ID 0 PG GUID 0(default_pg) Rank 7] Failed to check the "should dump" flag on TCPStore, (maybe TCPStore server has shut down too early), with error: Broken pipe
[rank5]:[W421 05:04:58.726826270 TCPStore.cpp:106] [c10d] sendBytes failed on SocketImpl(fd=90, addr=[8f9e71dd3259]:34814, remote=[8f9e71dd3259]:42409): Broken pipe
Exception raised from sendBytes at /pytorch/torch/csrc/distributed/c10d/Utils.hpp:653 (most recent call first):
frame #0: c10::Error::Error(c10::SourceLocation, std::__cxx11::basic_string<char, std::char_traits<char>, std::allocator<char> >) + 0x80 (0x7c605f57cb80 in /usr/local/lib/python3.12/dist-packages/torch/lib/libc10.so)
frame #1: <unknown function> + 0x5ffc5b1 (0x7c60428cd5b1 in /usr/local/lib/python3.12/dist-packages/torch/lib/libtorch_cpu.so)
frame #2: <unknown function> + 0x5ffce42 (0x7c60428cde42 in /usr/local/lib/python3.12/dist-packages/torch/lib/libtorch_cpu.so)
frame #3: <unknown function> + 0x5ffe94e (0x7c60428cf94e in /usr/local/lib/python3.12/dist-packages/torch/lib/libtorch_cpu.so)
frame #4: c10d::TCPStore::check(std::vector<std::__cxx11::basic_string<char, std::char_traits<char>, std::allocator<char> >, std::allocator<std::__cxx11::basic_string<char, std::char_traits<char>, std::allocator<char> > > > const&) + 0x30e (0x7c60428ca26e in /usr/local/lib/python3.12/dist-packages/torch/lib/libtorch_cpu.so)
frame #5: c10d::ProcessGroupNCCL::HeartbeatMonitor::runLoop() + 0x3c8 (0x7c6001449868 in /usr/local/lib/python3.12/dist-packages/torch/lib/libtorch_cuda.so)
frame #6: <unknown function> + 0xecdb4 (0x7c6062b44db4 in /lib/x86_64-linux-gnu/libstdc++.so.6)
frame #7: <unknown function> + 0x9caa4 (0x7c60655c3aa4 in /lib/x86_64-linux-gnu/libc.so.6)
frame #8: __clone + 0x44 (0x7c6065650a64 in /lib/x86_64-linux-gnu/libc.so.6)

[rank5]:[W421 05:04:58.739657520 ProcessGroupNCCL.cpp:1771] [PG ID 0 PG GUID 0(default_pg) Rank 5] Failed to check the "should dump" flag on TCPStore, (maybe TCPStore server has shut down too early), with error: Broken pipe
[rank3]:[W421 05:04:59.821073449 TCPStore.cpp:106] [c10d] sendBytes failed on SocketImpl(fd=90, addr=[8f9e71dd3259]:34820, remote=[8f9e71dd3259]:42409): Broken pipe
Exception raised from sendBytes at /pytorch/torch/csrc/distributed/c10d/Utils.hpp:653 (most recent call first):
frame #0: c10::Error::Error(c10::SourceLocation, std::__cxx11::basic_string<char, std::char_traits<char>, std::allocator<char> >) + 0x80 (0x7def52b7cb80 in /usr/local/lib/python3.12/dist-packages/torch/lib/libc10.so)
frame #1: <unknown function> + 0x5ffc5b1 (0x7def35ecd5b1 in /usr/local/lib/python3.12/dist-packages/torch/lib/libtorch_cpu.so)
frame #2: <unknown function> + 0x5ffce42 (0x7def35ecde42 in /usr/local/lib/python3.12/dist-packages/torch/lib/libtorch_cpu.so)
frame #3: <unknown function> + 0x5ffe94e (0x7def35ecf94e in /usr/local/lib/python3.12/dist-packages/torch/lib/libtorch_cpu.so)
frame #4: c10d::TCPStore::check(std::vector<std::__cxx11::basic_string<char, std::char_traits<char>, std::allocator<char> >, std::allocator<std::__cxx11::basic_string<char, std::char_traits<char>, std::allocator<char> > > > const&) + 0x30e (0x7def35eca26e in /usr/local/lib/python3.12/dist-packages/torch/lib/libtorch_cpu.so)
frame #5: c10d::ProcessGroupNCCL::HeartbeatMonitor::runLoop() + 0x3c8 (0x7deef4a49868 in /usr/local/lib/python3.12/dist-packages/torch/lib/libtorch_cuda.so)
frame #6: <unknown function> + 0xecdb4 (0x7def56100db4 in /lib/x86_64-linux-gnu/libstdc++.so.6)
frame #7: <unknown function> + 0x9caa4 (0x7def58b7faa4 in /lib/x86_64-linux-gnu/libc.so.6)
frame #8: __clone + 0x44 (0x7def58c0ca64 in /lib/x86_64-linux-gnu/libc.so.6)

[rank3]:[W421 05:04:59.834126560 ProcessGroupNCCL.cpp:1771] [PG ID 0 PG GUID 0(default_pg) Rank 3] Failed to check the "should dump" flag on TCPStore, (maybe TCPStore server has shut down too early), with error: Broken pipe
[rank6]:[W421 05:04:59.902758218 TCPStore.cpp:106] [c10d] sendBytes failed on SocketImpl(fd=90, addr=[8f9e71dd3259]:34828, remote=[8f9e71dd3259]:42409): Broken pipe
Exception raised from sendBytes at /pytorch/torch/csrc/distributed/c10d/Utils.hpp:653 (most recent call first):
frame #0: c10::Error::Error(c10::SourceLocation, std::__cxx11::basic_string<char, std::char_traits<char>, std::allocator<char> >) + 0x80 (0x77ca19b92b80 in /usr/local/lib/python3.12/dist-packages/torch/lib/libc10.so)
frame #1: <unknown function> + 0x5ffc5b1 (0x77c9fcacd5b1 in /usr/local/lib/python3.12/dist-packages/torch/lib/libtorch_cpu.so)
frame #2: <unknown function> + 0x5ffce42 (0x77c9fcacde42 in /usr/local/lib/python3.12/dist-packages/torch/lib/libtorch_cpu.so)
frame #3: <unknown function> + 0x5ffe94e (0x77c9fcacf94e in /usr/local/lib/python3.12/dist-packages/torch/lib/libtorch_cpu.so)
frame #4: c10d::TCPStore::check(std::vector<std::__cxx11::basic_string<char, std::char_traits<char>, std::allocator<char> >, std::allocator<std::__cxx11::basic_string<char, std::char_traits<char>, std::allocator<char> > > > const&) + 0x30e (0x77c9fcaca26e in /usr/local/lib/python3.12/dist-packages/torch/lib/libtorch_cpu.so)
frame #5: c10d::ProcessGroupNCCL::HeartbeatMonitor::runLoop() + 0x3c8 (0x77c9bb649868 in /usr/local/lib/python3.12/dist-packages/torch/lib/libtorch_cuda.so)
frame #6: <unknown function> + 0xecdb4 (0x77ca1cd97db4 in /lib/x86_64-linux-gnu/libstdc++.so.6)
frame #7: <unknown function> + 0x9caa4 (0x77ca1f816aa4 in /lib/x86_64-linux-gnu/libc.so.6)
frame #8: __clone + 0x44 (0x77ca1f8a3a64 in /lib/x86_64-linux-gnu/libc.so.6)

[rank6]:[W421 05:04:59.915788269 ProcessGroupNCCL.cpp:1771] [PG ID 0 PG GUID 0(default_pg) Rank 6] Failed to check the "should dump" flag on TCPStore, (maybe TCPStore server has shut down too early), with error: Broken pipe
[rank4]:[W421 05:04:59.516035284 TCPStore.cpp:106] [c10d] sendBytes failed on SocketImpl(fd=90, addr=[8f9e71dd3259]:34834, remote=[8f9e71dd3259]:42409): Broken pipe
Exception raised from sendBytes at /pytorch/torch/csrc/distributed/c10d/Utils.hpp:653 (most recent call first):
frame #0: c10::Error::Error(c10::SourceLocation, std::__cxx11::basic_string<char, std::char_traits<char>, std::allocator<char> >) + 0x80 (0x7b1211392b80 in /usr/local/lib/python3.12/dist-packages/torch/lib/libc10.so)
frame #1: <unknown function> + 0x5ffc5b1 (0x7b11f42cd5b1 in /usr/local/lib/python3.12/dist-packages/torch/lib/libtorch_cpu.so)
frame #2: <unknown function> + 0x5ffce42 (0x7b11f42cde42 in /usr/local/lib/python3.12/dist-packages/torch/lib/libtorch_cpu.so)
frame #3: <unknown function> + 0x5ffe94e (0x7b11f42cf94e in /usr/local/lib/python3.12/dist-packages/torch/lib/libtorch_cpu.so)
frame #4: c10d::TCPStore::check(std::vector<std::__cxx11::basic_string<char, std::char_traits<char>, std::allocator<char> >, std::allocator<std::__cxx11::basic_string<char, std::char_traits<char>, std::allocator<char> > > > const&) + 0x30e (0x7b11f42ca26e in /usr/local/lib/python3.12/dist-packages/torch/lib/libtorch_cpu.so)
frame #5: c10d::ProcessGroupNCCL::HeartbeatMonitor::runLoop() + 0x3c8 (0x7b11b2e49868 in /usr/local/lib/python3.12/dist-packages/torch/lib/libtorch_cuda.so)
frame #6: <unknown function> + 0xecdb4 (0x7b121458ddb4 in /lib/x86_64-linux-gnu/libstdc++.so.6)
frame #7: <unknown function> + 0x9caa4 (0x7b121700caa4 in /lib/x86_64-linux-gnu/libc.so.6)
frame #8: __clone + 0x44 (0x7b1217099a64 in /lib/x86_64-linux-gnu/libc.so.6)

[rank4]:[W421 05:04:59.528863560 ProcessGroupNCCL.cpp:1771] [PG ID 0 PG GUID 0(default_pg) Rank 4] Failed to check the "should dump" flag on TCPStore, (maybe TCPStore server has shut down too early), with error: Broken pipe
[rank0]:[W421 05:04:59.624518336 TCPStore.cpp:106] [c10d] sendBytes failed on SocketImpl(fd=90, addr=[8f9e71dd3259]:34854, remote=[8f9e71dd3259]:42409): Broken pipe
Exception raised from sendBytes at /pytorch/torch/csrc/distributed/c10d/Utils.hpp:653 (most recent call first):
frame #0: c10::Error::Error(c10::SourceLocation, std::__cxx11::basic_string<char, std::char_traits<char>, std::allocator<char> >) + 0x80 (0x7c8c8677cb80 in /usr/local/lib/python3.12/dist-packages/torch/lib/libc10.so)
frame #1: <unknown function> + 0x5ffc5b1 (0x7c8c69acd5b1 in /usr/local/lib/python3.12/dist-packages/torch/lib/libtorch_cpu.so)
frame #2: <unknown function> + 0x5ffce42 (0x7c8c69acde42 in /usr/local/lib/python3.12/dist-packages/torch/lib/libtorch_cpu.so)
frame #3: <unknown function> + 0x5ffe94e (0x7c8c69acf94e in /usr/local/lib/python3.12/dist-packages/torch/lib/libtorch_cpu.so)
frame #4: c10d::TCPStore::check(std::vector<std::__cxx11::basic_string<char, std::char_traits<char>, std::allocator<char> >, std::allocator<std::__cxx11::basic_string<char, std::char_traits<char>, std::allocator<char> > > > const&) + 0x30e (0x7c8c69aca26e in /usr/local/lib/python3.12/dist-packages/torch/lib/libtorch_cpu.so)
frame #5: c10d::ProcessGroupNCCL::HeartbeatMonitor::runLoop() + 0x3c8 (0x7c8c28649868 in /usr/local/lib/python3.12/dist-packages/torch/lib/libtorch_cuda.so)
frame #6: <unknown function> + 0xecdb4 (0x7c8c89d10db4 in /lib/x86_64-linux-gnu/libstdc++.so.6)
frame #7: <unknown function> + 0x9caa4 (0x7c8c8c78faa4 in /lib/x86_64-linux-gnu/libc.so.6)
frame #8: __clone + 0x44 (0x7c8c8c81ca64 in /lib/x86_64-linux-gnu/libc.so.6)

[rank0]:[W421 05:04:59.637235720 ProcessGroupNCCL.cpp:1771] [PG ID 0 PG GUID 0(default_pg) Rank 0] Failed to check the "should dump" flag on TCPStore, (maybe TCPStore server has shut down too early), with error: Broken pipe
[rank1]:[W421 05:04:59.625385993 TCPStore.cpp:106] [c10d] sendBytes failed on SocketImpl(fd=90, addr=[8f9e71dd3259]:34844, remote=[8f9e71dd3259]:42409): Broken pipe
Exception raised from sendBytes at /pytorch/torch/csrc/distributed/c10d/Utils.hpp:653 (most recent call first):
frame #0: c10::Error::Error(c10::SourceLocation, std::__cxx11::basic_string<char, std::char_traits<char>, std::allocator<char> >) + 0x80 (0x71a805570b80 in /usr/local/lib/python3.12/dist-packages/torch/lib/libc10.so)
frame #1: <unknown function> + 0x5ffc5b1 (0x71a8478cd5b1 in /usr/local/lib/python3.12/dist-packages/torch/lib/libtorch_cpu.so)
frame #2: <unknown function> + 0x5ffce42 (0x71a8478cde42 in /usr/local/lib/python3.12/dist-packages/torch/lib/libtorch_cpu.so)
frame #3: <unknown function> + 0x5ffe94e (0x71a8478cf94e in /usr/local/lib/python3.12/dist-packages/torch/lib/libtorch_cpu.so)
frame #4: c10d::TCPStore::check(std::vector<std::__cxx11::basic_string<char, std::char_traits<char>, std::allocator<char> >, std::allocator<std::__cxx11::basic_string<char, std::char_traits<char>, std::allocator<char> > > > const&) + 0x30e (0x71a8478ca26e in /usr/local/lib/python3.12/dist-packages/torch/lib/libtorch_cpu.so)
frame #5: c10d::ProcessGroupNCCL::HeartbeatMonitor::runLoop() + 0x3c8 (0x71a806449868 in /usr/local/lib/python3.12/dist-packages/torch/lib/libtorch_cuda.so)
frame #6: <unknown function> + 0xecdb4 (0x71a867a0cdb4 in /lib/x86_64-linux-gnu/libstdc++.so.6)
frame #7: <unknown function> + 0x9caa4 (0x71a86a48baa4 in /lib/x86_64-linux-gnu/libc.so.6)
frame #8: __clone + 0x44 (0x71a86a518a64 in /lib/x86_64-linux-gnu/libc.so.6)

[rank1]:[W421 05:04:59.638281607 ProcessGroupNCCL.cpp:1771] [PG ID 0 PG GUID 0(default_pg) Rank 1] Failed to check the "should dump" flag on TCPStore, (maybe TCPStore server has shut down too early), with error: Broken pipe
[rank2]:[W421 05:04:59.634354490 TCPStore.cpp:106] [c10d] sendBytes failed on SocketImpl(fd=90, addr=[8f9e71dd3259]:34868, remote=[8f9e71dd3259]:42409): Broken pipe
Exception raised from sendBytes at /pytorch/torch/csrc/distributed/c10d/Utils.hpp:653 (most recent call first):
frame #0: c10::Error::Error(c10::SourceLocation, std::__cxx11::basic_string<char, std::char_traits<char>, std::allocator<char> >) + 0x80 (0x7676c2970b80 in /usr/local/lib/python3.12/dist-packages/torch/lib/libc10.so)
frame #1: <unknown function> + 0x5ffc5b1 (0x767704ccd5b1 in /usr/local/lib/python3.12/dist-packages/torch/lib/libtorch_cpu.so)
frame #2: <unknown function> + 0x5ffce42 (0x767704ccde42 in /usr/local/lib/python3.12/dist-packages/torch/lib/libtorch_cpu.so)
frame #3: <unknown function> + 0x5ffe94e (0x767704ccf94e in /usr/local/lib/python3.12/dist-packages/torch/lib/libtorch_cpu.so)
frame #4: c10d::TCPStore::check(std::vector<std::__cxx11::basic_string<char, std::char_traits<char>, std::allocator<char> >, std::allocator<std::__cxx11::basic_string<char, std::char_traits<char>, std::allocator<char> > > > const&) + 0x30e (0x767704cca26e in /usr/local/lib/python3.12/dist-packages/torch/lib/libtorch_cpu.so)
frame #5: c10d::ProcessGroupNCCL::HeartbeatMonitor::runLoop() + 0x3c8 (0x7676c3849868 in /usr/local/lib/python3.12/dist-packages/torch/lib/libtorch_cuda.so)
frame #6: <unknown function> + 0xecdb4 (0x767724e02db4 in /lib/x86_64-linux-gnu/libstdc++.so.6)
frame #7: <unknown function> + 0x9caa4 (0x767727881aa4 in /lib/x86_64-linux-gnu/libc.so.6)
frame #8: __clone + 0x44 (0x76772790ea64 in /lib/x86_64-linux-gnu/libc.so.6)

[rank2]:[W421 05:04:59.647259725 ProcessGroupNCCL.cpp:1771] [PG ID 0 PG GUID 0(default_pg) Rank 2] Failed to check the "should dump" flag on TCPStore, (maybe TCPStore server has shut down too early), with error: Broken pipe
[rank7]:[W421 05:04:59.635823325 TCPStore.cpp:106] [c10d] sendBytes failed on SocketImpl(fd=90, addr=[8f9e71dd3259]:34862, remote=[8f9e71dd3259]:42409): Broken pipe
Exception raised from sendBytes at /pytorch/torch/csrc/distributed/c10d/Utils.hpp:653 (most recent call first):
frame #0: c10::Error::Error(c10::SourceLocation, std::__cxx11::basic_string<char, std::char_traits<char>, std::allocator<char> >) + 0x80 (0x73ea2317cb80 in /usr/local/lib/python3.12/dist-packages/torch/lib/libc10.so)
frame #1: <unknown function> + 0x5ffc5b1 (0x73ea064cd5b1 in /usr/local/lib/python3.12/dist-packages/torch/lib/libtorch_cpu.so)
frame #2: <unknown function> + 0x5ffce42 (0x73ea064cde42 in /usr/local/lib/python3.12/dist-packages/torch/lib/libtorch_cpu.so)
frame #3: <unknown function> + 0x5ffe94e (0x73ea064cf94e in /usr/local/lib/python3.12/dist-packages/torch/lib/libtorch_cpu.so)
frame #4: c10d::TCPStore::check(std::vector<std::__cxx11::basic_string<char, std::char_traits<char>, std::allocator<char> >, std::allocator<std::__cxx11::basic_string<char, std::char_traits<char>, std::allocator<char> > > > const&) + 0x30e (0x73ea064ca26e in /usr/local/lib/python3.12/dist-packages/torch/lib/libtorch_cpu.so)
frame #5: c10d::ProcessGroupNCCL::HeartbeatMonitor::runLoop() + 0x3c8 (0x73e9c5049868 in /usr/local/lib/python3.12/dist-packages/torch/lib/libtorch_cuda.so)
frame #6: <unknown function> + 0xecdb4 (0x73ea2670adb4 in /lib/x86_64-linux-gnu/libstdc++.so.6)
frame #7: <unknown function> + 0x9caa4 (0x73ea29189aa4 in /lib/x86_64-linux-gnu/libc.so.6)
frame #8: __clone + 0x44 (0x73ea29216a64 in /lib/x86_64-linux-gnu/libc.so.6)

[rank7]:[W421 05:04:59.648746918 ProcessGroupNCCL.cpp:1771] [PG ID 0 PG GUID 0(default_pg) Rank 7] Failed to check the "should dump" flag on TCPStore, (maybe TCPStore server has shut down too early), with error: Broken pipe
[rank5]:[W421 05:04:59.739743486 TCPStore.cpp:106] [c10d] sendBytes failed on SocketImpl(fd=90, addr=[8f9e71dd3259]:34814, remote=[8f9e71dd3259]:42409): Broken pipe
Exception raised from sendBytes at /pytorch/torch/csrc/distributed/c10d/Utils.hpp:653 (most recent call first):
frame #0: c10::Error::Error(c10::SourceLocation, std::__cxx11::basic_string<char, std::char_traits<char>, std::allocator<char> >) + 0x80 (0x7c605f57cb80 in /usr/local/lib/python3.12/dist-packages/torch/lib/libc10.so)
frame #1: <unknown function> + 0x5ffc5b1 (0x7c60428cd5b1 in /usr/local/lib/python3.12/dist-packages/torch/lib/libtorch_cpu.so)
frame #2: <unknown function> + 0x5ffce42 (0x7c60428cde42 in /usr/local/lib/python3.12/dist-packages/torch/lib/libtorch_cpu.so)
frame #3: <unknown function> + 0x5ffe94e (0x7c60428cf94e in /usr/local/lib/python3.12/dist-packages/torch/lib/libtorch_cpu.so)
frame #4: c10d::TCPStore::check(std::vector<std::__cxx11::basic_string<char, std::char_traits<char>, std::allocator<char> >, std::allocator<std::__cxx11::basic_string<char, std::char_traits<char>, std::allocator<char> > > > const&) + 0x30e (0x7c60428ca26e in /usr/local/lib/python3.12/dist-packages/torch/lib/libtorch_cpu.so)
frame #5: c10d::ProcessGroupNCCL::HeartbeatMonitor::runLoop() + 0x3c8 (0x7c6001449868 in /usr/local/lib/python3.12/dist-packages/torch/lib/libtorch_cuda.so)
frame #6: <unknown function> + 0xecdb4 (0x7c6062b44db4 in /lib/x86_64-linux-gnu/libstdc++.so.6)
frame #7: <unknown function> + 0x9caa4 (0x7c60655c3aa4 in /lib/x86_64-linux-gnu/libc.so.6)
frame #8: __clone + 0x44 (0x7c6065650a64 in /lib/x86_64-linux-gnu/libc.so.6)

[rank5]:[W421 05:04:59.752488005 ProcessGroupNCCL.cpp:1771] [PG ID 0 PG GUID 0(default_pg) Rank 5] Failed to check the "should dump" flag on TCPStore, (maybe TCPStore server has shut down too early), with error: Broken pipe
[rank3]:[W421 05:05:00.834257631 TCPStore.cpp:106] [c10d] sendBytes failed on SocketImpl(fd=90, addr=[8f9e71dd3259]:34820, remote=[8f9e71dd3259]:42409): Broken pipe
Exception raised from sendBytes at /pytorch/torch/csrc/distributed/c10d/Utils.hpp:653 (most recent call first):
frame #0: c10::Error::Error(c10::SourceLocation, std::__cxx11::basic_string<char, std::char_traits<char>, std::allocator<char> >) + 0x80 (0x7def52b7cb80 in /usr/local/lib/python3.12/dist-packages/torch/lib/libc10.so)
frame #1: <unknown function> + 0x5ffc5b1 (0x7def35ecd5b1 in /usr/local/lib/python3.12/dist-packages/torch/lib/libtorch_cpu.so)
frame #2: <unknown function> + 0x5ffce42 (0x7def35ecde42 in /usr/local/lib/python3.12/dist-packages/torch/lib/libtorch_cpu.so)
frame #3: <unknown function> + 0x5ffe94e (0x7def35ecf94e in /usr/local/lib/python3.12/dist-packages/torch/lib/libtorch_cpu.so)
frame #4: c10d::TCPStore::check(std::vector<std::__cxx11::basic_string<char, std::char_traits<char>, std::allocator<char> >, std::allocator<std::__cxx11::basic_string<char, std::char_traits<char>, std::allocator<char> > > > const&) + 0x30e (0x7def35eca26e in /usr/local/lib/python3.12/dist-packages/torch/lib/libtorch_cpu.so)
frame #5: c10d::ProcessGroupNCCL::HeartbeatMonitor::runLoop() + 0x3c8 (0x7deef4a49868 in /usr/local/lib/python3.12/dist-packages/torch/lib/libtorch_cuda.so)
frame #6: <unknown function> + 0xecdb4 (0x7def56100db4 in /lib/x86_64-linux-gnu/libstdc++.so.6)
frame #7: <unknown function> + 0x9caa4 (0x7def58b7faa4 in /lib/x86_64-linux-gnu/libc.so.6)
frame #8: __clone + 0x44 (0x7def58c0ca64 in /lib/x86_64-linux-gnu/libc.so.6)

[rank3]:[W421 05:05:00.847501785 ProcessGroupNCCL.cpp:1771] [PG ID 0 PG GUID 0(default_pg) Rank 3] Failed to check the "should dump" flag on TCPStore, (maybe TCPStore server has shut down too early), with error: Broken pipe
[rank6]:[W421 05:05:00.915925866 TCPStore.cpp:106] [c10d] sendBytes failed on SocketImpl(fd=90, addr=[8f9e71dd3259]:34828, remote=[8f9e71dd3259]:42409): Broken pipe
Exception raised from sendBytes at /pytorch/torch/csrc/distributed/c10d/Utils.hpp:653 (most recent call first):
frame #0: c10::Error::Error(c10::SourceLocation, std::__cxx11::basic_string<char, std::char_traits<char>, std::allocator<char> >) + 0x80 (0x77ca19b92b80 in /usr/local/lib/python3.12/dist-packages/torch/lib/libc10.so)
frame #1: <unknown function> + 0x5ffc5b1 (0x77c9fcacd5b1 in /usr/local/lib/python3.12/dist-packages/torch/lib/libtorch_cpu.so)
frame #2: <unknown function> + 0x5ffce42 (0x77c9fcacde42 in /usr/local/lib/python3.12/dist-packages/torch/lib/libtorch_cpu.so)
frame #3: <unknown function> + 0x5ffe94e (0x77c9fcacf94e in /usr/local/lib/python3.12/dist-packages/torch/lib/libtorch_cpu.so)
frame #4: c10d::TCPStore::check(std::vector<std::__cxx11::basic_string<char, std::char_traits<char>, std::allocator<char> >, std::allocator<std::__cxx11::basic_string<char, std::char_traits<char>, std::allocator<char> > > > const&) + 0x30e (0x77c9fcaca26e in /usr/local/lib/python3.12/dist-packages/torch/lib/libtorch_cpu.so)
frame #5: c10d::ProcessGroupNCCL::HeartbeatMonitor::runLoop() + 0x3c8 (0x77c9bb649868 in /usr/local/lib/python3.12/dist-packages/torch/lib/libtorch_cuda.so)
frame #6: <unknown function> + 0xecdb4 (0x77ca1cd97db4 in /lib/x86_64-linux-gnu/libstdc++.so.6)
frame #7: <unknown function> + 0x9caa4 (0x77ca1f816aa4 in /lib/x86_64-linux-gnu/libc.so.6)
frame #8: __clone + 0x44 (0x77ca1f8a3a64 in /lib/x86_64-linux-gnu/libc.so.6)

[rank6]:[W421 05:05:00.929030537 ProcessGroupNCCL.cpp:1771] [PG ID 0 PG GUID 0(default_pg) Rank 6] Failed to check the "should dump" flag on TCPStore, (maybe TCPStore server has shut down too early), with error: Broken pipe
[rank4]:[W421 05:05:00.528967622 TCPStore.cpp:106] [c10d] sendBytes failed on SocketImpl(fd=90, addr=[8f9e71dd3259]:34834, remote=[8f9e71dd3259]:42409): Broken pipe
Exception raised from sendBytes at /pytorch/torch/csrc/distributed/c10d/Utils.hpp:653 (most recent call first):
frame #0: c10::Error::Error(c10::SourceLocation, std::__cxx11::basic_string<char, std::char_traits<char>, std::allocator<char> >) + 0x80 (0x7b1211392b80 in /usr/local/lib/python3.12/dist-packages/torch/lib/libc10.so)
frame #1: <unknown function> + 0x5ffc5b1 (0x7b11f42cd5b1 in /usr/local/lib/python3.12/dist-packages/torch/lib/libtorch_cpu.so)
frame #2: <unknown function> + 0x5ffce42 (0x7b11f42cde42 in /usr/local/lib/python3.12/dist-packages/torch/lib/libtorch_cpu.so)
frame #3: <unknown function> + 0x5ffe94e (0x7b11f42cf94e in /usr/local/lib/python3.12/dist-packages/torch/lib/libtorch_cpu.so)
frame #4: c10d::TCPStore::check(std::vector<std::__cxx11::basic_string<char, std::char_traits<char>, std::allocator<char> >, std::allocator<std::__cxx11::basic_string<char, std::char_traits<char>, std::allocator<char> > > > const&) + 0x30e (0x7b11f42ca26e in /usr/local/lib/python3.12/dist-packages/torch/lib/libtorch_cpu.so)
frame #5: c10d::ProcessGroupNCCL::HeartbeatMonitor::runLoop() + 0x3c8 (0x7b11b2e49868 in /usr/local/lib/python3.12/dist-packages/torch/lib/libtorch_cuda.so)
frame #6: <unknown function> + 0xecdb4 (0x7b121458ddb4 in /lib/x86_64-linux-gnu/libstdc++.so.6)
frame #7: <unknown function> + 0x9caa4 (0x7b121700caa4 in /lib/x86_64-linux-gnu/libc.so.6)
frame #8: __clone + 0x44 (0x7b1217099a64 in /lib/x86_64-linux-gnu/libc.so.6)

[rank4]:[W421 05:05:00.541858206 ProcessGroupNCCL.cpp:1771] [PG ID 0 PG GUID 0(default_pg) Rank 4] Failed to check the "should dump" flag on TCPStore, (maybe TCPStore server has shut down too early), with error: Broken pipe
[rank0]:[W421 05:05:00.637340860 TCPStore.cpp:106] [c10d] sendBytes failed on SocketImpl(fd=90, addr=[8f9e71dd3259]:34854, remote=[8f9e71dd3259]:42409): Broken pipe
Exception raised from sendBytes at /pytorch/torch/csrc/distributed/c10d/Utils.hpp:653 (most recent call first):
frame #0: c10::Error::Error(c10::SourceLocation, std::__cxx11::basic_string<char, std::char_traits<char>, std::allocator<char> >) + 0x80 (0x7c8c8677cb80 in /usr/local/lib/python3.12/dist-packages/torch/lib/libc10.so)
frame #1: <unknown function> + 0x5ffc5b1 (0x7c8c69acd5b1 in /usr/local/lib/python3.12/dist-packages/torch/lib/libtorch_cpu.so)
frame #2: <unknown function> + 0x5ffce42 (0x7c8c69acde42 in /usr/local/lib/python3.12/dist-packages/torch/lib/libtorch_cpu.so)
frame #3: <unknown function> + 0x5ffe94e (0x7c8c69acf94e in /usr/local/lib/python3.12/dist-packages/torch/lib/libtorch_cpu.so)
frame #4: c10d::TCPStore::check(std::vector<std::__cxx11::basic_string<char, std::char_traits<char>, std::allocator<char> >, std::allocator<std::__cxx11::basic_string<char, std::char_traits<char>, std::allocator<char> > > > const&) + 0x30e (0x7c8c69aca26e in /usr/local/lib/python3.12/dist-packages/torch/lib/libtorch_cpu.so)
frame #5: c10d::ProcessGroupNCCL::HeartbeatMonitor::runLoop() + 0x3c8 (0x7c8c28649868 in /usr/local/lib/python3.12/dist-packages/torch/lib/libtorch_cuda.so)
frame #6: <unknown function> + 0xecdb4 (0x7c8c89d10db4 in /lib/x86_64-linux-gnu/libstdc++.so.6)
frame #7: <unknown function> + 0x9caa4 (0x7c8c8c78faa4 in /lib/x86_64-linux-gnu/libc.so.6)
frame #8: __clone + 0x44 (0x7c8c8c81ca64 in /lib/x86_64-linux-gnu/libc.so.6)

[rank0]:[W421 05:05:00.650197832 ProcessGroupNCCL.cpp:1771] [PG ID 0 PG GUID 0(default_pg) Rank 0] Failed to check the "should dump" flag on TCPStore, (maybe TCPStore server has shut down too early), with error: Broken pipe
[rank1]:[W421 05:05:00.638378145 TCPStore.cpp:106] [c10d] sendBytes failed on SocketImpl(fd=90, addr=[8f9e71dd3259]:34844, remote=[8f9e71dd3259]:42409): Broken pipe
Exception raised from sendBytes at /pytorch/torch/csrc/distributed/c10d/Utils.hpp:653 (most recent call first):
frame #0: c10::Error::Error(c10::SourceLocation, std::__cxx11::basic_string<char, std::char_traits<char>, std::allocator<char> >) + 0x80 (0x71a805570b80 in /usr/local/lib/python3.12/dist-packages/torch/lib/libc10.so)
frame #1: <unknown function> + 0x5ffc5b1 (0x71a8478cd5b1 in /usr/local/lib/python3.12/dist-packages/torch/lib/libtorch_cpu.so)
frame #2: <unknown function> + 0x5ffce42 (0x71a8478cde42 in /usr/local/lib/python3.12/dist-packages/torch/lib/libtorch_cpu.so)
frame #3: <unknown function> + 0x5ffe94e (0x71a8478cf94e in /usr/local/lib/python3.12/dist-packages/torch/lib/libtorch_cpu.so)
frame #4: c10d::TCPStore::check(std::vector<std::__cxx11::basic_string<char, std::char_traits<char>, std::allocator<char> >, std::allocator<std::__cxx11::basic_string<char, std::char_traits<char>, std::allocator<char> > > > const&) + 0x30e (0x71a8478ca26e in /usr/local/lib/python3.12/dist-packages/torch/lib/libtorch_cpu.so)
frame #5: c10d::ProcessGroupNCCL::HeartbeatMonitor::runLoop() + 0x3c8 (0x71a806449868 in /usr/local/lib/python3.12/dist-packages/torch/lib/libtorch_cuda.so)
frame #6: <unknown function> + 0xecdb4 (0x71a867a0cdb4 in /lib/x86_64-linux-gnu/libstdc++.so.6)
frame #7: <unknown function> + 0x9caa4 (0x71a86a48baa4 in /lib/x86_64-linux-gnu/libc.so.6)
frame #8: __clone + 0x44 (0x71a86a518a64 in /lib/x86_64-linux-gnu/libc.so.6)

[rank1]:[W421 05:05:00.651182101 ProcessGroupNCCL.cpp:1771] [PG ID 0 PG GUID 0(default_pg) Rank 1] Failed to check the "should dump" flag on TCPStore, (maybe TCPStore server has shut down too early), with error: Broken pipe
[rank2]:[W421 05:05:00.647364370 TCPStore.cpp:106] [c10d] sendBytes failed on SocketImpl(fd=90, addr=[8f9e71dd3259]:34868, remote=[8f9e71dd3259]:42409): Broken pipe
Exception raised from sendBytes at /pytorch/torch/csrc/distributed/c10d/Utils.hpp:653 (most recent call first):
frame #0: c10::Error::Error(c10::SourceLocation, std::__cxx11::basic_string<char, std::char_traits<char>, std::allocator<char> >) + 0x80 (0x7676c2970b80 in /usr/local/lib/python3.12/dist-packages/torch/lib/libc10.so)
frame #1: <unknown function> + 0x5ffc5b1 (0x767704ccd5b1 in /usr/local/lib/python3.12/dist-packages/torch/lib/libtorch_cpu.so)
frame #2: <unknown function> + 0x5ffce42 (0x767704ccde42 in /usr/local/lib/python3.12/dist-packages/torch/lib/libtorch_cpu.so)
frame #3: <unknown function> + 0x5ffe94e (0x767704ccf94e in /usr/local/lib/python3.12/dist-packages/torch/lib/libtorch_cpu.so)
frame #4: c10d::TCPStore::check(std::vector<std::__cxx11::basic_string<char, std::char_traits<char>, std::allocator<char> >, std::allocator<std::__cxx11::basic_string<char, std::char_traits<char>, std::allocator<char> > > > const&) + 0x30e (0x767704cca26e in /usr/local/lib/python3.12/dist-packages/torch/lib/libtorch_cpu.so)
frame #5: c10d::ProcessGroupNCCL::HeartbeatMonitor::runLoop() + 0x3c8 (0x7676c3849868 in /usr/local/lib/python3.12/dist-packages/torch/lib/libtorch_cuda.so)
frame #6: <unknown function> + 0xecdb4 (0x767724e02db4 in /lib/x86_64-linux-gnu/libstdc++.so.6)
frame #7: <unknown function> + 0x9caa4 (0x767727881aa4 in /lib/x86_64-linux-gnu/libc.so.6)
frame #8: __clone + 0x44 (0x76772790ea64 in /lib/x86_64-linux-gnu/libc.so.6)

[rank2]:[W421 05:05:00.660319914 ProcessGroupNCCL.cpp:1771] [PG ID 0 PG GUID 0(default_pg) Rank 2] Failed to check the "should dump" flag on TCPStore, (maybe TCPStore server has shut down too early), with error: Broken pipe
[rank7]:[W421 05:05:00.648877610 TCPStore.cpp:106] [c10d] sendBytes failed on SocketImpl(fd=90, addr=[8f9e71dd3259]:34862, remote=[8f9e71dd3259]:42409): Broken pipe
Exception raised from sendBytes at /pytorch/torch/csrc/distributed/c10d/Utils.hpp:653 (most recent call first):
frame #0: c10::Error::Error(c10::SourceLocation, std::__cxx11::basic_string<char, std::char_traits<char>, std::allocator<char> >) + 0x80 (0x73ea2317cb80 in /usr/local/lib/python3.12/dist-packages/torch/lib/libc10.so)
frame #1: <unknown function> + 0x5ffc5b1 (0x73ea064cd5b1 in /usr/local/lib/python3.12/dist-packages/torch/lib/libtorch_cpu.so)
frame #2: <unknown function> + 0x5ffce42 (0x73ea064cde42 in /usr/local/lib/python3.12/dist-packages/torch/lib/libtorch_cpu.so)
frame #3: <unknown function> + 0x5ffe94e (0x73ea064cf94e in /usr/local/lib/python3.12/dist-packages/torch/lib/libtorch_cpu.so)
frame #4: c10d::TCPStore::check(std::vector<std::__cxx11::basic_string<char, std::char_traits<char>, std::allocator<char> >, std::allocator<std::__cxx11::basic_string<char, std::char_traits<char>, std::allocator<char> > > > const&) + 0x30e (0x73ea064ca26e in /usr/local/lib/python3.12/dist-packages/torch/lib/libtorch_cpu.so)
frame #5: c10d::ProcessGroupNCCL::HeartbeatMonitor::runLoop() + 0x3c8 (0x73e9c5049868 in /usr/local/lib/python3.12/dist-packages/torch/lib/libtorch_cuda.so)
frame #6: <unknown function> + 0xecdb4 (0x73ea2670adb4 in /lib/x86_64-linux-gnu/libstdc++.so.6)
frame #7: <unknown function> + 0x9caa4 (0x73ea29189aa4 in /lib/x86_64-linux-gnu/libc.so.6)
frame #8: __clone + 0x44 (0x73ea29216a64 in /lib/x86_64-linux-gnu/libc.so.6)

[rank7]:[W421 05:05:00.661920891 ProcessGroupNCCL.cpp:1771] [PG ID 0 PG GUID 0(default_pg) Rank 7] Failed to check the "should dump" flag on TCPStore, (maybe TCPStore server has shut down too early), with error: Broken pipe
[rank5]:[W421 05:05:00.752578372 TCPStore.cpp:106] [c10d] sendBytes failed on SocketImpl(fd=90, addr=[8f9e71dd3259]:34814, remote=[8f9e71dd3259]:42409): Broken pipe
Exception raised from sendBytes at /pytorch/torch/csrc/distributed/c10d/Utils.hpp:653 (most recent call first):
frame #0: c10::Error::Error(c10::SourceLocation, std::__cxx11::basic_string<char, std::char_traits<char>, std::allocator<char> >) + 0x80 (0x7c605f57cb80 in /usr/local/lib/python3.12/dist-packages/torch/lib/libc10.so)
frame #1: <unknown function> + 0x5ffc5b1 (0x7c60428cd5b1 in /usr/local/lib/python3.12/dist-packages/torch/lib/libtorch_cpu.so)
frame #2: <unknown function> + 0x5ffce42 (0x7c60428cde42 in /usr/local/lib/python3.12/dist-packages/torch/lib/libtorch_cpu.so)
frame #3: <unknown function> + 0x5ffe94e (0x7c60428cf94e in /usr/local/lib/python3.12/dist-packages/torch/lib/libtorch_cpu.so)
frame #4: c10d::TCPStore::check(std::vector<std::__cxx11::basic_string<char, std::char_traits<char>, std::allocator<char> >, std::allocator<std::__cxx11::basic_string<char, std::char_traits<char>, std::allocator<char> > > > const&) + 0x30e (0x7c60428ca26e in /usr/local/lib/python3.12/dist-packages/torch/lib/libtorch_cpu.so)
frame #5: c10d::ProcessGroupNCCL::HeartbeatMonitor::runLoop() + 0x3c8 (0x7c6001449868 in /usr/local/lib/python3.12/dist-packages/torch/lib/libtorch_cuda.so)
frame #6: <unknown function> + 0xecdb4 (0x7c6062b44db4 in /lib/x86_64-linux-gnu/libstdc++.so.6)
frame #7: <unknown function> + 0x9caa4 (0x7c60655c3aa4 in /lib/x86_64-linux-gnu/libc.so.6)
frame #8: __clone + 0x44 (0x7c6065650a64 in /lib/x86_64-linux-gnu/libc.so.6)

[rank5]:[W421 05:05:00.765238767 ProcessGroupNCCL.cpp:1771] [PG ID 0 PG GUID 0(default_pg) Rank 5] Failed to check the "should dump" flag on TCPStore, (maybe TCPStore server has shut down too early), with error: Broken pipe
[rank3]:[W421 05:05:01.847644724 TCPStore.cpp:106] [c10d] sendBytes failed on SocketImpl(fd=90, addr=[8f9e71dd3259]:34820, remote=[8f9e71dd3259]:42409): Broken pipe
Exception raised from sendBytes at /pytorch/torch/csrc/distributed/c10d/Utils.hpp:653 (most recent call first):
frame #0: c10::Error::Error(c10::SourceLocation, std::__cxx11::basic_string<char, std::char_traits<char>, std::allocator<char> >) + 0x80 (0x7def52b7cb80 in /usr/local/lib/python3.12/dist-packages/torch/lib/libc10.so)
frame #1: <unknown function> + 0x5ffc5b1 (0x7def35ecd5b1 in /usr/local/lib/python3.12/dist-packages/torch/lib/libtorch_cpu.so)
frame #2: <unknown function> + 0x5ffce42 (0x7def35ecde42 in /usr/local/lib/python3.12/dist-packages/torch/lib/libtorch_cpu.so)
frame #3: <unknown function> + 0x5ffe94e (0x7def35ecf94e in /usr/local/lib/python3.12/dist-packages/torch/lib/libtorch_cpu.so)
frame #4: c10d::TCPStore::check(std::vector<std::__cxx11::basic_string<char, std::char_traits<char>, std::allocator<char> >, std::allocator<std::__cxx11::basic_string<char, std::char_traits<char>, std::allocator<char> > > > const&) + 0x30e (0x7def35eca26e in /usr/local/lib/python3.12/dist-packages/torch/lib/libtorch_cpu.so)
frame #5: c10d::ProcessGroupNCCL::HeartbeatMonitor::runLoop() + 0x3c8 (0x7deef4a49868 in /usr/local/lib/python3.12/dist-packages/torch/lib/libtorch_cuda.so)
frame #6: <unknown function> + 0xecdb4 (0x7def56100db4 in /lib/x86_64-linux-gnu/libstdc++.so.6)
frame #7: <unknown function> + 0x9caa4 (0x7def58b7faa4 in /lib/x86_64-linux-gnu/libc.so.6)
frame #8: __clone + 0x44 (0x7def58c0ca64 in /lib/x86_64-linux-gnu/libc.so.6)

[rank3]:[W421 05:05:01.860707850 ProcessGroupNCCL.cpp:1771] [PG ID 0 PG GUID 0(default_pg) Rank 3] Failed to check the "should dump" flag on TCPStore, (maybe TCPStore server has shut down too early), with error: Broken pipe
[rank6]:[W421 05:05:01.929167186 TCPStore.cpp:106] [c10d] sendBytes failed on SocketImpl(fd=90, addr=[8f9e71dd3259]:34828, remote=[8f9e71dd3259]:42409): Broken pipe
Exception raised from sendBytes at /pytorch/torch/csrc/distributed/c10d/Utils.hpp:653 (most recent call first):
frame #0: c10::Error::Error(c10::SourceLocation, std::__cxx11::basic_string<char, std::char_traits<char>, std::allocator<char> >) + 0x80 (0x77ca19b92b80 in /usr/local/lib/python3.12/dist-packages/torch/lib/libc10.so)
frame #1: <unknown function> + 0x5ffc5b1 (0x77c9fcacd5b1 in /usr/local/lib/python3.12/dist-packages/torch/lib/libtorch_cpu.so)
frame #2: <unknown function> + 0x5ffce42 (0x77c9fcacde42 in /usr/local/lib/python3.12/dist-packages/torch/lib/libtorch_cpu.so)
frame #3: <unknown function> + 0x5ffe94e (0x77c9fcacf94e in /usr/local/lib/python3.12/dist-packages/torch/lib/libtorch_cpu.so)
frame #4: c10d::TCPStore::check(std::vector<std::__cxx11::basic_string<char, std::char_traits<char>, std::allocator<char> >, std::allocator<std::__cxx11::basic_string<char, std::char_traits<char>, std::allocator<char> > > > const&) + 0x30e (0x77c9fcaca26e in /usr/local/lib/python3.12/dist-packages/torch/lib/libtorch_cpu.so)
frame #5: c10d::ProcessGroupNCCL::HeartbeatMonitor::runLoop() + 0x3c8 (0x77c9bb649868 in /usr/local/lib/python3.12/dist-packages/torch/lib/libtorch_cuda.so)
frame #6: <unknown function> + 0xecdb4 (0x77ca1cd97db4 in /lib/x86_64-linux-gnu/libstdc++.so.6)
frame #7: <unknown function> + 0x9caa4 (0x77ca1f816aa4 in /lib/x86_64-linux-gnu/libc.so.6)
frame #8: __clone + 0x44 (0x77ca1f8a3a64 in /lib/x86_64-linux-gnu/libc.so.6)

[rank6]:[W421 05:05:01.942285057 ProcessGroupNCCL.cpp:1771] [PG ID 0 PG GUID 0(default_pg) Rank 6] Failed to check the "should dump" flag on TCPStore, (maybe TCPStore server has shut down too early), with error: Broken pipe
[rank4]:[W421 05:05:01.541957672 TCPStore.cpp:106] [c10d] sendBytes failed on SocketImpl(fd=90, addr=[8f9e71dd3259]:34834, remote=[8f9e71dd3259]:42409): Broken pipe
Exception raised from sendBytes at /pytorch/torch/csrc/distributed/c10d/Utils.hpp:653 (most recent call first):
frame #0: c10::Error::Error(c10::SourceLocation, std::__cxx11::basic_string<char, std::char_traits<char>, std::allocator<char> >) + 0x80 (0x7b1211392b80 in /usr/local/lib/python3.12/dist-packages/torch/lib/libc10.so)
frame #1: <unknown function> + 0x5ffc5b1 (0x7b11f42cd5b1 in /usr/local/lib/python3.12/dist-packages/torch/lib/libtorch_cpu.so)
frame #2: <unknown function> + 0x5ffce42 (0x7b11f42cde42 in /usr/local/lib/python3.12/dist-packages/torch/lib/libtorch_cpu.so)
frame #3: <unknown function> + 0x5ffe94e (0x7b11f42cf94e in /usr/local/lib/python3.12/dist-packages/torch/lib/libtorch_cpu.so)
frame #4: c10d::TCPStore::check(std::vector<std::__cxx11::basic_string<char, std::char_traits<char>, std::allocator<char> >, std::allocator<std::__cxx11::basic_string<char, std::char_traits<char>, std::allocator<char> > > > const&) + 0x30e (0x7b11f42ca26e in /usr/local/lib/python3.12/dist-packages/torch/lib/libtorch_cpu.so)
frame #5: c10d::ProcessGroupNCCL::HeartbeatMonitor::runLoop() + 0x3c8 (0x7b11b2e49868 in /usr/local/lib/python3.12/dist-packages/torch/lib/libtorch_cuda.so)
frame #6: <unknown function> + 0xecdb4 (0x7b121458ddb4 in /lib/x86_64-linux-gnu/libstdc++.so.6)
frame #7: <unknown function> + 0x9caa4 (0x7b121700caa4 in /lib/x86_64-linux-gnu/libc.so.6)
frame #8: __clone + 0x44 (0x7b1217099a64 in /lib/x86_64-linux-gnu/libc.so.6)

[rank4]:[W421 05:05:01.554691206 ProcessGroupNCCL.cpp:1771] [PG ID 0 PG GUID 0(default_pg) Rank 4] Failed to check the "should dump" flag on TCPStore, (maybe TCPStore server has shut down too early), with error: Broken pipe
[rank0]:[W421 05:05:01.650301928 TCPStore.cpp:106] [c10d] sendBytes failed on SocketImpl(fd=90, addr=[8f9e71dd3259]:34854, remote=[8f9e71dd3259]:42409): Broken pipe
Exception raised from sendBytes at /pytorch/torch/csrc/distributed/c10d/Utils.hpp:653 (most recent call first):
frame #0: c10::Error::Error(c10::SourceLocation, std::__cxx11::basic_string<char, std::char_traits<char>, std::allocator<char> >) + 0x80 (0x7c8c8677cb80 in /usr/local/lib/python3.12/dist-packages/torch/lib/libc10.so)
frame #1: <unknown function> + 0x5ffc5b1 (0x7c8c69acd5b1 in /usr/local/lib/python3.12/dist-packages/torch/lib/libtorch_cpu.so)
frame #2: <unknown function> + 0x5ffce42 (0x7c8c69acde42 in /usr/local/lib/python3.12/dist-packages/torch/lib/libtorch_cpu.so)
frame #3: <unknown function> + 0x5ffe94e (0x7c8c69acf94e in /usr/local/lib/python3.12/dist-packages/torch/lib/libtorch_cpu.so)
frame #4: c10d::TCPStore::check(std::vector<std::__cxx11::basic_string<char, std::char_traits<char>, std::allocator<char> >, std::allocator<std::__cxx11::basic_string<char, std::char_traits<char>, std::allocator<char> > > > const&) + 0x30e (0x7c8c69aca26e in /usr/local/lib/python3.12/dist-packages/torch/lib/libtorch_cpu.so)
frame #5: c10d::ProcessGroupNCCL::HeartbeatMonitor::runLoop() + 0x3c8 (0x7c8c28649868 in /usr/local/lib/python3.12/dist-packages/torch/lib/libtorch_cuda.so)
frame #6: <unknown function> + 0xecdb4 (0x7c8c89d10db4 in /lib/x86_64-linux-gnu/libstdc++.so.6)
frame #7: <unknown function> + 0x9caa4 (0x7c8c8c78faa4 in /lib/x86_64-linux-gnu/libc.so.6)
frame #8: __clone + 0x44 (0x7c8c8c81ca64 in /lib/x86_64-linux-gnu/libc.so.6)

[rank0]:[W421 05:05:01.663096504 ProcessGroupNCCL.cpp:1771] [PG ID 0 PG GUID 0(default_pg) Rank 0] Failed to check the "should dump" flag on TCPStore, (maybe TCPStore server has shut down too early), with error: Broken pipe
[rank1]:[W421 05:05:01.651287958 TCPStore.cpp:106] [c10d] sendBytes failed on SocketImpl(fd=90, addr=[8f9e71dd3259]:34844, remote=[8f9e71dd3259]:42409): Broken pipe
Exception raised from sendBytes at /pytorch/torch/csrc/distributed/c10d/Utils.hpp:653 (most recent call first):
frame #0: c10::Error::Error(c10::SourceLocation, std::__cxx11::basic_string<char, std::char_traits<char>, std::allocator<char> >) + 0x80 (0x71a805570b80 in /usr/local/lib/python3.12/dist-packages/torch/lib/libc10.so)
frame #1: <unknown function> + 0x5ffc5b1 (0x71a8478cd5b1 in /usr/local/lib/python3.12/dist-packages/torch/lib/libtorch_cpu.so)
frame #2: <unknown function> + 0x5ffce42 (0x71a8478cde42 in /usr/local/lib/python3.12/dist-packages/torch/lib/libtorch_cpu.so)
frame #3: <unknown function> + 0x5ffe94e (0x71a8478cf94e in /usr/local/lib/python3.12/dist-packages/torch/lib/libtorch_cpu.so)
frame #4: c10d::TCPStore::check(std::vector<std::__cxx11::basic_string<char, std::char_traits<char>, std::allocator<char> >, std::allocator<std::__cxx11::basic_string<char, std::char_traits<char>, std::allocator<char> > > > const&) + 0x30e (0x71a8478ca26e in /usr/local/lib/python3.12/dist-packages/torch/lib/libtorch_cpu.so)
frame #5: c10d::ProcessGroupNCCL::HeartbeatMonitor::runLoop() + 0x3c8 (0x71a806449868 in /usr/local/lib/python3.12/dist-packages/torch/lib/libtorch_cuda.so)
frame #6: <unknown function> + 0xecdb4 (0x71a867a0cdb4 in /lib/x86_64-linux-gnu/libstdc++.so.6)
frame #7: <unknown function> + 0x9caa4 (0x71a86a48baa4 in /lib/x86_64-linux-gnu/libc.so.6)
frame #8: __clone + 0x44 (0x71a86a518a64 in /lib/x86_64-linux-gnu/libc.so.6)

[rank1]:[W421 05:05:01.664109103 ProcessGroupNCCL.cpp:1771] [PG ID 0 PG GUID 0(default_pg) Rank 1] Failed to check the "should dump" flag on TCPStore, (maybe TCPStore server has shut down too early), with error: Broken pipe
[rank2]:[W421 05:05:01.660494389 TCPStore.cpp:106] [c10d] sendBytes failed on SocketImpl(fd=90, addr=[8f9e71dd3259]:34868, remote=[8f9e71dd3259]:42409): Broken pipe
Exception raised from sendBytes at /pytorch/torch/csrc/distributed/c10d/Utils.hpp:653 (most recent call first):
frame #0: c10::Error::Error(c10::SourceLocation, std::__cxx11::basic_string<char, std::char_traits<char>, std::allocator<char> >) + 0x80 (0x7676c2970b80 in /usr/local/lib/python3.12/dist-packages/torch/lib/libc10.so)
frame #1: <unknown function> + 0x5ffc5b1 (0x767704ccd5b1 in /usr/local/lib/python3.12/dist-packages/torch/lib/libtorch_cpu.so)
frame #2: <unknown function> + 0x5ffce42 (0x767704ccde42 in /usr/local/lib/python3.12/dist-packages/torch/lib/libtorch_cpu.so)
frame #3: <unknown function> + 0x5ffe94e (0x767704ccf94e in /usr/local/lib/python3.12/dist-packages/torch/lib/libtorch_cpu.so)
frame #4: c10d::TCPStore::check(std::vector<std::__cxx11::basic_string<char, std::char_traits<char>, std::allocator<char> >, std::allocator<std::__cxx11::basic_string<char, std::char_traits<char>, std::allocator<char> > > > const&) + 0x30e (0x767704cca26e in /usr/local/lib/python3.12/dist-packages/torch/lib/libtorch_cpu.so)
frame #5: c10d::ProcessGroupNCCL::HeartbeatMonitor::runLoop() + 0x3c8 (0x7676c3849868 in /usr/local/lib/python3.12/dist-packages/torch/lib/libtorch_cuda.so)
frame #6: <unknown function> + 0xecdb4 (0x767724e02db4 in /lib/x86_64-linux-gnu/libstdc++.so.6)
frame #7: <unknown function> + 0x9caa4 (0x767727881aa4 in /lib/x86_64-linux-gnu/libc.so.6)
frame #8: __clone + 0x44 (0x76772790ea64 in /lib/x86_64-linux-gnu/libc.so.6)

[rank2]:[W421 05:05:01.673644408 ProcessGroupNCCL.cpp:1771] [PG ID 0 PG GUID 0(default_pg) Rank 2] Failed to check the "should dump" flag on TCPStore, (maybe TCPStore server has shut down too early), with error: Broken pipe
[rank7]:[W421 05:05:01.662086201 TCPStore.cpp:106] [c10d] sendBytes failed on SocketImpl(fd=90, addr=[8f9e71dd3259]:34862, remote=[8f9e71dd3259]:42409): Broken pipe
Exception raised from sendBytes at /pytorch/torch/csrc/distributed/c10d/Utils.hpp:653 (most recent call first):
frame #0: c10::Error::Error(c10::SourceLocation, std::__cxx11::basic_string<char, std::char_traits<char>, std::allocator<char> >) + 0x80 (0x73ea2317cb80 in /usr/local/lib/python3.12/dist-packages/torch/lib/libc10.so)
frame #1: <unknown function> + 0x5ffc5b1 (0x73ea064cd5b1 in /usr/local/lib/python3.12/dist-packages/torch/lib/libtorch_cpu.so)
frame #2: <unknown function> + 0x5ffce42 (0x73ea064cde42 in /usr/local/lib/python3.12/dist-packages/torch/lib/libtorch_cpu.so)
frame #3: <unknown function> + 0x5ffe94e (0x73ea064cf94e in /usr/local/lib/python3.12/dist-packages/torch/lib/libtorch_cpu.so)
frame #4: c10d::TCPStore::check(std::vector<std::__cxx11::basic_string<char, std::char_traits<char>, std::allocator<char> >, std::allocator<std::__cxx11::basic_string<char, std::char_traits<char>, std::allocator<char> > > > const&) + 0x30e (0x73ea064ca26e in /usr/local/lib/python3.12/dist-packages/torch/lib/libtorch_cpu.so)
frame #5: c10d::ProcessGroupNCCL::HeartbeatMonitor::runLoop() + 0x3c8 (0x73e9c5049868 in /usr/local/lib/python3.12/dist-packages/torch/lib/libtorch_cuda.so)
frame #6: <unknown function> + 0xecdb4 (0x73ea2670adb4 in /lib/x86_64-linux-gnu/libstdc++.so.6)
frame #7: <unknown function> + 0x9caa4 (0x73ea29189aa4 in /lib/x86_64-linux-gnu/libc.so.6)
frame #8: __clone + 0x44 (0x73ea29216a64 in /lib/x86_64-linux-gnu/libc.so.6)

[rank7]:[W421 05:05:01.675547114 ProcessGroupNCCL.cpp:1771] [PG ID 0 PG GUID 0(default_pg) Rank 7] Failed to check the "should dump" flag on TCPStore, (maybe TCPStore server has shut down too early), with error: Broken pipe
[rank5]:[W421 05:05:01.765328082 TCPStore.cpp:106] [c10d] sendBytes failed on SocketImpl(fd=90, addr=[8f9e71dd3259]:34814, remote=[8f9e71dd3259]:42409): Broken pipe
Exception raised from sendBytes at /pytorch/torch/csrc/distributed/c10d/Utils.hpp:653 (most recent call first):
frame #0: c10::Error::Error(c10::SourceLocation, std::__cxx11::basic_string<char, std::char_traits<char>, std::allocator<char> >) + 0x80 (0x7c605f57cb80 in /usr/local/lib/python3.12/dist-packages/torch/lib/libc10.so)
frame #1: <unknown function> + 0x5ffc5b1 (0x7c60428cd5b1 in /usr/local/lib/python3.12/dist-packages/torch/lib/libtorch_cpu.so)
frame #2: <unknown function> + 0x5ffce42 (0x7c60428cde42 in /usr/local/lib/python3.12/dist-packages/torch/lib/libtorch_cpu.so)
frame #3: <unknown function> + 0x5ffe94e (0x7c60428cf94e in /usr/local/lib/python3.12/dist-packages/torch/lib/libtorch_cpu.so)
frame #4: c10d::TCPStore::check(std::vector<std::__cxx11::basic_string<char, std::char_traits<char>, std::allocator<char> >, std::allocator<std::__cxx11::basic_string<char, std::char_traits<char>, std::allocator<char> > > > const&) + 0x30e (0x7c60428ca26e in /usr/local/lib/python3.12/dist-packages/torch/lib/libtorch_cpu.so)
frame #5: c10d::ProcessGroupNCCL::HeartbeatMonitor::runLoop() + 0x3c8 (0x7c6001449868 in /usr/local/lib/python3.12/dist-packages/torch/lib/libtorch_cuda.so)
frame #6: <unknown function> + 0xecdb4 (0x7c6062b44db4 in /lib/x86_64-linux-gnu/libstdc++.so.6)
frame #7: <unknown function> + 0x9caa4 (0x7c60655c3aa4 in /lib/x86_64-linux-gnu/libc.so.6)
frame #8: __clone + 0x44 (0x7c6065650a64 in /lib/x86_64-linux-gnu/libc.so.6)

[rank5]:[W421 05:05:01.778199839 ProcessGroupNCCL.cpp:1771] [PG ID 0 PG GUID 0(default_pg) Rank 5] Failed to check the "should dump" flag on TCPStore, (maybe TCPStore server has shut down too early), with error: Broken pipe
[rank3]:[W421 05:05:02.860872291 TCPStore.cpp:106] [c10d] sendBytes failed on SocketImpl(fd=90, addr=[8f9e71dd3259]:34820, remote=[8f9e71dd3259]:42409): Broken pipe
Exception raised from sendBytes at /pytorch/torch/csrc/distributed/c10d/Utils.hpp:653 (most recent call first):
frame #0: c10::Error::Error(c10::SourceLocation, std::__cxx11::basic_string<char, std::char_traits<char>, std::allocator<char> >) + 0x80 (0x7def52b7cb80 in /usr/local/lib/python3.12/dist-packages/torch/lib/libc10.so)
frame #1: <unknown function> + 0x5ffc5b1 (0x7def35ecd5b1 in /usr/local/lib/python3.12/dist-packages/torch/lib/libtorch_cpu.so)
frame #2: <unknown function> + 0x5ffce42 (0x7def35ecde42 in /usr/local/lib/python3.12/dist-packages/torch/lib/libtorch_cpu.so)
frame #3: <unknown function> + 0x5ffe94e (0x7def35ecf94e in /usr/local/lib/python3.12/dist-packages/torch/lib/libtorch_cpu.so)
frame #4: c10d::TCPStore::check(std::vector<std::__cxx11::basic_string<char, std::char_traits<char>, std::allocator<char> >, std::allocator<std::__cxx11::basic_string<char, std::char_traits<char>, std::allocator<char> > > > const&) + 0x30e (0x7def35eca26e in /usr/local/lib/python3.12/dist-packages/torch/lib/libtorch_cpu.so)
frame #5: c10d::ProcessGroupNCCL::HeartbeatMonitor::runLoop() + 0x3c8 (0x7deef4a49868 in /usr/local/lib/python3.12/dist-packages/torch/lib/libtorch_cuda.so)
frame #6: <unknown function> + 0xecdb4 (0x7def56100db4 in /lib/x86_64-linux-gnu/libstdc++.so.6)
frame #7: <unknown function> + 0x9caa4 (0x7def58b7faa4 in /lib/x86_64-linux-gnu/libc.so.6)
frame #8: __clone + 0x44 (0x7def58c0ca64 in /lib/x86_64-linux-gnu/libc.so.6)

[rank3]:[W421 05:05:02.873900508 ProcessGroupNCCL.cpp:1771] [PG ID 0 PG GUID 0(default_pg) Rank 3] Failed to check the "should dump" flag on TCPStore, (maybe TCPStore server has shut down too early), with error: Broken pipe
[rank6]:[W421 05:05:02.942444888 TCPStore.cpp:106] [c10d] sendBytes failed on SocketImpl(fd=90, addr=[8f9e71dd3259]:34828, remote=[8f9e71dd3259]:42409): Broken pipe
Exception raised from sendBytes at /pytorch/torch/csrc/distributed/c10d/Utils.hpp:653 (most recent call first):
frame #0: c10::Error::Error(c10::SourceLocation, std::__cxx11::basic_string<char, std::char_traits<char>, std::allocator<char> >) + 0x80 (0x77ca19b92b80 in /usr/local/lib/python3.12/dist-packages/torch/lib/libc10.so)
frame #1: <unknown function> + 0x5ffc5b1 (0x77c9fcacd5b1 in /usr/local/lib/python3.12/dist-packages/torch/lib/libtorch_cpu.so)
frame #2: <unknown function> + 0x5ffce42 (0x77c9fcacde42 in /usr/local/lib/python3.12/dist-packages/torch/lib/libtorch_cpu.so)
frame #3: <unknown function> + 0x5ffe94e (0x77c9fcacf94e in /usr/local/lib/python3.12/dist-packages/torch/lib/libtorch_cpu.so)
frame #4: c10d::TCPStore::check(std::vector<std::__cxx11::basic_string<char, std::char_traits<char>, std::allocator<char> >, std::allocator<std::__cxx11::basic_string<char, std::char_traits<char>, std::allocator<char> > > > const&) + 0x30e (0x77c9fcaca26e in /usr/local/lib/python3.12/dist-packages/torch/lib/libtorch_cpu.so)
frame #5: c10d::ProcessGroupNCCL::HeartbeatMonitor::runLoop() + 0x3c8 (0x77c9bb649868 in /usr/local/lib/python3.12/dist-packages/torch/lib/libtorch_cuda.so)
frame #6: <unknown function> + 0xecdb4 (0x77ca1cd97db4 in /lib/x86_64-linux-gnu/libstdc++.so.6)
frame #7: <unknown function> + 0x9caa4 (0x77ca1f816aa4 in /lib/x86_64-linux-gnu/libc.so.6)
frame #8: __clone + 0x44 (0x77ca1f8a3a64 in /lib/x86_64-linux-gnu/libc.so.6)

[rank6]:[W421 05:05:02.955485414 ProcessGroupNCCL.cpp:1771] [PG ID 0 PG GUID 0(default_pg) Rank 6] Failed to check the "should dump" flag on TCPStore, (maybe TCPStore server has shut down too early), with error: Broken pipe
[rank4]:[W421 05:05:02.554783198 TCPStore.cpp:106] [c10d] sendBytes failed on SocketImpl(fd=90, addr=[8f9e71dd3259]:34834, remote=[8f9e71dd3259]:42409): Broken pipe
Exception raised from sendBytes at /pytorch/torch/csrc/distributed/c10d/Utils.hpp:653 (most recent call first):
frame #0: c10::Error::Error(c10::SourceLocation, std::__cxx11::basic_string<char, std::char_traits<char>, std::allocator<char> >) + 0x80 (0x7b1211392b80 in /usr/local/lib/python3.12/dist-packages/torch/lib/libc10.so)
frame #1: <unknown function> + 0x5ffc5b1 (0x7b11f42cd5b1 in /usr/local/lib/python3.12/dist-packages/torch/lib/libtorch_cpu.so)
frame #2: <unknown function> + 0x5ffce42 (0x7b11f42cde42 in /usr/local/lib/python3.12/dist-packages/torch/lib/libtorch_cpu.so)
frame #3: <unknown function> + 0x5ffe94e (0x7b11f42cf94e in /usr/local/lib/python3.12/dist-packages/torch/lib/libtorch_cpu.so)
frame #4: c10d::TCPStore::check(std::vector<std::__cxx11::basic_string<char, std::char_traits<char>, std::allocator<char> >, std::allocator<std::__cxx11::basic_string<char, std::char_traits<char>, std::allocator<char> > > > const&) + 0x30e (0x7b11f42ca26e in /usr/local/lib/python3.12/dist-packages/torch/lib/libtorch_cpu.so)
frame #5: c10d::ProcessGroupNCCL::HeartbeatMonitor::runLoop() + 0x3c8 (0x7b11b2e49868 in /usr/local/lib/python3.12/dist-packages/torch/lib/libtorch_cuda.so)
frame #6: <unknown function> + 0xecdb4 (0x7b121458ddb4 in /lib/x86_64-linux-gnu/libstdc++.so.6)
frame #7: <unknown function> + 0x9caa4 (0x7b121700caa4 in /lib/x86_64-linux-gnu/libc.so.6)
frame #8: __clone + 0x44 (0x7b1217099a64 in /lib/x86_64-linux-gnu/libc.so.6)

[rank4]:[W421 05:05:02.567810280 ProcessGroupNCCL.cpp:1771] [PG ID 0 PG GUID 0(default_pg) Rank 4] Failed to check the "should dump" flag on TCPStore, (maybe TCPStore server has shut down too early), with error: Broken pipe
[rank0]:[W421 05:05:02.663198096 TCPStore.cpp:106] [c10d] sendBytes failed on SocketImpl(fd=90, addr=[8f9e71dd3259]:34854, remote=[8f9e71dd3259]:42409): Broken pipe
Exception raised from sendBytes at /pytorch/torch/csrc/distributed/c10d/Utils.hpp:653 (most recent call first):
frame #0: c10::Error::Error(c10::SourceLocation, std::__cxx11::basic_string<char, std::char_traits<char>, std::allocator<char> >) + 0x80 (0x7c8c8677cb80 in /usr/local/lib/python3.12/dist-packages/torch/lib/libc10.so)
frame #1: <unknown function> + 0x5ffc5b1 (0x7c8c69acd5b1 in /usr/local/lib/python3.12/dist-packages/torch/lib/libtorch_cpu.so)
frame #2: <unknown function> + 0x5ffce42 (0x7c8c69acde42 in /usr/local/lib/python3.12/dist-packages/torch/lib/libtorch_cpu.so)
frame #3: <unknown function> + 0x5ffe94e (0x7c8c69acf94e in /usr/local/lib/python3.12/dist-packages/torch/lib/libtorch_cpu.so)
frame #4: c10d::TCPStore::check(std::vector<std::__cxx11::basic_string<char, std::char_traits<char>, std::allocator<char> >, std::allocator<std::__cxx11::basic_string<char, std::char_traits<char>, std::allocator<char> > > > const&) + 0x30e (0x7c8c69aca26e in /usr/local/lib/python3.12/dist-packages/torch/lib/libtorch_cpu.so)
frame #5: c10d::ProcessGroupNCCL::HeartbeatMonitor::runLoop() + 0x3c8 (0x7c8c28649868 in /usr/local/lib/python3.12/dist-packages/torch/lib/libtorch_cuda.so)
frame #6: <unknown function> + 0xecdb4 (0x7c8c89d10db4 in /lib/x86_64-linux-gnu/libstdc++.so.6)
frame #7: <unknown function> + 0x9caa4 (0x7c8c8c78faa4 in /lib/x86_64-linux-gnu/libc.so.6)
frame #8: __clone + 0x44 (0x7c8c8c81ca64 in /lib/x86_64-linux-gnu/libc.so.6)

[rank0]:[W421 05:05:02.667595637 ProcessGroupNCCL.cpp:1771] [PG ID 0 PG GUID 0(default_pg) Rank 0] Failed to check the "should dump" flag on TCPStore, (maybe TCPStore server has shut down too early), with error: Broken pipe
[rank1]:[W421 05:05:02.664199596 TCPStore.cpp:106] [c10d] sendBytes failed on SocketImpl(fd=90, addr=[8f9e71dd3259]:34844, remote=[8f9e71dd3259]:42409): Broken pipe
Exception raised from sendBytes at /pytorch/torch/csrc/distributed/c10d/Utils.hpp:653 (most recent call first):
frame #0: c10::Error::Error(c10::SourceLocation, std::__cxx11::basic_string<char, std::char_traits<char>, std::allocator<char> >) + 0x80 (0x71a805570b80 in /usr/local/lib/python3.12/dist-packages/torch/lib/libc10.so)
frame #1: <unknown function> + 0x5ffc5b1 (0x71a8478cd5b1 in /usr/local/lib/python3.12/dist-packages/torch/lib/libtorch_cpu.so)
frame #2: <unknown function> + 0x5ffce42 (0x71a8478cde42 in /usr/local/lib/python3.12/dist-packages/torch/lib/libtorch_cpu.so)
frame #3: <unknown function> + 0x5ffe94e (0x71a8478cf94e in /usr/local/lib/python3.12/dist-packages/torch/lib/libtorch_cpu.so)
frame #4: c10d::TCPStore::check(std::vector<std::__cxx11::basic_string<char, std::char_traits<char>, std::allocator<char> >, std::allocator<std::__cxx11::basic_string<char, std::char_traits<char>, std::allocator<char> > > > const&) + 0x30e (0x71a8478ca26e in /usr/local/lib/python3.12/dist-packages/torch/lib/libtorch_cpu.so)
frame #5: c10d::ProcessGroupNCCL::HeartbeatMonitor::runLoop() + 0x3c8 (0x71a806449868 in /usr/local/lib/python3.12/dist-packages/torch/lib/libtorch_cuda.so)
frame #6: <unknown function> + 0xecdb4 (0x71a867a0cdb4 in /lib/x86_64-linux-gnu/libstdc++.so.6)
frame #7: <unknown function> + 0x9caa4 (0x71a86a48baa4 in /lib/x86_64-linux-gnu/libc.so.6)
frame #8: __clone + 0x44 (0x71a86a518a64 in /lib/x86_64-linux-gnu/libc.so.6)

[rank1]:[W421 05:05:02.677065856 ProcessGroupNCCL.cpp:1771] [PG ID 0 PG GUID 0(default_pg) Rank 1] Failed to check the "should dump" flag on TCPStore, (maybe TCPStore server has shut down too early), with error: Broken pipe
[rank2]:[W421 05:05:02.673795535 TCPStore.cpp:106] [c10d] sendBytes failed on SocketImpl(fd=90, addr=[8f9e71dd3259]:34868, remote=[8f9e71dd3259]:42409): Broken pipe
Exception raised from sendBytes at /pytorch/torch/csrc/distributed/c10d/Utils.hpp:653 (most recent call first):
frame #0: c10::Error::Error(c10::SourceLocation, std::__cxx11::basic_string<char, std::char_traits<char>, std::allocator<char> >) + 0x80 (0x7676c2970b80 in /usr/local/lib/python3.12/dist-packages/torch/lib/libc10.so)
frame #1: <unknown function> + 0x5ffc5b1 (0x767704ccd5b1 in /usr/local/lib/python3.12/dist-packages/torch/lib/libtorch_cpu.so)
frame #2: <unknown function> + 0x5ffce42 (0x767704ccde42 in /usr/local/lib/python3.12/dist-packages/torch/lib/libtorch_cpu.so)
frame #3: <unknown function> + 0x5ffe94e (0x767704ccf94e in /usr/local/lib/python3.12/dist-packages/torch/lib/libtorch_cpu.so)
frame #4: c10d::TCPStore::check(std::vector<std::__cxx11::basic_string<char, std::char_traits<char>, std::allocator<char> >, std::allocator<std::__cxx11::basic_string<char, std::char_traits<char>, std::allocator<char> > > > const&) + 0x30e (0x767704cca26e in /usr/local/lib/python3.12/dist-packages/torch/lib/libtorch_cpu.so)
frame #5: c10d::ProcessGroupNCCL::HeartbeatMonitor::runLoop() + 0x3c8 (0x7676c3849868 in /usr/local/lib/python3.12/dist-packages/torch/lib/libtorch_cuda.so)
frame #6: <unknown function> + 0xecdb4 (0x767724e02db4 in /lib/x86_64-linux-gnu/libstdc++.so.6)
frame #7: <unknown function> + 0x9caa4 (0x767727881aa4 in /lib/x86_64-linux-gnu/libc.so.6)
frame #8: __clone + 0x44 (0x76772790ea64 in /lib/x86_64-linux-gnu/libc.so.6)

[rank2]:[W421 05:05:02.686852435 ProcessGroupNCCL.cpp:1771] [PG ID 0 PG GUID 0(default_pg) Rank 2] Failed to check the "should dump" flag on TCPStore, (maybe TCPStore server has shut down too early), with error: Broken pipe
[rank7]:[W421 05:05:02.675688054 TCPStore.cpp:106] [c10d] sendBytes failed on SocketImpl(fd=90, addr=[8f9e71dd3259]:34862, remote=[8f9e71dd3259]:42409): Broken pipe
Exception raised from sendBytes at /pytorch/torch/csrc/distributed/c10d/Utils.hpp:653 (most recent call first):
frame #0: c10::Error::Error(c10::SourceLocation, std::__cxx11::basic_string<char, std::char_traits<char>, std::allocator<char> >) + 0x80 (0x73ea2317cb80 in /usr/local/lib/python3.12/dist-packages/torch/lib/libc10.so)
frame #1: <unknown function> + 0x5ffc5b1 (0x73ea064cd5b1 in /usr/local/lib/python3.12/dist-packages/torch/lib/libtorch_cpu.so)
frame #2: <unknown function> + 0x5ffce42 (0x73ea064cde42 in /usr/local/lib/python3.12/dist-packages/torch/lib/libtorch_cpu.so)
frame #3: <unknown function> + 0x5ffe94e (0x73ea064cf94e in /usr/local/lib/python3.12/dist-packages/torch/lib/libtorch_cpu.so)
frame #4: c10d::TCPStore::check(std::vector<std::__cxx11::basic_string<char, std::char_traits<char>, std::allocator<char> >, std::allocator<std::__cxx11::basic_string<char, std::char_traits<char>, std::allocator<char> > > > const&) + 0x30e (0x73ea064ca26e in /usr/local/lib/python3.12/dist-packages/torch/lib/libtorch_cpu.so)
frame #5: c10d::ProcessGroupNCCL::HeartbeatMonitor::runLoop() + 0x3c8 (0x73e9c5049868 in /usr/local/lib/python3.12/dist-packages/torch/lib/libtorch_cuda.so)
frame #6: <unknown function> + 0xecdb4 (0x73ea2670adb4 in /lib/x86_64-linux-gnu/libstdc++.so.6)
frame #7: <unknown function> + 0x9caa4 (0x73ea29189aa4 in /lib/x86_64-linux-gnu/libc.so.6)
frame #8: __clone + 0x44 (0x73ea29216a64 in /lib/x86_64-linux-gnu/libc.so.6)

[rank7]:[W421 05:05:02.688824334 ProcessGroupNCCL.cpp:1771] [PG ID 0 PG GUID 0(default_pg) Rank 7] Failed to check the "should dump" flag on TCPStore, (maybe TCPStore server has shut down too early), with error: Broken pipe
[rank5]:[W421 05:05:02.778286335 TCPStore.cpp:106] [c10d] sendBytes failed on SocketImpl(fd=90, addr=[8f9e71dd3259]:34814, remote=[8f9e71dd3259]:42409): Broken pipe
Exception raised from sendBytes at /pytorch/torch/csrc/distributed/c10d/Utils.hpp:653 (most recent call first):
frame #0: c10::Error::Error(c10::SourceLocation, std::__cxx11::basic_string<char, std::char_traits<char>, std::allocator<char> >) + 0x80 (0x7c605f57cb80 in /usr/local/lib/python3.12/dist-packages/torch/lib/libc10.so)
frame #1: <unknown function> + 0x5ffc5b1 (0x7c60428cd5b1 in /usr/local/lib/python3.12/dist-packages/torch/lib/libtorch_cpu.so)
frame #2: <unknown function> + 0x5ffce42 (0x7c60428cde42 in /usr/local/lib/python3.12/dist-packages/torch/lib/libtorch_cpu.so)
frame #3: <unknown function> + 0x5ffe94e (0x7c60428cf94e in /usr/local/lib/python3.12/dist-packages/torch/lib/libtorch_cpu.so)
frame #4: c10d::TCPStore::check(std::vector<std::__cxx11::basic_string<char, std::char_traits<char>, std::allocator<char> >, std::allocator<std::__cxx11::basic_string<char, std::char_traits<char>, std::allocator<char> > > > const&) + 0x30e (0x7c60428ca26e in /usr/local/lib/python3.12/dist-packages/torch/lib/libtorch_cpu.so)
frame #5: c10d::ProcessGroupNCCL::HeartbeatMonitor::runLoop() + 0x3c8 (0x7c6001449868 in /usr/local/lib/python3.12/dist-packages/torch/lib/libtorch_cuda.so)
frame #6: <unknown function> + 0xecdb4 (0x7c6062b44db4 in /lib/x86_64-linux-gnu/libstdc++.so.6)
frame #7: <unknown function> + 0x9caa4 (0x7c60655c3aa4 in /lib/x86_64-linux-gnu/libc.so.6)
frame #8: __clone + 0x44 (0x7c6065650a64 in /lib/x86_64-linux-gnu/libc.so.6)

[rank5]:[W421 05:05:03.791160861 ProcessGroupNCCL.cpp:1771] [PG ID 0 PG GUID 0(default_pg) Rank 5] Failed to check the "should dump" flag on TCPStore, (maybe TCPStore server has shut down too early), with error: Broken pipe
[rank3]:[W421 05:05:03.874072013 TCPStore.cpp:106] [c10d] sendBytes failed on SocketImpl(fd=90, addr=[8f9e71dd3259]:34820, remote=[8f9e71dd3259]:42409): Broken pipe
Exception raised from sendBytes at /pytorch/torch/csrc/distributed/c10d/Utils.hpp:653 (most recent call first):
frame #0: c10::Error::Error(c10::SourceLocation, std::__cxx11::basic_string<char, std::char_traits<char>, std::allocator<char> >) + 0x80 (0x7def52b7cb80 in /usr/local/lib/python3.12/dist-packages/torch/lib/libc10.so)
frame #1: <unknown function> + 0x5ffc5b1 (0x7def35ecd5b1 in /usr/local/lib/python3.12/dist-packages/torch/lib/libtorch_cpu.so)
frame #2: <unknown function> + 0x5ffce42 (0x7def35ecde42 in /usr/local/lib/python3.12/dist-packages/torch/lib/libtorch_cpu.so)
frame #3: <unknown function> + 0x5ffe94e (0x7def35ecf94e in /usr/local/lib/python3.12/dist-packages/torch/lib/libtorch_cpu.so)
frame #4: c10d::TCPStore::check(std::vector<std::__cxx11::basic_string<char, std::char_traits<char>, std::allocator<char> >, std::allocator<std::__cxx11::basic_string<char, std::char_traits<char>, std::allocator<char> > > > const&) + 0x30e (0x7def35eca26e in /usr/local/lib/python3.12/dist-packages/torch/lib/libtorch_cpu.so)
frame #5: c10d::ProcessGroupNCCL::HeartbeatMonitor::runLoop() + 0x3c8 (0x7deef4a49868 in /usr/local/lib/python3.12/dist-packages/torch/lib/libtorch_cuda.so)
frame #6: <unknown function> + 0xecdb4 (0x7def56100db4 in /lib/x86_64-linux-gnu/libstdc++.so.6)
frame #7: <unknown function> + 0x9caa4 (0x7def58b7faa4 in /lib/x86_64-linux-gnu/libc.so.6)
frame #8: __clone + 0x44 (0x7def58c0ca64 in /lib/x86_64-linux-gnu/libc.so.6)

[rank3]:[W421 05:05:03.887169954 ProcessGroupNCCL.cpp:1771] [PG ID 0 PG GUID 0(default_pg) Rank 3] Failed to check the "should dump" flag on TCPStore, (maybe TCPStore server has shut down too early), with error: Broken pipe
[rank6]:[W421 05:05:03.955640150 TCPStore.cpp:106] [c10d] sendBytes failed on SocketImpl(fd=90, addr=[8f9e71dd3259]:34828, remote=[8f9e71dd3259]:42409): Broken pipe
Exception raised from sendBytes at /pytorch/torch/csrc/distributed/c10d/Utils.hpp:653 (most recent call first):
frame #0: c10::Error::Error(c10::SourceLocation, std::__cxx11::basic_string<char, std::char_traits<char>, std::allocator<char> >) + 0x80 (0x77ca19b92b80 in /usr/local/lib/python3.12/dist-packages/torch/lib/libc10.so)
frame #1: <unknown function> + 0x5ffc5b1 (0x77c9fcacd5b1 in /usr/local/lib/python3.12/dist-packages/torch/lib/libtorch_cpu.so)
frame #2: <unknown function> + 0x5ffce42 (0x77c9fcacde42 in /usr/local/lib/python3.12/dist-packages/torch/lib/libtorch_cpu.so)
frame #3: <unknown function> + 0x5ffe94e (0x77c9fcacf94e in /usr/local/lib/python3.12/dist-packages/torch/lib/libtorch_cpu.so)
frame #4: c10d::TCPStore::check(std::vector<std::__cxx11::basic_string<char, std::char_traits<char>, std::allocator<char> >, std::allocator<std::__cxx11::basic_string<char, std::char_traits<char>, std::allocator<char> > > > const&) + 0x30e (0x77c9fcaca26e in /usr/local/lib/python3.12/dist-packages/torch/lib/libtorch_cpu.so)
frame #5: c10d::ProcessGroupNCCL::HeartbeatMonitor::runLoop() + 0x3c8 (0x77c9bb649868 in /usr/local/lib/python3.12/dist-packages/torch/lib/libtorch_cuda.so)
frame #6: <unknown function> + 0xecdb4 (0x77ca1cd97db4 in /lib/x86_64-linux-gnu/libstdc++.so.6)
frame #7: <unknown function> + 0x9caa4 (0x77ca1f816aa4 in /lib/x86_64-linux-gnu/libc.so.6)
frame #8: __clone + 0x44 (0x77ca1f8a3a64 in /lib/x86_64-linux-gnu/libc.so.6)

[rank6]:[W421 05:05:03.968599612 ProcessGroupNCCL.cpp:1771] [PG ID 0 PG GUID 0(default_pg) Rank 6] Failed to check the "should dump" flag on TCPStore, (maybe TCPStore server has shut down too early), with error: Broken pipe
[rank4]:[W421 05:05:03.567895841 TCPStore.cpp:106] [c10d] sendBytes failed on SocketImpl(fd=90, addr=[8f9e71dd3259]:34834, remote=[8f9e71dd3259]:42409): Broken pipe
Exception raised from sendBytes at /pytorch/torch/csrc/distributed/c10d/Utils.hpp:653 (most recent call first):
frame #0: c10::Error::Error(c10::SourceLocation, std::__cxx11::basic_string<char, std::char_traits<char>, std::allocator<char> >) + 0x80 (0x7b1211392b80 in /usr/local/lib/python3.12/dist-packages/torch/lib/libc10.so)
frame #1: <unknown function> + 0x5ffc5b1 (0x7b11f42cd5b1 in /usr/local/lib/python3.12/dist-packages/torch/lib/libtorch_cpu.so)
frame #2: <unknown function> + 0x5ffce42 (0x7b11f42cde42 in /usr/local/lib/python3.12/dist-packages/torch/lib/libtorch_cpu.so)
frame #3: <unknown function> + 0x5ffe94e (0x7b11f42cf94e in /usr/local/lib/python3.12/dist-packages/torch/lib/libtorch_cpu.so)
frame #4: c10d::TCPStore::check(std::vector<std::__cxx11::basic_string<char, std::char_traits<char>, std::allocator<char> >, std::allocator<std::__cxx11::basic_string<char, std::char_traits<char>, std::allocator<char> > > > const&) + 0x30e (0x7b11f42ca26e in /usr/local/lib/python3.12/dist-packages/torch/lib/libtorch_cpu.so)
frame #5: c10d::ProcessGroupNCCL::HeartbeatMonitor::runLoop() + 0x3c8 (0x7b11b2e49868 in /usr/local/lib/python3.12/dist-packages/torch/lib/libtorch_cuda.so)
frame #6: <unknown function> + 0xecdb4 (0x7b121458ddb4 in /lib/x86_64-linux-gnu/libstdc++.so.6)
frame #7: <unknown function> + 0x9caa4 (0x7b121700caa4 in /lib/x86_64-linux-gnu/libc.so.6)
frame #8: __clone + 0x44 (0x7b1217099a64 in /lib/x86_64-linux-gnu/libc.so.6)

[rank4]:[W421 05:05:03.580719353 ProcessGroupNCCL.cpp:1771] [PG ID 0 PG GUID 0(default_pg) Rank 4] Failed to check the "should dump" flag on TCPStore, (maybe TCPStore server has shut down too early), with error: Broken pipe
[rank0]:[W421 05:05:03.667716456 TCPStore.cpp:106] [c10d] sendBytes failed on SocketImpl(fd=90, addr=[8f9e71dd3259]:34854, remote=[8f9e71dd3259]:42409): Broken pipe
Exception raised from sendBytes at /pytorch/torch/csrc/distributed/c10d/Utils.hpp:653 (most recent call first):
frame #0: c10::Error::Error(c10::SourceLocation, std::__cxx11::basic_string<char, std::char_traits<char>, std::allocator<char> >) + 0x80 (0x7c8c8677cb80 in /usr/local/lib/python3.12/dist-packages/torch/lib/libc10.so)
frame #1: <unknown function> + 0x5ffc5b1 (0x7c8c69acd5b1 in /usr/local/lib/python3.12/dist-packages/torch/lib/libtorch_cpu.so)
frame #2: <unknown function> + 0x5ffce42 (0x7c8c69acde42 in /usr/local/lib/python3.12/dist-packages/torch/lib/libtorch_cpu.so)
frame #3: <unknown function> + 0x5ffe94e (0x7c8c69acf94e in /usr/local/lib/python3.12/dist-packages/torch/lib/libtorch_cpu.so)
frame #4: c10d::TCPStore::check(std::vector<std::__cxx11::basic_string<char, std::char_traits<char>, std::allocator<char> >, std::allocator<std::__cxx11::basic_string<char, std::char_traits<char>, std::allocator<char> > > > const&) + 0x30e (0x7c8c69aca26e in /usr/local/lib/python3.12/dist-packages/torch/lib/libtorch_cpu.so)
frame #5: c10d::ProcessGroupNCCL::HeartbeatMonitor::runLoop() + 0x3c8 (0x7c8c28649868 in /usr/local/lib/python3.12/dist-packages/torch/lib/libtorch_cuda.so)
frame #6: <unknown function> + 0xecdb4 (0x7c8c89d10db4 in /lib/x86_64-linux-gnu/libstdc++.so.6)
frame #7: <unknown function> + 0x9caa4 (0x7c8c8c78faa4 in /lib/x86_64-linux-gnu/libc.so.6)
frame #8: __clone + 0x44 (0x7c8c8c81ca64 in /lib/x86_64-linux-gnu/libc.so.6)

[rank0]:[W421 05:05:03.680714983 ProcessGroupNCCL.cpp:1771] [PG ID 0 PG GUID 0(default_pg) Rank 0] Failed to check the "should dump" flag on TCPStore, (maybe TCPStore server has shut down too early), with error: Broken pipe
[rank1]:[W421 05:05:03.677179212 TCPStore.cpp:106] [c10d] sendBytes failed on SocketImpl(fd=90, addr=[8f9e71dd3259]:34844, remote=[8f9e71dd3259]:42409): Broken pipe
Exception raised from sendBytes at /pytorch/torch/csrc/distributed/c10d/Utils.hpp:653 (most recent call first):
frame #0: c10::Error::Error(c10::SourceLocation, std::__cxx11::basic_string<char, std::char_traits<char>, std::allocator<char> >) + 0x80 (0x71a805570b80 in /usr/local/lib/python3.12/dist-packages/torch/lib/libc10.so)
frame #1: <unknown function> + 0x5ffc5b1 (0x71a8478cd5b1 in /usr/local/lib/python3.12/dist-packages/torch/lib/libtorch_cpu.so)
frame #2: <unknown function> + 0x5ffce42 (0x71a8478cde42 in /usr/local/lib/python3.12/dist-packages/torch/lib/libtorch_cpu.so)
frame #3: <unknown function> + 0x5ffe94e (0x71a8478cf94e in /usr/local/lib/python3.12/dist-packages/torch/lib/libtorch_cpu.so)
frame #4: c10d::TCPStore::check(std::vector<std::__cxx11::basic_string<char, std::char_traits<char>, std::allocator<char> >, std::allocator<std::__cxx11::basic_string<char, std::char_traits<char>, std::allocator<char> > > > const&) + 0x30e (0x71a8478ca26e in /usr/local/lib/python3.12/dist-packages/torch/lib/libtorch_cpu.so)
frame #5: c10d::ProcessGroupNCCL::HeartbeatMonitor::runLoop() + 0x3c8 (0x71a806449868 in /usr/local/lib/python3.12/dist-packages/torch/lib/libtorch_cuda.so)
frame #6: <unknown function> + 0xecdb4 (0x71a867a0cdb4 in /lib/x86_64-linux-gnu/libstdc++.so.6)
frame #7: <unknown function> + 0x9caa4 (0x71a86a48baa4 in /lib/x86_64-linux-gnu/libc.so.6)
frame #8: __clone + 0x44 (0x71a86a518a64 in /lib/x86_64-linux-gnu/libc.so.6)

[rank1]:[W421 05:05:03.690182570 ProcessGroupNCCL.cpp:1771] [PG ID 0 PG GUID 0(default_pg) Rank 1] Failed to check the "should dump" flag on TCPStore, (maybe TCPStore server has shut down too early), with error: Broken pipe
[rank2]:[W421 05:05:03.687036921 TCPStore.cpp:106] [c10d] sendBytes failed on SocketImpl(fd=90, addr=[8f9e71dd3259]:34868, remote=[8f9e71dd3259]:42409): Broken pipe
Exception raised from sendBytes at /pytorch/torch/csrc/distributed/c10d/Utils.hpp:653 (most recent call first):
frame #0: c10::Error::Error(c10::SourceLocation, std::__cxx11::basic_string<char, std::char_traits<char>, std::allocator<char> >) + 0x80 (0x7676c2970b80 in /usr/local/lib/python3.12/dist-packages/torch/lib/libc10.so)
frame #1: <unknown function> + 0x5ffc5b1 (0x767704ccd5b1 in /usr/local/lib/python3.12/dist-packages/torch/lib/libtorch_cpu.so)
frame #2: <unknown function> + 0x5ffce42 (0x767704ccde42 in /usr/local/lib/python3.12/dist-packages/torch/lib/libtorch_cpu.so)
frame #3: <unknown function> + 0x5ffe94e (0x767704ccf94e in /usr/local/lib/python3.12/dist-packages/torch/lib/libtorch_cpu.so)
frame #4: c10d::TCPStore::check(std::vector<std::__cxx11::basic_string<char, std::char_traits<char>, std::allocator<char> >, std::allocator<std::__cxx11::basic_string<char, std::char_traits<char>, std::allocator<char> > > > const&) + 0x30e (0x767704cca26e in /usr/local/lib/python3.12/dist-packages/torch/lib/libtorch_cpu.so)
frame #5: c10d::ProcessGroupNCCL::HeartbeatMonitor::runLoop() + 0x3c8 (0x7676c3849868 in /usr/local/lib/python3.12/dist-packages/torch/lib/libtorch_cuda.so)
frame #6: <unknown function> + 0xecdb4 (0x767724e02db4 in /lib/x86_64-linux-gnu/libstdc++.so.6)
frame #7: <unknown function> + 0x9caa4 (0x767727881aa4 in /lib/x86_64-linux-gnu/libc.so.6)
frame #8: __clone + 0x44 (0x76772790ea64 in /lib/x86_64-linux-gnu/libc.so.6)

[rank2]:[W421 05:05:03.700243704 ProcessGroupNCCL.cpp:1771] [PG ID 0 PG GUID 0(default_pg) Rank 2] Failed to check the "should dump" flag on TCPStore, (maybe TCPStore server has shut down too early), with error: Broken pipe
[rank7]:[W421 05:05:03.688949020 TCPStore.cpp:106] [c10d] sendBytes failed on SocketImpl(fd=90, addr=[8f9e71dd3259]:34862, remote=[8f9e71dd3259]:42409): Broken pipe
Exception raised from sendBytes at /pytorch/torch/csrc/distributed/c10d/Utils.hpp:653 (most recent call first):
frame #0: c10::Error::Error(c10::SourceLocation, std::__cxx11::basic_string<char, std::char_traits<char>, std::allocator<char> >) + 0x80 (0x73ea2317cb80 in /usr/local/lib/python3.12/dist-packages/torch/lib/libc10.so)
frame #1: <unknown function> + 0x5ffc5b1 (0x73ea064cd5b1 in /usr/local/lib/python3.12/dist-packages/torch/lib/libtorch_cpu.so)
frame #2: <unknown function> + 0x5ffce42 (0x73ea064cde42 in /usr/local/lib/python3.12/dist-packages/torch/lib/libtorch_cpu.so)
frame #3: <unknown function> + 0x5ffe94e (0x73ea064cf94e in /usr/local/lib/python3.12/dist-packages/torch/lib/libtorch_cpu.so)
frame #4: c10d::TCPStore::check(std::vector<std::__cxx11::basic_string<char, std::char_traits<char>, std::allocator<char> >, std::allocator<std::__cxx11::basic_string<char, std::char_traits<char>, std::allocator<char> > > > const&) + 0x30e (0x73ea064ca26e in /usr/local/lib/python3.12/dist-packages/torch/lib/libtorch_cpu.so)
frame #5: c10d::ProcessGroupNCCL::HeartbeatMonitor::runLoop() + 0x3c8 (0x73e9c5049868 in /usr/local/lib/python3.12/dist-packages/torch/lib/libtorch_cuda.so)
frame #6: <unknown function> + 0xecdb4 (0x73ea2670adb4 in /lib/x86_64-linux-gnu/libstdc++.so.6)
frame #7: <unknown function> + 0x9caa4 (0x73ea29189aa4 in /lib/x86_64-linux-gnu/libc.so.6)
frame #8: __clone + 0x44 (0x73ea29216a64 in /lib/x86_64-linux-gnu/libc.so.6)

[rank7]:[W421 05:05:03.701997601 ProcessGroupNCCL.cpp:1771] [PG ID 0 PG GUID 0(default_pg) Rank 7] Failed to check the "should dump" flag on TCPStore, (maybe TCPStore server has shut down too early), with error: Broken pipe
[rank5]:[W421 05:05:04.791245842 TCPStore.cpp:106] [c10d] sendBytes failed on SocketImpl(fd=90, addr=[8f9e71dd3259]:34814, remote=[8f9e71dd3259]:42409): Broken pipe
Exception raised from sendBytes at /pytorch/torch/csrc/distributed/c10d/Utils.hpp:653 (most recent call first):
frame #0: c10::Error::Error(c10::SourceLocation, std::__cxx11::basic_string<char, std::char_traits<char>, std::allocator<char> >) + 0x80 (0x7c605f57cb80 in /usr/local/lib/python3.12/dist-packages/torch/lib/libc10.so)
frame #1: <unknown function> + 0x5ffc5b1 (0x7c60428cd5b1 in /usr/local/lib/python3.12/dist-packages/torch/lib/libtorch_cpu.so)
frame #2: <unknown function> + 0x5ffce42 (0x7c60428cde42 in /usr/local/lib/python3.12/dist-packages/torch/lib/libtorch_cpu.so)
frame #3: <unknown function> + 0x5ffe94e (0x7c60428cf94e in /usr/local/lib/python3.12/dist-packages/torch/lib/libtorch_cpu.so)
frame #4: c10d::TCPStore::check(std::vector<std::__cxx11::basic_string<char, std::char_traits<char>, std::allocator<char> >, std::allocator<std::__cxx11::basic_string<char, std::char_traits<char>, std::allocator<char> > > > const&) + 0x30e (0x7c60428ca26e in /usr/local/lib/python3.12/dist-packages/torch/lib/libtorch_cpu.so)
frame #5: c10d::ProcessGroupNCCL::HeartbeatMonitor::runLoop() + 0x3c8 (0x7c6001449868 in /usr/local/lib/python3.12/dist-packages/torch/lib/libtorch_cuda.so)
frame #6: <unknown function> + 0xecdb4 (0x7c6062b44db4 in /lib/x86_64-linux-gnu/libstdc++.so.6)
frame #7: <unknown function> + 0x9caa4 (0x7c60655c3aa4 in /lib/x86_64-linux-gnu/libc.so.6)
frame #8: __clone + 0x44 (0x7c6065650a64 in /lib/x86_64-linux-gnu/libc.so.6)

[rank5]:[W421 05:05:04.804052504 ProcessGroupNCCL.cpp:1771] [PG ID 0 PG GUID 0(default_pg) Rank 5] Failed to check the "should dump" flag on TCPStore, (maybe TCPStore server has shut down too early), with error: Broken pipe
[rank3]:[W421 05:05:04.887305820 TCPStore.cpp:106] [c10d] sendBytes failed on SocketImpl(fd=90, addr=[8f9e71dd3259]:34820, remote=[8f9e71dd3259]:42409): Broken pipe
Exception raised from sendBytes at /pytorch/torch/csrc/distributed/c10d/Utils.hpp:653 (most recent call first):
frame #0: c10::Error::Error(c10::SourceLocation, std::__cxx11::basic_string<char, std::char_traits<char>, std::allocator<char> >) + 0x80 (0x7def52b7cb80 in /usr/local/lib/python3.12/dist-packages/torch/lib/libc10.so)
frame #1: <unknown function> + 0x5ffc5b1 (0x7def35ecd5b1 in /usr/local/lib/python3.12/dist-packages/torch/lib/libtorch_cpu.so)
frame #2: <unknown function> + 0x5ffce42 (0x7def35ecde42 in /usr/local/lib/python3.12/dist-packages/torch/lib/libtorch_cpu.so)
frame #3: <unknown function> + 0x5ffe94e (0x7def35ecf94e in /usr/local/lib/python3.12/dist-packages/torch/lib/libtorch_cpu.so)
frame #4: c10d::TCPStore::check(std::vector<std::__cxx11::basic_string<char, std::char_traits<char>, std::allocator<char> >, std::allocator<std::__cxx11::basic_string<char, std::char_traits<char>, std::allocator<char> > > > const&) + 0x30e (0x7def35eca26e in /usr/local/lib/python3.12/dist-packages/torch/lib/libtorch_cpu.so)
frame #5: c10d::ProcessGroupNCCL::HeartbeatMonitor::runLoop() + 0x3c8 (0x7deef4a49868 in /usr/local/lib/python3.12/dist-packages/torch/lib/libtorch_cuda.so)
frame #6: <unknown function> + 0xecdb4 (0x7def56100db4 in /lib/x86_64-linux-gnu/libstdc++.so.6)
frame #7: <unknown function> + 0x9caa4 (0x7def58b7faa4 in /lib/x86_64-linux-gnu/libc.so.6)
frame #8: __clone + 0x44 (0x7def58c0ca64 in /lib/x86_64-linux-gnu/libc.so.6)

[rank3]:[W421 05:05:04.900384595 ProcessGroupNCCL.cpp:1771] [PG ID 0 PG GUID 0(default_pg) Rank 3] Failed to check the "should dump" flag on TCPStore, (maybe TCPStore server has shut down too early), with error: Broken pipe
[rank6]:[W421 05:05:04.968743754 TCPStore.cpp:106] [c10d] sendBytes failed on SocketImpl(fd=90, addr=[8f9e71dd3259]:34828, remote=[8f9e71dd3259]:42409): Broken pipe
Exception raised from sendBytes at /pytorch/torch/csrc/distributed/c10d/Utils.hpp:653 (most recent call first):
frame #0: c10::Error::Error(c10::SourceLocation, std::__cxx11::basic_string<char, std::char_traits<char>, std::allocator<char> >) + 0x80 (0x77ca19b92b80 in /usr/local/lib/python3.12/dist-packages/torch/lib/libc10.so)
frame #1: <unknown function> + 0x5ffc5b1 (0x77c9fcacd5b1 in /usr/local/lib/python3.12/dist-packages/torch/lib/libtorch_cpu.so)
frame #2: <unknown function> + 0x5ffce42 (0x77c9fcacde42 in /usr/local/lib/python3.12/dist-packages/torch/lib/libtorch_cpu.so)
frame #3: <unknown function> + 0x5ffe94e (0x77c9fcacf94e in /usr/local/lib/python3.12/dist-packages/torch/lib/libtorch_cpu.so)
frame #4: c10d::TCPStore::check(std::vector<std::__cxx11::basic_string<char, std::char_traits<char>, std::allocator<char> >, std::allocator<std::__cxx11::basic_string<char, std::char_traits<char>, std::allocator<char> > > > const&) + 0x30e (0x77c9fcaca26e in /usr/local/lib/python3.12/dist-packages/torch/lib/libtorch_cpu.so)
frame #5: c10d::ProcessGroupNCCL::HeartbeatMonitor::runLoop() + 0x3c8 (0x77c9bb649868 in /usr/local/lib/python3.12/dist-packages/torch/lib/libtorch_cuda.so)
frame #6: <unknown function> + 0xecdb4 (0x77ca1cd97db4 in /lib/x86_64-linux-gnu/libstdc++.so.6)
frame #7: <unknown function> + 0x9caa4 (0x77ca1f816aa4 in /lib/x86_64-linux-gnu/libc.so.6)
frame #8: __clone + 0x44 (0x77ca1f8a3a64 in /lib/x86_64-linux-gnu/libc.so.6)

[rank6]:[W421 05:05:04.981750570 ProcessGroupNCCL.cpp:1771] [PG ID 0 PG GUID 0(default_pg) Rank 6] Failed to check the "should dump" flag on TCPStore, (maybe TCPStore server has shut down too early), with error: Broken pipe
[rank4]:[W421 05:05:04.580820050 TCPStore.cpp:106] [c10d] sendBytes failed on SocketImpl(fd=90, addr=[8f9e71dd3259]:34834, remote=[8f9e71dd3259]:42409): Broken pipe
Exception raised from sendBytes at /pytorch/torch/csrc/distributed/c10d/Utils.hpp:653 (most recent call first):
frame #0: c10::Error::Error(c10::SourceLocation, std::__cxx11::basic_string<char, std::char_traits<char>, std::allocator<char> >) + 0x80 (0x7b1211392b80 in /usr/local/lib/python3.12/dist-packages/torch/lib/libc10.so)
frame #1: <unknown function> + 0x5ffc5b1 (0x7b11f42cd5b1 in /usr/local/lib/python3.12/dist-packages/torch/lib/libtorch_cpu.so)
frame #2: <unknown function> + 0x5ffce42 (0x7b11f42cde42 in /usr/local/lib/python3.12/dist-packages/torch/lib/libtorch_cpu.so)
frame #3: <unknown function> + 0x5ffe94e (0x7b11f42cf94e in /usr/local/lib/python3.12/dist-packages/torch/lib/libtorch_cpu.so)
frame #4: c10d::TCPStore::check(std::vector<std::__cxx11::basic_string<char, std::char_traits<char>, std::allocator<char> >, std::allocator<std::__cxx11::basic_string<char, std::char_traits<char>, std::allocator<char> > > > const&) + 0x30e (0x7b11f42ca26e in /usr/local/lib/python3.12/dist-packages/torch/lib/libtorch_cpu.so)
frame #5: c10d::ProcessGroupNCCL::HeartbeatMonitor::runLoop() + 0x3c8 (0x7b11b2e49868 in /usr/local/lib/python3.12/dist-packages/torch/lib/libtorch_cuda.so)
frame #6: <unknown function> + 0xecdb4 (0x7b121458ddb4 in /lib/x86_64-linux-gnu/libstdc++.so.6)
frame #7: <unknown function> + 0x9caa4 (0x7b121700caa4 in /lib/x86_64-linux-gnu/libc.so.6)
frame #8: __clone + 0x44 (0x7b1217099a64 in /lib/x86_64-linux-gnu/libc.so.6)

[rank4]:[W421 05:05:04.593699805 ProcessGroupNCCL.cpp:1771] [PG ID 0 PG GUID 0(default_pg) Rank 4] Failed to check the "should dump" flag on TCPStore, (maybe TCPStore server has shut down too early), with error: Broken pipe
[rank0]:[W421 05:05:04.680836423 TCPStore.cpp:106] [c10d] sendBytes failed on SocketImpl(fd=90, addr=[8f9e71dd3259]:34854, remote=[8f9e71dd3259]:42409): Broken pipe
Exception raised from sendBytes at /pytorch/torch/csrc/distributed/c10d/Utils.hpp:653 (most recent call first):
frame #0: c10::Error::Error(c10::SourceLocation, std::__cxx11::basic_string<char, std::char_traits<char>, std::allocator<char> >) + 0x80 (0x7c8c8677cb80 in /usr/local/lib/python3.12/dist-packages/torch/lib/libc10.so)
frame #1: <unknown function> + 0x5ffc5b1 (0x7c8c69acd5b1 in /usr/local/lib/python3.12/dist-packages/torch/lib/libtorch_cpu.so)
frame #2: <unknown function> + 0x5ffce42 (0x7c8c69acde42 in /usr/local/lib/python3.12/dist-packages/torch/lib/libtorch_cpu.so)
frame #3: <unknown function> + 0x5ffe94e (0x7c8c69acf94e in /usr/local/lib/python3.12/dist-packages/torch/lib/libtorch_cpu.so)
frame #4: c10d::TCPStore::check(std::vector<std::__cxx11::basic_string<char, std::char_traits<char>, std::allocator<char> >, std::allocator<std::__cxx11::basic_string<char, std::char_traits<char>, std::allocator<char> > > > const&) + 0x30e (0x7c8c69aca26e in /usr/local/lib/python3.12/dist-packages/torch/lib/libtorch_cpu.so)
frame #5: c10d::ProcessGroupNCCL::HeartbeatMonitor::runLoop() + 0x3c8 (0x7c8c28649868 in /usr/local/lib/python3.12/dist-packages/torch/lib/libtorch_cuda.so)
frame #6: <unknown function> + 0xecdb4 (0x7c8c89d10db4 in /lib/x86_64-linux-gnu/libstdc++.so.6)
frame #7: <unknown function> + 0x9caa4 (0x7c8c8c78faa4 in /lib/x86_64-linux-gnu/libc.so.6)
frame #8: __clone + 0x44 (0x7c8c8c81ca64 in /lib/x86_64-linux-gnu/libc.so.6)

[rank0]:[W421 05:05:04.693826866 ProcessGroupNCCL.cpp:1771] [PG ID 0 PG GUID 0(default_pg) Rank 0] Failed to check the "should dump" flag on TCPStore, (maybe TCPStore server has shut down too early), with error: Broken pipe
[rank1]:[W421 05:05:04.690285505 TCPStore.cpp:106] [c10d] sendBytes failed on SocketImpl(fd=90, addr=[8f9e71dd3259]:34844, remote=[8f9e71dd3259]:42409): Broken pipe
Exception raised from sendBytes at /pytorch/torch/csrc/distributed/c10d/Utils.hpp:653 (most recent call first):
frame #0: c10::Error::Error(c10::SourceLocation, std::__cxx11::basic_string<char, std::char_traits<char>, std::allocator<char> >) + 0x80 (0x71a805570b80 in /usr/local/lib/python3.12/dist-packages/torch/lib/libc10.so)
frame #1: <unknown function> + 0x5ffc5b1 (0x71a8478cd5b1 in /usr/local/lib/python3.12/dist-packages/torch/lib/libtorch_cpu.so)
frame #2: <unknown function> + 0x5ffce42 (0x71a8478cde42 in /usr/local/lib/python3.12/dist-packages/torch/lib/libtorch_cpu.so)
frame #3: <unknown function> + 0x5ffe94e (0x71a8478cf94e in /usr/local/lib/python3.12/dist-packages/torch/lib/libtorch_cpu.so)
frame #4: c10d::TCPStore::check(std::vector<std::__cxx11::basic_string<char, std::char_traits<char>, std::allocator<char> >, std::allocator<std::__cxx11::basic_string<char, std::char_traits<char>, std::allocator<char> > > > const&) + 0x30e (0x71a8478ca26e in /usr/local/lib/python3.12/dist-packages/torch/lib/libtorch_cpu.so)
frame #5: c10d::ProcessGroupNCCL::HeartbeatMonitor::runLoop() + 0x3c8 (0x71a806449868 in /usr/local/lib/python3.12/dist-packages/torch/lib/libtorch_cuda.so)
frame #6: <unknown function> + 0xecdb4 (0x71a867a0cdb4 in /lib/x86_64-linux-gnu/libstdc++.so.6)
frame #7: <unknown function> + 0x9caa4 (0x71a86a48baa4 in /lib/x86_64-linux-gnu/libc.so.6)
frame #8: __clone + 0x44 (0x71a86a518a64 in /lib/x86_64-linux-gnu/libc.so.6)

[rank1]:[W421 05:05:04.703167171 ProcessGroupNCCL.cpp:1771] [PG ID 0 PG GUID 0(default_pg) Rank 1] Failed to check the "should dump" flag on TCPStore, (maybe TCPStore server has shut down too early), with error: Broken pipe
[rank2]:[W421 05:05:04.700371365 TCPStore.cpp:106] [c10d] sendBytes failed on SocketImpl(fd=90, addr=[8f9e71dd3259]:34868, remote=[8f9e71dd3259]:42409): Broken pipe
Exception raised from sendBytes at /pytorch/torch/csrc/distributed/c10d/Utils.hpp:653 (most recent call first):
frame #0: c10::Error::Error(c10::SourceLocation, std::__cxx11::basic_string<char, std::char_traits<char>, std::allocator<char> >) + 0x80 (0x7676c2970b80 in /usr/local/lib/python3.12/dist-packages/torch/lib/libc10.so)
frame #1: <unknown function> + 0x5ffc5b1 (0x767704ccd5b1 in /usr/local/lib/python3.12/dist-packages/torch/lib/libtorch_cpu.so)
frame #2: <unknown function> + 0x5ffce42 (0x767704ccde42 in /usr/local/lib/python3.12/dist-packages/torch/lib/libtorch_cpu.so)
frame #3: <unknown function> + 0x5ffe94e (0x767704ccf94e in /usr/local/lib/python3.12/dist-packages/torch/lib/libtorch_cpu.so)
frame #4: c10d::TCPStore::check(std::vector<std::__cxx11::basic_string<char, std::char_traits<char>, std::allocator<char> >, std::allocator<std::__cxx11::basic_string<char, std::char_traits<char>, std::allocator<char> > > > const&) + 0x30e (0x767704cca26e in /usr/local/lib/python3.12/dist-packages/torch/lib/libtorch_cpu.so)
frame #5: c10d::ProcessGroupNCCL::HeartbeatMonitor::runLoop() + 0x3c8 (0x7676c3849868 in /usr/local/lib/python3.12/dist-packages/torch/lib/libtorch_cuda.so)
frame #6: <unknown function> + 0xecdb4 (0x767724e02db4 in /lib/x86_64-linux-gnu/libstdc++.so.6)
frame #7: <unknown function> + 0x9caa4 (0x767727881aa4 in /lib/x86_64-linux-gnu/libc.so.6)
frame #8: __clone + 0x44 (0x76772790ea64 in /lib/x86_64-linux-gnu/libc.so.6)

[rank2]:[W421 05:05:04.713472675 ProcessGroupNCCL.cpp:1771] [PG ID 0 PG GUID 0(default_pg) Rank 2] Failed to check the "should dump" flag on TCPStore, (maybe TCPStore server has shut down too early), with error: Broken pipe
[rank7]:[W421 05:05:04.702114148 TCPStore.cpp:106] [c10d] sendBytes failed on SocketImpl(fd=90, addr=[8f9e71dd3259]:34862, remote=[8f9e71dd3259]:42409): Broken pipe
Exception raised from sendBytes at /pytorch/torch/csrc/distributed/c10d/Utils.hpp:653 (most recent call first):
frame #0: c10::Error::Error(c10::SourceLocation, std::__cxx11::basic_string<char, std::char_traits<char>, std::allocator<char> >) + 0x80 (0x73ea2317cb80 in /usr/local/lib/python3.12/dist-packages/torch/lib/libc10.so)
frame #1: <unknown function> + 0x5ffc5b1 (0x73ea064cd5b1 in /usr/local/lib/python3.12/dist-packages/torch/lib/libtorch_cpu.so)
frame #2: <unknown function> + 0x5ffce42 (0x73ea064cde42 in /usr/local/lib/python3.12/dist-packages/torch/lib/libtorch_cpu.so)
frame #3: <unknown function> + 0x5ffe94e (0x73ea064cf94e in /usr/local/lib/python3.12/dist-packages/torch/lib/libtorch_cpu.so)
frame #4: c10d::TCPStore::check(std::vector<std::__cxx11::basic_string<char, std::char_traits<char>, std::allocator<char> >, std::allocator<std::__cxx11::basic_string<char, std::char_traits<char>, std::allocator<char> > > > const&) + 0x30e (0x73ea064ca26e in /usr/local/lib/python3.12/dist-packages/torch/lib/libtorch_cpu.so)
frame #5: c10d::ProcessGroupNCCL::HeartbeatMonitor::runLoop() + 0x3c8 (0x73e9c5049868 in /usr/local/lib/python3.12/dist-packages/torch/lib/libtorch_cuda.so)
frame #6: <unknown function> + 0xecdb4 (0x73ea2670adb4 in /lib/x86_64-linux-gnu/libstdc++.so.6)
frame #7: <unknown function> + 0x9caa4 (0x73ea29189aa4 in /lib/x86_64-linux-gnu/libc.so.6)
frame #8: __clone + 0x44 (0x73ea29216a64 in /lib/x86_64-linux-gnu/libc.so.6)

[rank7]:[W421 05:05:04.714891456 ProcessGroupNCCL.cpp:1771] [PG ID 0 PG GUID 0(default_pg) Rank 7] Failed to check the "should dump" flag on TCPStore, (maybe TCPStore server has shut down too early), with error: Broken pipe
[rank5]:[W421 05:05:05.804142880 TCPStore.cpp:106] [c10d] sendBytes failed on SocketImpl(fd=90, addr=[8f9e71dd3259]:34814, remote=[8f9e71dd3259]:42409): Broken pipe
Exception raised from sendBytes at /pytorch/torch/csrc/distributed/c10d/Utils.hpp:653 (most recent call first):
frame #0: c10::Error::Error(c10::SourceLocation, std::__cxx11::basic_string<char, std::char_traits<char>, std::allocator<char> >) + 0x80 (0x7c605f57cb80 in /usr/local/lib/python3.12/dist-packages/torch/lib/libc10.so)
frame #1: <unknown function> + 0x5ffc5b1 (0x7c60428cd5b1 in /usr/local/lib/python3.12/dist-packages/torch/lib/libtorch_cpu.so)
frame #2: <unknown function> + 0x5ffce42 (0x7c60428cde42 in /usr/local/lib/python3.12/dist-packages/torch/lib/libtorch_cpu.so)
frame #3: <unknown function> + 0x5ffe94e (0x7c60428cf94e in /usr/local/lib/python3.12/dist-packages/torch/lib/libtorch_cpu.so)
frame #4: c10d::TCPStore::check(std::vector<std::__cxx11::basic_string<char, std::char_traits<char>, std::allocator<char> >, std::allocator<std::__cxx11::basic_string<char, std::char_traits<char>, std::allocator<char> > > > const&) + 0x30e (0x7c60428ca26e in /usr/local/lib/python3.12/dist-packages/torch/lib/libtorch_cpu.so)
frame #5: c10d::ProcessGroupNCCL::HeartbeatMonitor::runLoop() + 0x3c8 (0x7c6001449868 in /usr/local/lib/python3.12/dist-packages/torch/lib/libtorch_cuda.so)
frame #6: <unknown function> + 0xecdb4 (0x7c6062b44db4 in /lib/x86_64-linux-gnu/libstdc++.so.6)
frame #7: <unknown function> + 0x9caa4 (0x7c60655c3aa4 in /lib/x86_64-linux-gnu/libc.so.6)
frame #8: __clone + 0x44 (0x7c6065650a64 in /lib/x86_64-linux-gnu/libc.so.6)

[rank5]:[W421 05:05:05.816827225 ProcessGroupNCCL.cpp:1771] [PG ID 0 PG GUID 0(default_pg) Rank 5] Failed to check the "should dump" flag on TCPStore, (maybe TCPStore server has shut down too early), with error: Broken pipe
[rank3]:[W421 05:05:05.900525256 TCPStore.cpp:106] [c10d] sendBytes failed on SocketImpl(fd=90, addr=[8f9e71dd3259]:34820, remote=[8f9e71dd3259]:42409): Broken pipe
Exception raised from sendBytes at /pytorch/torch/csrc/distributed/c10d/Utils.hpp:653 (most recent call first):
frame #0: c10::Error::Error(c10::SourceLocation, std::__cxx11::basic_string<char, std::char_traits<char>, std::allocator<char> >) + 0x80 (0x7def52b7cb80 in /usr/local/lib/python3.12/dist-packages/torch/lib/libc10.so)
frame #1: <unknown function> + 0x5ffc5b1 (0x7def35ecd5b1 in /usr/local/lib/python3.12/dist-packages/torch/lib/libtorch_cpu.so)
frame #2: <unknown function> + 0x5ffce42 (0x7def35ecde42 in /usr/local/lib/python3.12/dist-packages/torch/lib/libtorch_cpu.so)
frame #3: <unknown function> + 0x5ffe94e (0x7def35ecf94e in /usr/local/lib/python3.12/dist-packages/torch/lib/libtorch_cpu.so)
frame #4: c10d::TCPStore::check(std::vector<std::__cxx11::basic_string<char, std::char_traits<char>, std::allocator<char> >, std::allocator<std::__cxx11::basic_string<char, std::char_traits<char>, std::allocator<char> > > > const&) + 0x30e (0x7def35eca26e in /usr/local/lib/python3.12/dist-packages/torch/lib/libtorch_cpu.so)
frame #5: c10d::ProcessGroupNCCL::HeartbeatMonitor::runLoop() + 0x3c8 (0x7deef4a49868 in /usr/local/lib/python3.12/dist-packages/torch/lib/libtorch_cuda.so)
frame #6: <unknown function> + 0xecdb4 (0x7def56100db4 in /lib/x86_64-linux-gnu/libstdc++.so.6)
frame #7: <unknown function> + 0x9caa4 (0x7def58b7faa4 in /lib/x86_64-linux-gnu/libc.so.6)
frame #8: __clone + 0x44 (0x7def58c0ca64 in /lib/x86_64-linux-gnu/libc.so.6)

[rank3]:[W421 05:05:05.913577687 ProcessGroupNCCL.cpp:1771] [PG ID 0 PG GUID 0(default_pg) Rank 3] Failed to check the "should dump" flag on TCPStore, (maybe TCPStore server has shut down too early), with error: Broken pipe
[rank6]:[W421 05:05:05.981897171 TCPStore.cpp:106] [c10d] sendBytes failed on SocketImpl(fd=90, addr=[8f9e71dd3259]:34828, remote=[8f9e71dd3259]:42409): Broken pipe
Exception raised from sendBytes at /pytorch/torch/csrc/distributed/c10d/Utils.hpp:653 (most recent call first):
frame #0: c10::Error::Error(c10::SourceLocation, std::__cxx11::basic_string<char, std::char_traits<char>, std::allocator<char> >) + 0x80 (0x77ca19b92b80 in /usr/local/lib/python3.12/dist-packages/torch/lib/libc10.so)
frame #1: <unknown function> + 0x5ffc5b1 (0x77c9fcacd5b1 in /usr/local/lib/python3.12/dist-packages/torch/lib/libtorch_cpu.so)
frame #2: <unknown function> + 0x5ffce42 (0x77c9fcacde42 in /usr/local/lib/python3.12/dist-packages/torch/lib/libtorch_cpu.so)
frame #3: <unknown function> + 0x5ffe94e (0x77c9fcacf94e in /usr/local/lib/python3.12/dist-packages/torch/lib/libtorch_cpu.so)
frame #4: c10d::TCPStore::check(std::vector<std::__cxx11::basic_string<char, std::char_traits<char>, std::allocator<char> >, std::allocator<std::__cxx11::basic_string<char, std::char_traits<char>, std::allocator<char> > > > const&) + 0x30e (0x77c9fcaca26e in /usr/local/lib/python3.12/dist-packages/torch/lib/libtorch_cpu.so)
frame #5: c10d::ProcessGroupNCCL::HeartbeatMonitor::runLoop() + 0x3c8 (0x77c9bb649868 in /usr/local/lib/python3.12/dist-packages/torch/lib/libtorch_cuda.so)
frame #6: <unknown function> + 0xecdb4 (0x77ca1cd97db4 in /lib/x86_64-linux-gnu/libstdc++.so.6)
frame #7: <unknown function> + 0x9caa4 (0x77ca1f816aa4 in /lib/x86_64-linux-gnu/libc.so.6)
frame #8: __clone + 0x44 (0x77ca1f8a3a64 in /lib/x86_64-linux-gnu/libc.so.6)

[rank6]:[W421 05:05:05.994914843 ProcessGroupNCCL.cpp:1771] [PG ID 0 PG GUID 0(default_pg) Rank 6] Failed to check the "should dump" flag on TCPStore, (maybe TCPStore server has shut down too early), with error: Broken pipe
[rank4]:[W421 05:05:05.593794750 TCPStore.cpp:106] [c10d] sendBytes failed on SocketImpl(fd=90, addr=[8f9e71dd3259]:34834, remote=[8f9e71dd3259]:42409): Broken pipe
Exception raised from sendBytes at /pytorch/torch/csrc/distributed/c10d/Utils.hpp:653 (most recent call first):
frame #0: c10::Error::Error(c10::SourceLocation, std::__cxx11::basic_string<char, std::char_traits<char>, std::allocator<char> >) + 0x80 (0x7b1211392b80 in /usr/local/lib/python3.12/dist-packages/torch/lib/libc10.so)
frame #1: <unknown function> + 0x5ffc5b1 (0x7b11f42cd5b1 in /usr/local/lib/python3.12/dist-packages/torch/lib/libtorch_cpu.so)
frame #2: <unknown function> + 0x5ffce42 (0x7b11f42cde42 in /usr/local/lib/python3.12/dist-packages/torch/lib/libtorch_cpu.so)
frame #3: <unknown function> + 0x5ffe94e (0x7b11f42cf94e in /usr/local/lib/python3.12/dist-packages/torch/lib/libtorch_cpu.so)
frame #4: c10d::TCPStore::check(std::vector<std::__cxx11::basic_string<char, std::char_traits<char>, std::allocator<char> >, std::allocator<std::__cxx11::basic_string<char, std::char_traits<char>, std::allocator<char> > > > const&) + 0x30e (0x7b11f42ca26e in /usr/local/lib/python3.12/dist-packages/torch/lib/libtorch_cpu.so)
frame #5: c10d::ProcessGroupNCCL::HeartbeatMonitor::runLoop() + 0x3c8 (0x7b11b2e49868 in /usr/local/lib/python3.12/dist-packages/torch/lib/libtorch_cuda.so)
frame #6: <unknown function> + 0xecdb4 (0x7b121458ddb4 in /lib/x86_64-linux-gnu/libstdc++.so.6)
frame #7: <unknown function> + 0x9caa4 (0x7b121700caa4 in /lib/x86_64-linux-gnu/libc.so.6)
frame #8: __clone + 0x44 (0x7b1217099a64 in /lib/x86_64-linux-gnu/libc.so.6)

[rank4]:[W421 05:05:05.606610087 ProcessGroupNCCL.cpp:1771] [PG ID 0 PG GUID 0(default_pg) Rank 4] Failed to check the "should dump" flag on TCPStore, (maybe TCPStore server has shut down too early), with error: Broken pipe
[rank0]:[W421 05:05:05.693990647 TCPStore.cpp:106] [c10d] sendBytes failed on SocketImpl(fd=90, addr=[8f9e71dd3259]:34854, remote=[8f9e71dd3259]:42409): Broken pipe
Exception raised from sendBytes at /pytorch/torch/csrc/distributed/c10d/Utils.hpp:653 (most recent call first):
frame #0: c10::Error::Error(c10::SourceLocation, std::__cxx11::basic_string<char, std::char_traits<char>, std::allocator<char> >) + 0x80 (0x7c8c8677cb80 in /usr/local/lib/python3.12/dist-packages/torch/lib/libc10.so)
frame #1: <unknown function> + 0x5ffc5b1 (0x7c8c69acd5b1 in /usr/local/lib/python3.12/dist-packages/torch/lib/libtorch_cpu.so)
frame #2: <unknown function> + 0x5ffce42 (0x7c8c69acde42 in /usr/local/lib/python3.12/dist-packages/torch/lib/libtorch_cpu.so)
frame #3: <unknown function> + 0x5ffe94e (0x7c8c69acf94e in /usr/local/lib/python3.12/dist-packages/torch/lib/libtorch_cpu.so)
frame #4: c10d::TCPStore::check(std::vector<std::__cxx11::basic_string<char, std::char_traits<char>, std::allocator<char> >, std::allocator<std::__cxx11::basic_string<char, std::char_traits<char>, std::allocator<char> > > > const&) + 0x30e (0x7c8c69aca26e in /usr/local/lib/python3.12/dist-packages/torch/lib/libtorch_cpu.so)
frame #5: c10d::ProcessGroupNCCL::HeartbeatMonitor::runLoop() + 0x3c8 (0x7c8c28649868 in /usr/local/lib/python3.12/dist-packages/torch/lib/libtorch_cuda.so)
frame #6: <unknown function> + 0xecdb4 (0x7c8c89d10db4 in /lib/x86_64-linux-gnu/libstdc++.so.6)
frame #7: <unknown function> + 0x9caa4 (0x7c8c8c78faa4 in /lib/x86_64-linux-gnu/libc.so.6)
frame #8: __clone + 0x44 (0x7c8c8c81ca64 in /lib/x86_64-linux-gnu/libc.so.6)

[rank0]:[W421 05:05:05.707019759 ProcessGroupNCCL.cpp:1771] [PG ID 0 PG GUID 0(default_pg) Rank 0] Failed to check the "should dump" flag on TCPStore, (maybe TCPStore server has shut down too early), with error: Broken pipe
[rank1]:[W421 05:05:05.703281948 TCPStore.cpp:106] [c10d] sendBytes failed on SocketImpl(fd=90, addr=[8f9e71dd3259]:34844, remote=[8f9e71dd3259]:42409): Broken pipe
Exception raised from sendBytes at /pytorch/torch/csrc/distributed/c10d/Utils.hpp:653 (most recent call first):
frame #0: c10::Error::Error(c10::SourceLocation, std::__cxx11::basic_string<char, std::char_traits<char>, std::allocator<char> >) + 0x80 (0x71a805570b80 in /usr/local/lib/python3.12/dist-packages/torch/lib/libc10.so)
frame #1: <unknown function> + 0x5ffc5b1 (0x71a8478cd5b1 in /usr/local/lib/python3.12/dist-packages/torch/lib/libtorch_cpu.so)
frame #2: <unknown function> + 0x5ffce42 (0x71a8478cde42 in /usr/local/lib/python3.12/dist-packages/torch/lib/libtorch_cpu.so)
frame #3: <unknown function> + 0x5ffe94e (0x71a8478cf94e in /usr/local/lib/python3.12/dist-packages/torch/lib/libtorch_cpu.so)
frame #4: c10d::TCPStore::check(std::vector<std::__cxx11::basic_string<char, std::char_traits<char>, std::allocator<char> >, std::allocator<std::__cxx11::basic_string<char, std::char_traits<char>, std::allocator<char> > > > const&) + 0x30e (0x71a8478ca26e in /usr/local/lib/python3.12/dist-packages/torch/lib/libtorch_cpu.so)
frame #5: c10d::ProcessGroupNCCL::HeartbeatMonitor::runLoop() + 0x3c8 (0x71a806449868 in /usr/local/lib/python3.12/dist-packages/torch/lib/libtorch_cuda.so)
frame #6: <unknown function> + 0xecdb4 (0x71a867a0cdb4 in /lib/x86_64-linux-gnu/libstdc++.so.6)
frame #7: <unknown function> + 0x9caa4 (0x71a86a48baa4 in /lib/x86_64-linux-gnu/libc.so.6)
frame #8: __clone + 0x44 (0x71a86a518a64 in /lib/x86_64-linux-gnu/libc.so.6)

[rank1]:[W421 05:05:05.716133613 ProcessGroupNCCL.cpp:1771] [PG ID 0 PG GUID 0(default_pg) Rank 1] Failed to check the "should dump" flag on TCPStore, (maybe TCPStore server has shut down too early), with error: Broken pipe
[rank2]:[W421 05:05:05.713585586 TCPStore.cpp:106] [c10d] sendBytes failed on SocketImpl(fd=90, addr=[8f9e71dd3259]:34868, remote=[8f9e71dd3259]:42409): Broken pipe
Exception raised from sendBytes at /pytorch/torch/csrc/distributed/c10d/Utils.hpp:653 (most recent call first):
frame #0: c10::Error::Error(c10::SourceLocation, std::__cxx11::basic_string<char, std::char_traits<char>, std::allocator<char> >) + 0x80 (0x7676c2970b80 in /usr/local/lib/python3.12/dist-packages/torch/lib/libc10.so)
frame #1: <unknown function> + 0x5ffc5b1 (0x767704ccd5b1 in /usr/local/lib/python3.12/dist-packages/torch/lib/libtorch_cpu.so)
frame #2: <unknown function> + 0x5ffce42 (0x767704ccde42 in /usr/local/lib/python3.12/dist-packages/torch/lib/libtorch_cpu.so)
frame #3: <unknown function> + 0x5ffe94e (0x767704ccf94e in /usr/local/lib/python3.12/dist-packages/torch/lib/libtorch_cpu.so)
frame #4: c10d::TCPStore::check(std::vector<std::__cxx11::basic_string<char, std::char_traits<char>, std::allocator<char> >, std::allocator<std::__cxx11::basic_string<char, std::char_traits<char>, std::allocator<char> > > > const&) + 0x30e (0x767704cca26e in /usr/local/lib/python3.12/dist-packages/torch/lib/libtorch_cpu.so)
frame #5: c10d::ProcessGroupNCCL::HeartbeatMonitor::runLoop() + 0x3c8 (0x7676c3849868 in /usr/local/lib/python3.12/dist-packages/torch/lib/libtorch_cuda.so)
frame #6: <unknown function> + 0xecdb4 (0x767724e02db4 in /lib/x86_64-linux-gnu/libstdc++.so.6)
frame #7: <unknown function> + 0x9caa4 (0x767727881aa4 in /lib/x86_64-linux-gnu/libc.so.6)
frame #8: __clone + 0x44 (0x76772790ea64 in /lib/x86_64-linux-gnu/libc.so.6)

[rank2]:[W421 05:05:05.717891457 ProcessGroupNCCL.cpp:1771] [PG ID 0 PG GUID 0(default_pg) Rank 2] Failed to check the "should dump" flag on TCPStore, (maybe TCPStore server has shut down too early), with error: Broken pipe
[rank7]:[W421 05:05:05.714987701 TCPStore.cpp:106] [c10d] sendBytes failed on SocketImpl(fd=90, addr=[8f9e71dd3259]:34862, remote=[8f9e71dd3259]:42409): Broken pipe
Exception raised from sendBytes at /pytorch/torch/csrc/distributed/c10d/Utils.hpp:653 (most recent call first):
frame #0: c10::Error::Error(c10::SourceLocation, std::__cxx11::basic_string<char, std::char_traits<char>, std::allocator<char> >) + 0x80 (0x73ea2317cb80 in /usr/local/lib/python3.12/dist-packages/torch/lib/libc10.so)
frame #1: <unknown function> + 0x5ffc5b1 (0x73ea064cd5b1 in /usr/local/lib/python3.12/dist-packages/torch/lib/libtorch_cpu.so)
frame #2: <unknown function> + 0x5ffce42 (0x73ea064cde42 in /usr/local/lib/python3.12/dist-packages/torch/lib/libtorch_cpu.so)
frame #3: <unknown function> + 0x5ffe94e (0x73ea064cf94e in /usr/local/lib/python3.12/dist-packages/torch/lib/libtorch_cpu.so)
frame #4: c10d::TCPStore::check(std::vector<std::__cxx11::basic_string<char, std::char_traits<char>, std::allocator<char> >, std::allocator<std::__cxx11::basic_string<char, std::char_traits<char>, std::allocator<char> > > > const&) + 0x30e (0x73ea064ca26e in /usr/local/lib/python3.12/dist-packages/torch/lib/libtorch_cpu.so)
frame #5: c10d::ProcessGroupNCCL::HeartbeatMonitor::runLoop() + 0x3c8 (0x73e9c5049868 in /usr/local/lib/python3.12/dist-packages/torch/lib/libtorch_cuda.so)
frame #6: <unknown function> + 0xecdb4 (0x73ea2670adb4 in /lib/x86_64-linux-gnu/libstdc++.so.6)
frame #7: <unknown function> + 0x9caa4 (0x73ea29189aa4 in /lib/x86_64-linux-gnu/libc.so.6)
frame #8: __clone + 0x44 (0x73ea29216a64 in /lib/x86_64-linux-gnu/libc.so.6)

[rank7]:[W421 05:05:05.727871702 ProcessGroupNCCL.cpp:1771] [PG ID 0 PG GUID 0(default_pg) Rank 7] Failed to check the "should dump" flag on TCPStore, (maybe TCPStore server has shut down too early), with error: Broken pipe
[rank5]:[W421 05:05:06.816921486 TCPStore.cpp:106] [c10d] sendBytes failed on SocketImpl(fd=90, addr=[8f9e71dd3259]:34814, remote=[8f9e71dd3259]:42409): Broken pipe
Exception raised from sendBytes at /pytorch/torch/csrc/distributed/c10d/Utils.hpp:653 (most recent call first):
frame #0: c10::Error::Error(c10::SourceLocation, std::__cxx11::basic_string<char, std::char_traits<char>, std::allocator<char> >) + 0x80 (0x7c605f57cb80 in /usr/local/lib/python3.12/dist-packages/torch/lib/libc10.so)
frame #1: <unknown function> + 0x5ffc5b1 (0x7c60428cd5b1 in /usr/local/lib/python3.12/dist-packages/torch/lib/libtorch_cpu.so)
frame #2: <unknown function> + 0x5ffce42 (0x7c60428cde42 in /usr/local/lib/python3.12/dist-packages/torch/lib/libtorch_cpu.so)
frame #3: <unknown function> + 0x5ffe94e (0x7c60428cf94e in /usr/local/lib/python3.12/dist-packages/torch/lib/libtorch_cpu.so)
frame #4: c10d::TCPStore::check(std::vector<std::__cxx11::basic_string<char, std::char_traits<char>, std::allocator<char> >, std::allocator<std::__cxx11::basic_string<char, std::char_traits<char>, std::allocator<char> > > > const&) + 0x30e (0x7c60428ca26e in /usr/local/lib/python3.12/dist-packages/torch/lib/libtorch_cpu.so)
frame #5: c10d::ProcessGroupNCCL::HeartbeatMonitor::runLoop() + 0x3c8 (0x7c6001449868 in /usr/local/lib/python3.12/dist-packages/torch/lib/libtorch_cuda.so)
frame #6: <unknown function> + 0xecdb4 (0x7c6062b44db4 in /lib/x86_64-linux-gnu/libstdc++.so.6)
frame #7: <unknown function> + 0x9caa4 (0x7c60655c3aa4 in /lib/x86_64-linux-gnu/libc.so.6)
frame #8: __clone + 0x44 (0x7c6065650a64 in /lib/x86_64-linux-gnu/libc.so.6)

[rank5]:[W421 05:05:06.829814375 ProcessGroupNCCL.cpp:1771] [PG ID 0 PG GUID 0(default_pg) Rank 5] Failed to check the "should dump" flag on TCPStore, (maybe TCPStore server has shut down too early), with error: Broken pipe
[rank3]:[W421 05:05:06.913709943 TCPStore.cpp:106] [c10d] sendBytes failed on SocketImpl(fd=90, addr=[8f9e71dd3259]:34820, remote=[8f9e71dd3259]:42409): Broken pipe
Exception raised from sendBytes at /pytorch/torch/csrc/distributed/c10d/Utils.hpp:653 (most recent call first):
frame #0: c10::Error::Error(c10::SourceLocation, std::__cxx11::basic_string<char, std::char_traits<char>, std::allocator<char> >) + 0x80 (0x7def52b7cb80 in /usr/local/lib/python3.12/dist-packages/torch/lib/libc10.so)
frame #1: <unknown function> + 0x5ffc5b1 (0x7def35ecd5b1 in /usr/local/lib/python3.12/dist-packages/torch/lib/libtorch_cpu.so)
frame #2: <unknown function> + 0x5ffce42 (0x7def35ecde42 in /usr/local/lib/python3.12/dist-packages/torch/lib/libtorch_cpu.so)
frame #3: <unknown function> + 0x5ffe94e (0x7def35ecf94e in /usr/local/lib/python3.12/dist-packages/torch/lib/libtorch_cpu.so)
frame #4: c10d::TCPStore::check(std::vector<std::__cxx11::basic_string<char, std::char_traits<char>, std::allocator<char> >, std::allocator<std::__cxx11::basic_string<char, std::char_traits<char>, std::allocator<char> > > > const&) + 0x30e (0x7def35eca26e in /usr/local/lib/python3.12/dist-packages/torch/lib/libtorch_cpu.so)
frame #5: c10d::ProcessGroupNCCL::HeartbeatMonitor::runLoop() + 0x3c8 (0x7deef4a49868 in /usr/local/lib/python3.12/dist-packages/torch/lib/libtorch_cuda.so)
frame #6: <unknown function> + 0xecdb4 (0x7def56100db4 in /lib/x86_64-linux-gnu/libstdc++.so.6)
frame #7: <unknown function> + 0x9caa4 (0x7def58b7faa4 in /lib/x86_64-linux-gnu/libc.so.6)
frame #8: __clone + 0x44 (0x7def58c0ca64 in /lib/x86_64-linux-gnu/libc.so.6)

[rank3]:[W421 05:05:06.926703244 ProcessGroupNCCL.cpp:1771] [PG ID 0 PG GUID 0(default_pg) Rank 3] Failed to check the "should dump" flag on TCPStore, (maybe TCPStore server has shut down too early), with error: Broken pipe
[rank6]:[W421 05:05:06.995064528 TCPStore.cpp:106] [c10d] sendBytes failed on SocketImpl(fd=90, addr=[8f9e71dd3259]:34828, remote=[8f9e71dd3259]:42409): Broken pipe
Exception raised from sendBytes at /pytorch/torch/csrc/distributed/c10d/Utils.hpp:653 (most recent call first):
frame #0: c10::Error::Error(c10::SourceLocation, std::__cxx11::basic_string<char, std::char_traits<char>, std::allocator<char> >) + 0x80 (0x77ca19b92b80 in /usr/local/lib/python3.12/dist-packages/torch/lib/libc10.so)
frame #1: <unknown function> + 0x5ffc5b1 (0x77c9fcacd5b1 in /usr/local/lib/python3.12/dist-packages/torch/lib/libtorch_cpu.so)
frame #2: <unknown function> + 0x5ffce42 (0x77c9fcacde42 in /usr/local/lib/python3.12/dist-packages/torch/lib/libtorch_cpu.so)
frame #3: <unknown function> + 0x5ffe94e (0x77c9fcacf94e in /usr/local/lib/python3.12/dist-packages/torch/lib/libtorch_cpu.so)
frame #4: c10d::TCPStore::check(std::vector<std::__cxx11::basic_string<char, std::char_traits<char>, std::allocator<char> >, std::allocator<std::__cxx11::basic_string<char, std::char_traits<char>, std::allocator<char> > > > const&) + 0x30e (0x77c9fcaca26e in /usr/local/lib/python3.12/dist-packages/torch/lib/libtorch_cpu.so)
frame #5: c10d::ProcessGroupNCCL::HeartbeatMonitor::runLoop() + 0x3c8 (0x77c9bb649868 in /usr/local/lib/python3.12/dist-packages/torch/lib/libtorch_cuda.so)
frame #6: <unknown function> + 0xecdb4 (0x77ca1cd97db4 in /lib/x86_64-linux-gnu/libstdc++.so.6)
frame #7: <unknown function> + 0x9caa4 (0x77ca1f816aa4 in /lib/x86_64-linux-gnu/libc.so.6)
frame #8: __clone + 0x44 (0x77ca1f8a3a64 in /lib/x86_64-linux-gnu/libc.so.6)

[rank6]:[W421 05:05:06.008040742 ProcessGroupNCCL.cpp:1771] [PG ID 0 PG GUID 0(default_pg) Rank 6] Failed to check the "should dump" flag on TCPStore, (maybe TCPStore server has shut down too early), with error: Broken pipe
[rank4]:[W421 05:05:06.606695795 TCPStore.cpp:106] [c10d] sendBytes failed on SocketImpl(fd=90, addr=[8f9e71dd3259]:34834, remote=[8f9e71dd3259]:42409): Broken pipe
Exception raised from sendBytes at /pytorch/torch/csrc/distributed/c10d/Utils.hpp:653 (most recent call first):
frame #0: c10::Error::Error(c10::SourceLocation, std::__cxx11::basic_string<char, std::char_traits<char>, std::allocator<char> >) + 0x80 (0x7b1211392b80 in /usr/local/lib/python3.12/dist-packages/torch/lib/libc10.so)
frame #1: <unknown function> + 0x5ffc5b1 (0x7b11f42cd5b1 in /usr/local/lib/python3.12/dist-packages/torch/lib/libtorch_cpu.so)
frame #2: <unknown function> + 0x5ffce42 (0x7b11f42cde42 in /usr/local/lib/python3.12/dist-packages/torch/lib/libtorch_cpu.so)
frame #3: <unknown function> + 0x5ffe94e (0x7b11f42cf94e in /usr/local/lib/python3.12/dist-packages/torch/lib/libtorch_cpu.so)
frame #4: c10d::TCPStore::check(std::vector<std::__cxx11::basic_string<char, std::char_traits<char>, std::allocator<char> >, std::allocator<std::__cxx11::basic_string<char, std::char_traits<char>, std::allocator<char> > > > const&) + 0x30e (0x7b11f42ca26e in /usr/local/lib/python3.12/dist-packages/torch/lib/libtorch_cpu.so)
frame #5: c10d::ProcessGroupNCCL::HeartbeatMonitor::runLoop() + 0x3c8 (0x7b11b2e49868 in /usr/local/lib/python3.12/dist-packages/torch/lib/libtorch_cuda.so)
frame #6: <unknown function> + 0xecdb4 (0x7b121458ddb4 in /lib/x86_64-linux-gnu/libstdc++.so.6)
frame #7: <unknown function> + 0x9caa4 (0x7b121700caa4 in /lib/x86_64-linux-gnu/libc.so.6)
frame #8: __clone + 0x44 (0x7b1217099a64 in /lib/x86_64-linux-gnu/libc.so.6)

[rank4]:[W421 05:05:06.619426242 ProcessGroupNCCL.cpp:1771] [PG ID 0 PG GUID 0(default_pg) Rank 4] Failed to check the "should dump" flag on TCPStore, (maybe TCPStore server has shut down too early), with error: Broken pipe
[rank0]:[W421 05:05:06.707144079 TCPStore.cpp:106] [c10d] sendBytes failed on SocketImpl(fd=90, addr=[8f9e71dd3259]:34854, remote=[8f9e71dd3259]:42409): Broken pipe
Exception raised from sendBytes at /pytorch/torch/csrc/distributed/c10d/Utils.hpp:653 (most recent call first):
frame #0: c10::Error::Error(c10::SourceLocation, std::__cxx11::basic_string<char, std::char_traits<char>, std::allocator<char> >) + 0x80 (0x7c8c8677cb80 in /usr/local/lib/python3.12/dist-packages/torch/lib/libc10.so)
frame #1: <unknown function> + 0x5ffc5b1 (0x7c8c69acd5b1 in /usr/local/lib/python3.12/dist-packages/torch/lib/libtorch_cpu.so)
frame #2: <unknown function> + 0x5ffce42 (0x7c8c69acde42 in /usr/local/lib/python3.12/dist-packages/torch/lib/libtorch_cpu.so)
frame #3: <unknown function> + 0x5ffe94e (0x7c8c69acf94e in /usr/local/lib/python3.12/dist-packages/torch/lib/libtorch_cpu.so)
frame #4: c10d::TCPStore::check(std::vector<std::__cxx11::basic_string<char, std::char_traits<char>, std::allocator<char> >, std::allocator<std::__cxx11::basic_string<char, std::char_traits<char>, std::allocator<char> > > > const&) + 0x30e (0x7c8c69aca26e in /usr/local/lib/python3.12/dist-packages/torch/lib/libtorch_cpu.so)
frame #5: c10d::ProcessGroupNCCL::HeartbeatMonitor::runLoop() + 0x3c8 (0x7c8c28649868 in /usr/local/lib/python3.12/dist-packages/torch/lib/libtorch_cuda.so)
frame #6: <unknown function> + 0xecdb4 (0x7c8c89d10db4 in /lib/x86_64-linux-gnu/libstdc++.so.6)
frame #7: <unknown function> + 0x9caa4 (0x7c8c8c78faa4 in /lib/x86_64-linux-gnu/libc.so.6)
frame #8: __clone + 0x44 (0x7c8c8c81ca64 in /lib/x86_64-linux-gnu/libc.so.6)

[rank0]:[W421 05:05:06.720013735 ProcessGroupNCCL.cpp:1771] [PG ID 0 PG GUID 0(default_pg) Rank 0] Failed to check the "should dump" flag on TCPStore, (maybe TCPStore server has shut down too early), with error: Broken pipe
[rank1]:[W421 05:05:06.716229565 TCPStore.cpp:106] [c10d] sendBytes failed on SocketImpl(fd=90, addr=[8f9e71dd3259]:34844, remote=[8f9e71dd3259]:42409): Broken pipe
Exception raised from sendBytes at /pytorch/torch/csrc/distributed/c10d/Utils.hpp:653 (most recent call first):
frame #0: c10::Error::Error(c10::SourceLocation, std::__cxx11::basic_string<char, std::char_traits<char>, std::allocator<char> >) + 0x80 (0x71a805570b80 in /usr/local/lib/python3.12/dist-packages/torch/lib/libc10.so)
frame #1: <unknown function> + 0x5ffc5b1 (0x71a8478cd5b1 in /usr/local/lib/python3.12/dist-packages/torch/lib/libtorch_cpu.so)
frame #2: <unknown function> + 0x5ffce42 (0x71a8478cde42 in /usr/local/lib/python3.12/dist-packages/torch/lib/libtorch_cpu.so)
frame #3: <unknown function> + 0x5ffe94e (0x71a8478cf94e in /usr/local/lib/python3.12/dist-packages/torch/lib/libtorch_cpu.so)
frame #4: c10d::TCPStore::check(std::vector<std::__cxx11::basic_string<char, std::char_traits<char>, std::allocator<char> >, std::allocator<std::__cxx11::basic_string<char, std::char_traits<char>, std::allocator<char> > > > const&) + 0x30e (0x71a8478ca26e in /usr/local/lib/python3.12/dist-packages/torch/lib/libtorch_cpu.so)
frame #5: c10d::ProcessGroupNCCL::HeartbeatMonitor::runLoop() + 0x3c8 (0x71a806449868 in /usr/local/lib/python3.12/dist-packages/torch/lib/libtorch_cuda.so)
frame #6: <unknown function> + 0xecdb4 (0x71a867a0cdb4 in /lib/x86_64-linux-gnu/libstdc++.so.6)
frame #7: <unknown function> + 0x9caa4 (0x71a86a48baa4 in /lib/x86_64-linux-gnu/libc.so.6)
frame #8: __clone + 0x44 (0x71a86a518a64 in /lib/x86_64-linux-gnu/libc.so.6)

[rank1]:[W421 05:05:06.729024181 ProcessGroupNCCL.cpp:1771] [PG ID 0 PG GUID 0(default_pg) Rank 1] Failed to check the "should dump" flag on TCPStore, (maybe TCPStore server has shut down too early), with error: Broken pipe
[rank2]:[W421 05:05:06.717995657 TCPStore.cpp:106] [c10d] sendBytes failed on SocketImpl(fd=90, addr=[8f9e71dd3259]:34868, remote=[8f9e71dd3259]:42409): Broken pipe
Exception raised from sendBytes at /pytorch/torch/csrc/distributed/c10d/Utils.hpp:653 (most recent call first):
frame #0: c10::Error::Error(c10::SourceLocation, std::__cxx11::basic_string<char, std::char_traits<char>, std::allocator<char> >) + 0x80 (0x7676c2970b80 in /usr/local/lib/python3.12/dist-packages/torch/lib/libc10.so)
frame #1: <unknown function> + 0x5ffc5b1 (0x767704ccd5b1 in /usr/local/lib/python3.12/dist-packages/torch/lib/libtorch_cpu.so)
frame #2: <unknown function> + 0x5ffce42 (0x767704ccde42 in /usr/local/lib/python3.12/dist-packages/torch/lib/libtorch_cpu.so)
frame #3: <unknown function> + 0x5ffe94e (0x767704ccf94e in /usr/local/lib/python3.12/dist-packages/torch/lib/libtorch_cpu.so)
frame #4: c10d::TCPStore::check(std::vector<std::__cxx11::basic_string<char, std::char_traits<char>, std::allocator<char> >, std::allocator<std::__cxx11::basic_string<char, std::char_traits<char>, std::allocator<char> > > > const&) + 0x30e (0x767704cca26e in /usr/local/lib/python3.12/dist-packages/torch/lib/libtorch_cpu.so)
frame #5: c10d::ProcessGroupNCCL::HeartbeatMonitor::runLoop() + 0x3c8 (0x7676c3849868 in /usr/local/lib/python3.12/dist-packages/torch/lib/libtorch_cuda.so)
frame #6: <unknown function> + 0xecdb4 (0x767724e02db4 in /lib/x86_64-linux-gnu/libstdc++.so.6)
frame #7: <unknown function> + 0x9caa4 (0x767727881aa4 in /lib/x86_64-linux-gnu/libc.so.6)
frame #8: __clone + 0x44 (0x76772790ea64 in /lib/x86_64-linux-gnu/libc.so.6)

[rank2]:[W421 05:05:06.730993729 ProcessGroupNCCL.cpp:1771] [PG ID 0 PG GUID 0(default_pg) Rank 2] Failed to check the "should dump" flag on TCPStore, (maybe TCPStore server has shut down too early), with error: Broken pipe
[rank7]:[W421 05:05:06.727963419 TCPStore.cpp:106] [c10d] sendBytes failed on SocketImpl(fd=90, addr=[8f9e71dd3259]:34862, remote=[8f9e71dd3259]:42409): Broken pipe
Exception raised from sendBytes at /pytorch/torch/csrc/distributed/c10d/Utils.hpp:653 (most recent call first):
frame #0: c10::Error::Error(c10::SourceLocation, std::__cxx11::basic_string<char, std::char_traits<char>, std::allocator<char> >) + 0x80 (0x73ea2317cb80 in /usr/local/lib/python3.12/dist-packages/torch/lib/libc10.so)
frame #1: <unknown function> + 0x5ffc5b1 (0x73ea064cd5b1 in /usr/local/lib/python3.12/dist-packages/torch/lib/libtorch_cpu.so)
frame #2: <unknown function> + 0x5ffce42 (0x73ea064cde42 in /usr/local/lib/python3.12/dist-packages/torch/lib/libtorch_cpu.so)
frame #3: <unknown function> + 0x5ffe94e (0x73ea064cf94e in /usr/local/lib/python3.12/dist-packages/torch/lib/libtorch_cpu.so)
frame #4: c10d::TCPStore::check(std::vector<std::__cxx11::basic_string<char, std::char_traits<char>, std::allocator<char> >, std::allocator<std::__cxx11::basic_string<char, std::char_traits<char>, std::allocator<char> > > > const&) + 0x30e (0x73ea064ca26e in /usr/local/lib/python3.12/dist-packages/torch/lib/libtorch_cpu.so)
frame #5: c10d::ProcessGroupNCCL::HeartbeatMonitor::runLoop() + 0x3c8 (0x73e9c5049868 in /usr/local/lib/python3.12/dist-packages/torch/lib/libtorch_cuda.so)
frame #6: <unknown function> + 0xecdb4 (0x73ea2670adb4 in /lib/x86_64-linux-gnu/libstdc++.so.6)
frame #7: <unknown function> + 0x9caa4 (0x73ea29189aa4 in /lib/x86_64-linux-gnu/libc.so.6)
frame #8: __clone + 0x44 (0x73ea29216a64 in /lib/x86_64-linux-gnu/libc.so.6)

[rank7]:[W421 05:05:06.740887148 ProcessGroupNCCL.cpp:1771] [PG ID 0 PG GUID 0(default_pg) Rank 7] Failed to check the "should dump" flag on TCPStore, (maybe TCPStore server has shut down too early), with error: Broken pipe
[rank5]:[W421 05:05:07.829901872 TCPStore.cpp:106] [c10d] sendBytes failed on SocketImpl(fd=90, addr=[8f9e71dd3259]:34814, remote=[8f9e71dd3259]:42409): Broken pipe
Exception raised from sendBytes at /pytorch/torch/csrc/distributed/c10d/Utils.hpp:653 (most recent call first):
frame #0: c10::Error::Error(c10::SourceLocation, std::__cxx11::basic_string<char, std::char_traits<char>, std::allocator<char> >) + 0x80 (0x7c605f57cb80 in /usr/local/lib/python3.12/dist-packages/torch/lib/libc10.so)
frame #1: <unknown function> + 0x5ffc5b1 (0x7c60428cd5b1 in /usr/local/lib/python3.12/dist-packages/torch/lib/libtorch_cpu.so)
frame #2: <unknown function> + 0x5ffce42 (0x7c60428cde42 in /usr/local/lib/python3.12/dist-packages/torch/lib/libtorch_cpu.so)
frame #3: <unknown function> + 0x5ffe94e (0x7c60428cf94e in /usr/local/lib/python3.12/dist-packages/torch/lib/libtorch_cpu.so)
frame #4: c10d::TCPStore::check(std::vector<std::__cxx11::basic_string<char, std::char_traits<char>, std::allocator<char> >, std::allocator<std::__cxx11::basic_string<char, std::char_traits<char>, std::allocator<char> > > > const&) + 0x30e (0x7c60428ca26e in /usr/local/lib/python3.12/dist-packages/torch/lib/libtorch_cpu.so)
frame #5: c10d::ProcessGroupNCCL::HeartbeatMonitor::runLoop() + 0x3c8 (0x7c6001449868 in /usr/local/lib/python3.12/dist-packages/torch/lib/libtorch_cuda.so)
frame #6: <unknown function> + 0xecdb4 (0x7c6062b44db4 in /lib/x86_64-linux-gnu/libstdc++.so.6)
frame #7: <unknown function> + 0x9caa4 (0x7c60655c3aa4 in /lib/x86_64-linux-gnu/libc.so.6)
frame #8: __clone + 0x44 (0x7c6065650a64 in /lib/x86_64-linux-gnu/libc.so.6)

[rank5]:[W421 05:05:07.842809713 ProcessGroupNCCL.cpp:1771] [PG ID 0 PG GUID 0(default_pg) Rank 5] Failed to check the "should dump" flag on TCPStore, (maybe TCPStore server has shut down too early), with error: Broken pipe
[rank3]:[W421 05:05:07.926820207 TCPStore.cpp:106] [c10d] sendBytes failed on SocketImpl(fd=90, addr=[8f9e71dd3259]:34820, remote=[8f9e71dd3259]:42409): Broken pipe
Exception raised from sendBytes at /pytorch/torch/csrc/distributed/c10d/Utils.hpp:653 (most recent call first):
frame #0: c10::Error::Error(c10::SourceLocation, std::__cxx11::basic_string<char, std::char_traits<char>, std::allocator<char> >) + 0x80 (0x7def52b7cb80 in /usr/local/lib/python3.12/dist-packages/torch/lib/libc10.so)
frame #1: <unknown function> + 0x5ffc5b1 (0x7def35ecd5b1 in /usr/local/lib/python3.12/dist-packages/torch/lib/libtorch_cpu.so)
frame #2: <unknown function> + 0x5ffce42 (0x7def35ecde42 in /usr/local/lib/python3.12/dist-packages/torch/lib/libtorch_cpu.so)
frame #3: <unknown function> + 0x5ffe94e (0x7def35ecf94e in /usr/local/lib/python3.12/dist-packages/torch/lib/libtorch_cpu.so)
frame #4: c10d::TCPStore::check(std::vector<std::__cxx11::basic_string<char, std::char_traits<char>, std::allocator<char> >, std::allocator<std::__cxx11::basic_string<char, std::char_traits<char>, std::allocator<char> > > > const&) + 0x30e (0x7def35eca26e in /usr/local/lib/python3.12/dist-packages/torch/lib/libtorch_cpu.so)
frame #5: c10d::ProcessGroupNCCL::HeartbeatMonitor::runLoop() + 0x3c8 (0x7deef4a49868 in /usr/local/lib/python3.12/dist-packages/torch/lib/libtorch_cuda.so)
frame #6: <unknown function> + 0xecdb4 (0x7def56100db4 in /lib/x86_64-linux-gnu/libstdc++.so.6)
frame #7: <unknown function> + 0x9caa4 (0x7def58b7faa4 in /lib/x86_64-linux-gnu/libc.so.6)
frame #8: __clone + 0x44 (0x7def58c0ca64 in /lib/x86_64-linux-gnu/libc.so.6)

[rank3]:[W421 05:05:07.939841260 ProcessGroupNCCL.cpp:1771] [PG ID 0 PG GUID 0(default_pg) Rank 3] Failed to check the "should dump" flag on TCPStore, (maybe TCPStore server has shut down too early), with error: Broken pipe
[rank6]:[W421 05:05:07.008175398 TCPStore.cpp:106] [c10d] sendBytes failed on SocketImpl(fd=90, addr=[8f9e71dd3259]:34828, remote=[8f9e71dd3259]:42409): Broken pipe
Exception raised from sendBytes at /pytorch/torch/csrc/distributed/c10d/Utils.hpp:653 (most recent call first):
frame #0: c10::Error::Error(c10::SourceLocation, std::__cxx11::basic_string<char, std::char_traits<char>, std::allocator<char> >) + 0x80 (0x77ca19b92b80 in /usr/local/lib/python3.12/dist-packages/torch/lib/libc10.so)
frame #1: <unknown function> + 0x5ffc5b1 (0x77c9fcacd5b1 in /usr/local/lib/python3.12/dist-packages/torch/lib/libtorch_cpu.so)
frame #2: <unknown function> + 0x5ffce42 (0x77c9fcacde42 in /usr/local/lib/python3.12/dist-packages/torch/lib/libtorch_cpu.so)
frame #3: <unknown function> + 0x5ffe94e (0x77c9fcacf94e in /usr/local/lib/python3.12/dist-packages/torch/lib/libtorch_cpu.so)
frame #4: c10d::TCPStore::check(std::vector<std::__cxx11::basic_string<char, std::char_traits<char>, std::allocator<char> >, std::allocator<std::__cxx11::basic_string<char, std::char_traits<char>, std::allocator<char> > > > const&) + 0x30e (0x77c9fcaca26e in /usr/local/lib/python3.12/dist-packages/torch/lib/libtorch_cpu.so)
frame #5: c10d::ProcessGroupNCCL::HeartbeatMonitor::runLoop() + 0x3c8 (0x77c9bb649868 in /usr/local/lib/python3.12/dist-packages/torch/lib/libtorch_cuda.so)
frame #6: <unknown function> + 0xecdb4 (0x77ca1cd97db4 in /lib/x86_64-linux-gnu/libstdc++.so.6)
frame #7: <unknown function> + 0x9caa4 (0x77ca1f816aa4 in /lib/x86_64-linux-gnu/libc.so.6)
frame #8: __clone + 0x44 (0x77ca1f8a3a64 in /lib/x86_64-linux-gnu/libc.so.6)

[rank6]:[W421 05:05:07.021197789 ProcessGroupNCCL.cpp:1771] [PG ID 0 PG GUID 0(default_pg) Rank 6] Failed to check the "should dump" flag on TCPStore, (maybe TCPStore server has shut down too early), with error: Broken pipe
[rank4]:[W421 05:05:07.619517464 TCPStore.cpp:106] [c10d] sendBytes failed on SocketImpl(fd=90, addr=[8f9e71dd3259]:34834, remote=[8f9e71dd3259]:42409): Broken pipe
Exception raised from sendBytes at /pytorch/torch/csrc/distributed/c10d/Utils.hpp:653 (most recent call first):
frame #0: c10::Error::Error(c10::SourceLocation, std::__cxx11::basic_string<char, std::char_traits<char>, std::allocator<char> >) + 0x80 (0x7b1211392b80 in /usr/local/lib/python3.12/dist-packages/torch/lib/libc10.so)
frame #1: <unknown function> + 0x5ffc5b1 (0x7b11f42cd5b1 in /usr/local/lib/python3.12/dist-packages/torch/lib/libtorch_cpu.so)
frame #2: <unknown function> + 0x5ffce42 (0x7b11f42cde42 in /usr/local/lib/python3.12/dist-packages/torch/lib/libtorch_cpu.so)
frame #3: <unknown function> + 0x5ffe94e (0x7b11f42cf94e in /usr/local/lib/python3.12/dist-packages/torch/lib/libtorch_cpu.so)
frame #4: c10d::TCPStore::check(std::vector<std::__cxx11::basic_string<char, std::char_traits<char>, std::allocator<char> >, std::allocator<std::__cxx11::basic_string<char, std::char_traits<char>, std::allocator<char> > > > const&) + 0x30e (0x7b11f42ca26e in /usr/local/lib/python3.12/dist-packages/torch/lib/libtorch_cpu.so)
frame #5: c10d::ProcessGroupNCCL::HeartbeatMonitor::runLoop() + 0x3c8 (0x7b11b2e49868 in /usr/local/lib/python3.12/dist-packages/torch/lib/libtorch_cuda.so)
frame #6: <unknown function> + 0xecdb4 (0x7b121458ddb4 in /lib/x86_64-linux-gnu/libstdc++.so.6)
frame #7: <unknown function> + 0x9caa4 (0x7b121700caa4 in /lib/x86_64-linux-gnu/libc.so.6)
frame #8: __clone + 0x44 (0x7b1217099a64 in /lib/x86_64-linux-gnu/libc.so.6)

[rank4]:[W421 05:05:07.632364069 ProcessGroupNCCL.cpp:1771] [PG ID 0 PG GUID 0(default_pg) Rank 4] Failed to check the "should dump" flag on TCPStore, (maybe TCPStore server has shut down too early), with error: Broken pipe
[rank0]:[W421 05:05:07.720124368 TCPStore.cpp:106] [c10d] sendBytes failed on SocketImpl(fd=90, addr=[8f9e71dd3259]:34854, remote=[8f9e71dd3259]:42409): Broken pipe
Exception raised from sendBytes at /pytorch/torch/csrc/distributed/c10d/Utils.hpp:653 (most recent call first):
frame #0: c10::Error::Error(c10::SourceLocation, std::__cxx11::basic_string<char, std::char_traits<char>, std::allocator<char> >) + 0x80 (0x7c8c8677cb80 in /usr/local/lib/python3.12/dist-packages/torch/lib/libc10.so)
frame #1: <unknown function> + 0x5ffc5b1 (0x7c8c69acd5b1 in /usr/local/lib/python3.12/dist-packages/torch/lib/libtorch_cpu.so)
frame #2: <unknown function> + 0x5ffce42 (0x7c8c69acde42 in /usr/local/lib/python3.12/dist-packages/torch/lib/libtorch_cpu.so)
frame #3: <unknown function> + 0x5ffe94e (0x7c8c69acf94e in /usr/local/lib/python3.12/dist-packages/torch/lib/libtorch_cpu.so)
frame #4: c10d::TCPStore::check(std::vector<std::__cxx11::basic_string<char, std::char_traits<char>, std::allocator<char> >, std::allocator<std::__cxx11::basic_string<char, std::char_traits<char>, std::allocator<char> > > > const&) + 0x30e (0x7c8c69aca26e in /usr/local/lib/python3.12/dist-packages/torch/lib/libtorch_cpu.so)
frame #5: c10d::ProcessGroupNCCL::HeartbeatMonitor::runLoop() + 0x3c8 (0x7c8c28649868 in /usr/local/lib/python3.12/dist-packages/torch/lib/libtorch_cuda.so)
frame #6: <unknown function> + 0xecdb4 (0x7c8c89d10db4 in /lib/x86_64-linux-gnu/libstdc++.so.6)
frame #7: <unknown function> + 0x9caa4 (0x7c8c8c78faa4 in /lib/x86_64-linux-gnu/libc.so.6)
frame #8: __clone + 0x44 (0x7c8c8c81ca64 in /lib/x86_64-linux-gnu/libc.so.6)

[rank0]:[W421 05:05:07.733068854 ProcessGroupNCCL.cpp:1771] [PG ID 0 PG GUID 0(default_pg) Rank 0] Failed to check the "should dump" flag on TCPStore, (maybe TCPStore server has shut down too early), with error: Broken pipe
[rank1]:[W421 05:05:07.729114608 TCPStore.cpp:106] [c10d] sendBytes failed on SocketImpl(fd=90, addr=[8f9e71dd3259]:34844, remote=[8f9e71dd3259]:42409): Broken pipe
Exception raised from sendBytes at /pytorch/torch/csrc/distributed/c10d/Utils.hpp:653 (most recent call first):
frame #0: c10::Error::Error(c10::SourceLocation, std::__cxx11::basic_string<char, std::char_traits<char>, std::allocator<char> >) + 0x80 (0x71a805570b80 in /usr/local/lib/python3.12/dist-packages/torch/lib/libc10.so)
frame #1: <unknown function> + 0x5ffc5b1 (0x71a8478cd5b1 in /usr/local/lib/python3.12/dist-packages/torch/lib/libtorch_cpu.so)
frame #2: <unknown function> + 0x5ffce42 (0x71a8478cde42 in /usr/local/lib/python3.12/dist-packages/torch/lib/libtorch_cpu.so)
frame #3: <unknown function> + 0x5ffe94e (0x71a8478cf94e in /usr/local/lib/python3.12/dist-packages/torch/lib/libtorch_cpu.so)
frame #4: c10d::TCPStore::check(std::vector<std::__cxx11::basic_string<char, std::char_traits<char>, std::allocator<char> >, std::allocator<std::__cxx11::basic_string<char, std::char_traits<char>, std::allocator<char> > > > const&) + 0x30e (0x71a8478ca26e in /usr/local/lib/python3.12/dist-packages/torch/lib/libtorch_cpu.so)
frame #5: c10d::ProcessGroupNCCL::HeartbeatMonitor::runLoop() + 0x3c8 (0x71a806449868 in /usr/local/lib/python3.12/dist-packages/torch/lib/libtorch_cuda.so)
frame #6: <unknown function> + 0xecdb4 (0x71a867a0cdb4 in /lib/x86_64-linux-gnu/libstdc++.so.6)
frame #7: <unknown function> + 0x9caa4 (0x71a86a48baa4 in /lib/x86_64-linux-gnu/libc.so.6)
frame #8: __clone + 0x44 (0x71a86a518a64 in /lib/x86_64-linux-gnu/libc.so.6)

[rank1]:[W421 05:05:07.742120085 ProcessGroupNCCL.cpp:1771] [PG ID 0 PG GUID 0(default_pg) Rank 1] Failed to check the "should dump" flag on TCPStore, (maybe TCPStore server has shut down too early), with error: Broken pipe
[rank2]:[W421 05:05:07.731097010 TCPStore.cpp:106] [c10d] sendBytes failed on SocketImpl(fd=90, addr=[8f9e71dd3259]:34868, remote=[8f9e71dd3259]:42409): Broken pipe
Exception raised from sendBytes at /pytorch/torch/csrc/distributed/c10d/Utils.hpp:653 (most recent call first):
frame #0: c10::Error::Error(c10::SourceLocation, std::__cxx11::basic_string<char, std::char_traits<char>, std::allocator<char> >) + 0x80 (0x7676c2970b80 in /usr/local/lib/python3.12/dist-packages/torch/lib/libc10.so)
frame #1: <unknown function> + 0x5ffc5b1 (0x767704ccd5b1 in /usr/local/lib/python3.12/dist-packages/torch/lib/libtorch_cpu.so)
frame #2: <unknown function> + 0x5ffce42 (0x767704ccde42 in /usr/local/lib/python3.12/dist-packages/torch/lib/libtorch_cpu.so)
frame #3: <unknown function> + 0x5ffe94e (0x767704ccf94e in /usr/local/lib/python3.12/dist-packages/torch/lib/libtorch_cpu.so)
frame #4: c10d::TCPStore::check(std::vector<std::__cxx11::basic_string<char, std::char_traits<char>, std::allocator<char> >, std::allocator<std::__cxx11::basic_string<char, std::char_traits<char>, std::allocator<char> > > > const&) + 0x30e (0x767704cca26e in /usr/local/lib/python3.12/dist-packages/torch/lib/libtorch_cpu.so)
frame #5: c10d::ProcessGroupNCCL::HeartbeatMonitor::runLoop() + 0x3c8 (0x7676c3849868 in /usr/local/lib/python3.12/dist-packages/torch/lib/libtorch_cuda.so)
frame #6: <unknown function> + 0xecdb4 (0x767724e02db4 in /lib/x86_64-linux-gnu/libstdc++.so.6)
frame #7: <unknown function> + 0x9caa4 (0x767727881aa4 in /lib/x86_64-linux-gnu/libc.so.6)
frame #8: __clone + 0x44 (0x76772790ea64 in /lib/x86_64-linux-gnu/libc.so.6)

[rank2]:[W421 05:05:07.743947006 ProcessGroupNCCL.cpp:1771] [PG ID 0 PG GUID 0(default_pg) Rank 2] Failed to check the "should dump" flag on TCPStore, (maybe TCPStore server has shut down too early), with error: Broken pipe
[rank7]:[W421 05:05:07.740975439 TCPStore.cpp:106] [c10d] sendBytes failed on SocketImpl(fd=90, addr=[8f9e71dd3259]:34862, remote=[8f9e71dd3259]:42409): Broken pipe
Exception raised from sendBytes at /pytorch/torch/csrc/distributed/c10d/Utils.hpp:653 (most recent call first):
frame #0: c10::Error::Error(c10::SourceLocation, std::__cxx11::basic_string<char, std::char_traits<char>, std::allocator<char> >) + 0x80 (0x73ea2317cb80 in /usr/local/lib/python3.12/dist-packages/torch/lib/libc10.so)
frame #1: <unknown function> + 0x5ffc5b1 (0x73ea064cd5b1 in /usr/local/lib/python3.12/dist-packages/torch/lib/libtorch_cpu.so)
frame #2: <unknown function> + 0x5ffce42 (0x73ea064cde42 in /usr/local/lib/python3.12/dist-packages/torch/lib/libtorch_cpu.so)
frame #3: <unknown function> + 0x5ffe94e (0x73ea064cf94e in /usr/local/lib/python3.12/dist-packages/torch/lib/libtorch_cpu.so)
frame #4: c10d::TCPStore::check(std::vector<std::__cxx11::basic_string<char, std::char_traits<char>, std::allocator<char> >, std::allocator<std::__cxx11::basic_string<char, std::char_traits<char>, std::allocator<char> > > > const&) + 0x30e (0x73ea064ca26e in /usr/local/lib/python3.12/dist-packages/torch/lib/libtorch_cpu.so)
frame #5: c10d::ProcessGroupNCCL::HeartbeatMonitor::runLoop() + 0x3c8 (0x73e9c5049868 in /usr/local/lib/python3.12/dist-packages/torch/lib/libtorch_cuda.so)
frame #6: <unknown function> + 0xecdb4 (0x73ea2670adb4 in /lib/x86_64-linux-gnu/libstdc++.so.6)
frame #7: <unknown function> + 0x9caa4 (0x73ea29189aa4 in /lib/x86_64-linux-gnu/libc.so.6)
frame #8: __clone + 0x44 (0x73ea29216a64 in /lib/x86_64-linux-gnu/libc.so.6)

[rank7]:[W421 05:05:07.753860453 ProcessGroupNCCL.cpp:1771] [PG ID 0 PG GUID 0(default_pg) Rank 7] Failed to check the "should dump" flag on TCPStore, (maybe TCPStore server has shut down too early), with error: Broken pipe
[rank5]:[W421 05:05:08.842894604 TCPStore.cpp:106] [c10d] sendBytes failed on SocketImpl(fd=90, addr=[8f9e71dd3259]:34814, remote=[8f9e71dd3259]:42409): Broken pipe
Exception raised from sendBytes at /pytorch/torch/csrc/distributed/c10d/Utils.hpp:653 (most recent call first):
frame #0: c10::Error::Error(c10::SourceLocation, std::__cxx11::basic_string<char, std::char_traits<char>, std::allocator<char> >) + 0x80 (0x7c605f57cb80 in /usr/local/lib/python3.12/dist-packages/torch/lib/libc10.so)
frame #1: <unknown function> + 0x5ffc5b1 (0x7c60428cd5b1 in /usr/local/lib/python3.12/dist-packages/torch/lib/libtorch_cpu.so)
frame #2: <unknown function> + 0x5ffce42 (0x7c60428cde42 in /usr/local/lib/python3.12/dist-packages/torch/lib/libtorch_cpu.so)
frame #3: <unknown function> + 0x5ffe94e (0x7c60428cf94e in /usr/local/lib/python3.12/dist-packages/torch/lib/libtorch_cpu.so)
frame #4: c10d::TCPStore::check(std::vector<std::__cxx11::basic_string<char, std::char_traits<char>, std::allocator<char> >, std::allocator<std::__cxx11::basic_string<char, std::char_traits<char>, std::allocator<char> > > > const&) + 0x30e (0x7c60428ca26e in /usr/local/lib/python3.12/dist-packages/torch/lib/libtorch_cpu.so)
frame #5: c10d::ProcessGroupNCCL::HeartbeatMonitor::runLoop() + 0x3c8 (0x7c6001449868 in /usr/local/lib/python3.12/dist-packages/torch/lib/libtorch_cuda.so)
frame #6: <unknown function> + 0xecdb4 (0x7c6062b44db4 in /lib/x86_64-linux-gnu/libstdc++.so.6)
frame #7: <unknown function> + 0x9caa4 (0x7c60655c3aa4 in /lib/x86_64-linux-gnu/libc.so.6)
frame #8: __clone + 0x44 (0x7c6065650a64 in /lib/x86_64-linux-gnu/libc.so.6)

[rank5]:[W421 05:05:08.855817273 ProcessGroupNCCL.cpp:1771] [PG ID 0 PG GUID 0(default_pg) Rank 5] Failed to check the "should dump" flag on TCPStore, (maybe TCPStore server has shut down too early), with error: Broken pipe
[rank3]:[W421 05:05:08.939969755 TCPStore.cpp:106] [c10d] sendBytes failed on SocketImpl(fd=90, addr=[8f9e71dd3259]:34820, remote=[8f9e71dd3259]:42409): Broken pipe
Exception raised from sendBytes at /pytorch/torch/csrc/distributed/c10d/Utils.hpp:653 (most recent call first):
frame #0: c10::Error::Error(c10::SourceLocation, std::__cxx11::basic_string<char, std::char_traits<char>, std::allocator<char> >) + 0x80 (0x7def52b7cb80 in /usr/local/lib/python3.12/dist-packages/torch/lib/libc10.so)
frame #1: <unknown function> + 0x5ffc5b1 (0x7def35ecd5b1 in /usr/local/lib/python3.12/dist-packages/torch/lib/libtorch_cpu.so)
frame #2: <unknown function> + 0x5ffce42 (0x7def35ecde42 in /usr/local/lib/python3.12/dist-packages/torch/lib/libtorch_cpu.so)
frame #3: <unknown function> + 0x5ffe94e (0x7def35ecf94e in /usr/local/lib/python3.12/dist-packages/torch/lib/libtorch_cpu.so)
frame #4: c10d::TCPStore::check(std::vector<std::__cxx11::basic_string<char, std::char_traits<char>, std::allocator<char> >, std::allocator<std::__cxx11::basic_string<char, std::char_traits<char>, std::allocator<char> > > > const&) + 0x30e (0x7def35eca26e in /usr/local/lib/python3.12/dist-packages/torch/lib/libtorch_cpu.so)
frame #5: c10d::ProcessGroupNCCL::HeartbeatMonitor::runLoop() + 0x3c8 (0x7deef4a49868 in /usr/local/lib/python3.12/dist-packages/torch/lib/libtorch_cuda.so)
frame #6: <unknown function> + 0xecdb4 (0x7def56100db4 in /lib/x86_64-linux-gnu/libstdc++.so.6)
frame #7: <unknown function> + 0x9caa4 (0x7def58b7faa4 in /lib/x86_64-linux-gnu/libc.so.6)
frame #8: __clone + 0x44 (0x7def58c0ca64 in /lib/x86_64-linux-gnu/libc.so.6)

[rank3]:[W421 05:05:08.953053114 ProcessGroupNCCL.cpp:1771] [PG ID 0 PG GUID 0(default_pg) Rank 3] Failed to check the "should dump" flag on TCPStore, (maybe TCPStore server has shut down too early), with error: Broken pipe
[rank6]:[W421 05:05:08.021331919 TCPStore.cpp:106] [c10d] sendBytes failed on SocketImpl(fd=90, addr=[8f9e71dd3259]:34828, remote=[8f9e71dd3259]:42409): Broken pipe
Exception raised from sendBytes at /pytorch/torch/csrc/distributed/c10d/Utils.hpp:653 (most recent call first):
frame #0: c10::Error::Error(c10::SourceLocation, std::__cxx11::basic_string<char, std::char_traits<char>, std::allocator<char> >) + 0x80 (0x77ca19b92b80 in /usr/local/lib/python3.12/dist-packages/torch/lib/libc10.so)
frame #1: <unknown function> + 0x5ffc5b1 (0x77c9fcacd5b1 in /usr/local/lib/python3.12/dist-packages/torch/lib/libtorch_cpu.so)
frame #2: <unknown function> + 0x5ffce42 (0x77c9fcacde42 in /usr/local/lib/python3.12/dist-packages/torch/lib/libtorch_cpu.so)
frame #3: <unknown function> + 0x5ffe94e (0x77c9fcacf94e in /usr/local/lib/python3.12/dist-packages/torch/lib/libtorch_cpu.so)
frame #4: c10d::TCPStore::check(std::vector<std::__cxx11::basic_string<char, std::char_traits<char>, std::allocator<char> >, std::allocator<std::__cxx11::basic_string<char, std::char_traits<char>, std::allocator<char> > > > const&) + 0x30e (0x77c9fcaca26e in /usr/local/lib/python3.12/dist-packages/torch/lib/libtorch_cpu.so)
frame #5: c10d::ProcessGroupNCCL::HeartbeatMonitor::runLoop() + 0x3c8 (0x77c9bb649868 in /usr/local/lib/python3.12/dist-packages/torch/lib/libtorch_cuda.so)
frame #6: <unknown function> + 0xecdb4 (0x77ca1cd97db4 in /lib/x86_64-linux-gnu/libstdc++.so.6)
frame #7: <unknown function> + 0x9caa4 (0x77ca1f816aa4 in /lib/x86_64-linux-gnu/libc.so.6)
frame #8: __clone + 0x44 (0x77ca1f8a3a64 in /lib/x86_64-linux-gnu/libc.so.6)

[rank6]:[W421 05:05:08.034337817 ProcessGroupNCCL.cpp:1771] [PG ID 0 PG GUID 0(default_pg) Rank 6] Failed to check the "should dump" flag on TCPStore, (maybe TCPStore server has shut down too early), with error: Broken pipe
[rank4]:[W421 05:05:08.632487751 TCPStore.cpp:106] [c10d] sendBytes failed on SocketImpl(fd=90, addr=[8f9e71dd3259]:34834, remote=[8f9e71dd3259]:42409): Broken pipe
Exception raised from sendBytes at /pytorch/torch/csrc/distributed/c10d/Utils.hpp:653 (most recent call first):
frame #0: c10::Error::Error(c10::SourceLocation, std::__cxx11::basic_string<char, std::char_traits<char>, std::allocator<char> >) + 0x80 (0x7b1211392b80 in /usr/local/lib/python3.12/dist-packages/torch/lib/libc10.so)
frame #1: <unknown function> + 0x5ffc5b1 (0x7b11f42cd5b1 in /usr/local/lib/python3.12/dist-packages/torch/lib/libtorch_cpu.so)
frame #2: <unknown function> + 0x5ffce42 (0x7b11f42cde42 in /usr/local/lib/python3.12/dist-packages/torch/lib/libtorch_cpu.so)
frame #3: <unknown function> + 0x5ffe94e (0x7b11f42cf94e in /usr/local/lib/python3.12/dist-packages/torch/lib/libtorch_cpu.so)
frame #4: c10d::TCPStore::check(std::vector<std::__cxx11::basic_string<char, std::char_traits<char>, std::allocator<char> >, std::allocator<std::__cxx11::basic_string<char, std::char_traits<char>, std::allocator<char> > > > const&) + 0x30e (0x7b11f42ca26e in /usr/local/lib/python3.12/dist-packages/torch/lib/libtorch_cpu.so)
frame #5: c10d::ProcessGroupNCCL::HeartbeatMonitor::runLoop() + 0x3c8 (0x7b11b2e49868 in /usr/local/lib/python3.12/dist-packages/torch/lib/libtorch_cuda.so)
frame #6: <unknown function> + 0xecdb4 (0x7b121458ddb4 in /lib/x86_64-linux-gnu/libstdc++.so.6)
frame #7: <unknown function> + 0x9caa4 (0x7b121700caa4 in /lib/x86_64-linux-gnu/libc.so.6)
frame #8: __clone + 0x44 (0x7b1217099a64 in /lib/x86_64-linux-gnu/libc.so.6)

[rank4]:[W421 05:05:08.645657490 ProcessGroupNCCL.cpp:1771] [PG ID 0 PG GUID 0(default_pg) Rank 4] Failed to check the "should dump" flag on TCPStore, (maybe TCPStore server has shut down too early), with error: Broken pipe
[rank0]:[W421 05:05:08.733187945 TCPStore.cpp:106] [c10d] sendBytes failed on SocketImpl(fd=90, addr=[8f9e71dd3259]:34854, remote=[8f9e71dd3259]:42409): Broken pipe
Exception raised from sendBytes at /pytorch/torch/csrc/distributed/c10d/Utils.hpp:653 (most recent call first):
frame #0: c10::Error::Error(c10::SourceLocation, std::__cxx11::basic_string<char, std::char_traits<char>, std::allocator<char> >) + 0x80 (0x7c8c8677cb80 in /usr/local/lib/python3.12/dist-packages/torch/lib/libc10.so)
frame #1: <unknown function> + 0x5ffc5b1 (0x7c8c69acd5b1 in /usr/local/lib/python3.12/dist-packages/torch/lib/libtorch_cpu.so)
frame #2: <unknown function> + 0x5ffce42 (0x7c8c69acde42 in /usr/local/lib/python3.12/dist-packages/torch/lib/libtorch_cpu.so)
frame #3: <unknown function> + 0x5ffe94e (0x7c8c69acf94e in /usr/local/lib/python3.12/dist-packages/torch/lib/libtorch_cpu.so)
frame #4: c10d::TCPStore::check(std::vector<std::__cxx11::basic_string<char, std::char_traits<char>, std::allocator<char> >, std::allocator<std::__cxx11::basic_string<char, std::char_traits<char>, std::allocator<char> > > > const&) + 0x30e (0x7c8c69aca26e in /usr/local/lib/python3.12/dist-packages/torch/lib/libtorch_cpu.so)
frame #5: c10d::ProcessGroupNCCL::HeartbeatMonitor::runLoop() + 0x3c8 (0x7c8c28649868 in /usr/local/lib/python3.12/dist-packages/torch/lib/libtorch_cuda.so)
frame #6: <unknown function> + 0xecdb4 (0x7c8c89d10db4 in /lib/x86_64-linux-gnu/libstdc++.so.6)
frame #7: <unknown function> + 0x9caa4 (0x7c8c8c78faa4 in /lib/x86_64-linux-gnu/libc.so.6)
frame #8: __clone + 0x44 (0x7c8c8c81ca64 in /lib/x86_64-linux-gnu/libc.so.6)

[rank0]:[W421 05:05:08.746274601 ProcessGroupNCCL.cpp:1771] [PG ID 0 PG GUID 0(default_pg) Rank 0] Failed to check the "should dump" flag on TCPStore, (maybe TCPStore server has shut down too early), with error: Broken pipe
[rank1]:[W421 05:05:08.742231981 TCPStore.cpp:106] [c10d] sendBytes failed on SocketImpl(fd=90, addr=[8f9e71dd3259]:34844, remote=[8f9e71dd3259]:42409): Broken pipe
Exception raised from sendBytes at /pytorch/torch/csrc/distributed/c10d/Utils.hpp:653 (most recent call first):
frame #0: c10::Error::Error(c10::SourceLocation, std::__cxx11::basic_string<char, std::char_traits<char>, std::allocator<char> >) + 0x80 (0x71a805570b80 in /usr/local/lib/python3.12/dist-packages/torch/lib/libc10.so)
frame #1: <unknown function> + 0x5ffc5b1 (0x71a8478cd5b1 in /usr/local/lib/python3.12/dist-packages/torch/lib/libtorch_cpu.so)
frame #2: <unknown function> + 0x5ffce42 (0x71a8478cde42 in /usr/local/lib/python3.12/dist-packages/torch/lib/libtorch_cpu.so)
frame #3: <unknown function> + 0x5ffe94e (0x71a8478cf94e in /usr/local/lib/python3.12/dist-packages/torch/lib/libtorch_cpu.so)
frame #4: c10d::TCPStore::check(std::vector<std::__cxx11::basic_string<char, std::char_traits<char>, std::allocator<char> >, std::allocator<std::__cxx11::basic_string<char, std::char_traits<char>, std::allocator<char> > > > const&) + 0x30e (0x71a8478ca26e in /usr/local/lib/python3.12/dist-packages/torch/lib/libtorch_cpu.so)
frame #5: c10d::ProcessGroupNCCL::HeartbeatMonitor::runLoop() + 0x3c8 (0x71a806449868 in /usr/local/lib/python3.12/dist-packages/torch/lib/libtorch_cuda.so)
frame #6: <unknown function> + 0xecdb4 (0x71a867a0cdb4 in /lib/x86_64-linux-gnu/libstdc++.so.6)
frame #7: <unknown function> + 0x9caa4 (0x71a86a48baa4 in /lib/x86_64-linux-gnu/libc.so.6)
frame #8: __clone + 0x44 (0x71a86a518a64 in /lib/x86_64-linux-gnu/libc.so.6)

[rank1]:[W421 05:05:08.755226474 ProcessGroupNCCL.cpp:1771] [PG ID 0 PG GUID 0(default_pg) Rank 1] Failed to check the "should dump" flag on TCPStore, (maybe TCPStore server has shut down too early), with error: Broken pipe
[rank2]:[W421 05:05:08.744084417 TCPStore.cpp:106] [c10d] sendBytes failed on SocketImpl(fd=90, addr=[8f9e71dd3259]:34868, remote=[8f9e71dd3259]:42409): Broken pipe
Exception raised from sendBytes at /pytorch/torch/csrc/distributed/c10d/Utils.hpp:653 (most recent call first):
frame #0: c10::Error::Error(c10::SourceLocation, std::__cxx11::basic_string<char, std::char_traits<char>, std::allocator<char> >) + 0x80 (0x7676c2970b80 in /usr/local/lib/python3.12/dist-packages/torch/lib/libc10.so)
frame #1: <unknown function> + 0x5ffc5b1 (0x767704ccd5b1 in /usr/local/lib/python3.12/dist-packages/torch/lib/libtorch_cpu.so)
frame #2: <unknown function> + 0x5ffce42 (0x767704ccde42 in /usr/local/lib/python3.12/dist-packages/torch/lib/libtorch_cpu.so)
frame #3: <unknown function> + 0x5ffe94e (0x767704ccf94e in /usr/local/lib/python3.12/dist-packages/torch/lib/libtorch_cpu.so)
frame #4: c10d::TCPStore::check(std::vector<std::__cxx11::basic_string<char, std::char_traits<char>, std::allocator<char> >, std::allocator<std::__cxx11::basic_string<char, std::char_traits<char>, std::allocator<char> > > > const&) + 0x30e (0x767704cca26e in /usr/local/lib/python3.12/dist-packages/torch/lib/libtorch_cpu.so)
frame #5: c10d::ProcessGroupNCCL::HeartbeatMonitor::runLoop() + 0x3c8 (0x7676c3849868 in /usr/local/lib/python3.12/dist-packages/torch/lib/libtorch_cuda.so)
frame #6: <unknown function> + 0xecdb4 (0x767724e02db4 in /lib/x86_64-linux-gnu/libstdc++.so.6)
frame #7: <unknown function> + 0x9caa4 (0x767727881aa4 in /lib/x86_64-linux-gnu/libc.so.6)
frame #8: __clone + 0x44 (0x76772790ea64 in /lib/x86_64-linux-gnu/libc.so.6)

[rank2]:[W421 05:05:08.757205752 ProcessGroupNCCL.cpp:1771] [PG ID 0 PG GUID 0(default_pg) Rank 2] Failed to check the "should dump" flag on TCPStore, (maybe TCPStore server has shut down too early), with error: Broken pipe
[rank7]:[W421 05:05:08.753967949 TCPStore.cpp:106] [c10d] sendBytes failed on SocketImpl(fd=90, addr=[8f9e71dd3259]:34862, remote=[8f9e71dd3259]:42409): Broken pipe
Exception raised from sendBytes at /pytorch/torch/csrc/distributed/c10d/Utils.hpp:653 (most recent call first):
frame #0: c10::Error::Error(c10::SourceLocation, std::__cxx11::basic_string<char, std::char_traits<char>, std::allocator<char> >) + 0x80 (0x73ea2317cb80 in /usr/local/lib/python3.12/dist-packages/torch/lib/libc10.so)
frame #1: <unknown function> + 0x5ffc5b1 (0x73ea064cd5b1 in /usr/local/lib/python3.12/dist-packages/torch/lib/libtorch_cpu.so)
frame #2: <unknown function> + 0x5ffce42 (0x73ea064cde42 in /usr/local/lib/python3.12/dist-packages/torch/lib/libtorch_cpu.so)
frame #3: <unknown function> + 0x5ffe94e (0x73ea064cf94e in /usr/local/lib/python3.12/dist-packages/torch/lib/libtorch_cpu.so)
frame #4: c10d::TCPStore::check(std::vector<std::__cxx11::basic_string<char, std::char_traits<char>, std::allocator<char> >, std::allocator<std::__cxx11::basic_string<char, std::char_traits<char>, std::allocator<char> > > > const&) + 0x30e (0x73ea064ca26e in /usr/local/lib/python3.12/dist-packages/torch/lib/libtorch_cpu.so)
frame #5: c10d::ProcessGroupNCCL::HeartbeatMonitor::runLoop() + 0x3c8 (0x73e9c5049868 in /usr/local/lib/python3.12/dist-packages/torch/lib/libtorch_cuda.so)
frame #6: <unknown function> + 0xecdb4 (0x73ea2670adb4 in /lib/x86_64-linux-gnu/libstdc++.so.6)
frame #7: <unknown function> + 0x9caa4 (0x73ea29189aa4 in /lib/x86_64-linux-gnu/libc.so.6)
frame #8: __clone + 0x44 (0x73ea29216a64 in /lib/x86_64-linux-gnu/libc.so.6)

[rank7]:[W421 05:05:08.766859449 ProcessGroupNCCL.cpp:1771] [PG ID 0 PG GUID 0(default_pg) Rank 7] Failed to check the "should dump" flag on TCPStore, (maybe TCPStore server has shut down too early), with error: Broken pipe
[rank5]:[W421 05:05:09.855928364 TCPStore.cpp:106] [c10d] sendBytes failed on SocketImpl(fd=90, addr=[8f9e71dd3259]:34814, remote=[8f9e71dd3259]:42409): Broken pipe
Exception raised from sendBytes at /pytorch/torch/csrc/distributed/c10d/Utils.hpp:653 (most recent call first):
frame #0: c10::Error::Error(c10::SourceLocation, std::__cxx11::basic_string<char, std::char_traits<char>, std::allocator<char> >) + 0x80 (0x7c605f57cb80 in /usr/local/lib/python3.12/dist-packages/torch/lib/libc10.so)
frame #1: <unknown function> + 0x5ffc5b1 (0x7c60428cd5b1 in /usr/local/lib/python3.12/dist-packages/torch/lib/libtorch_cpu.so)
frame #2: <unknown function> + 0x5ffce42 (0x7c60428cde42 in /usr/local/lib/python3.12/dist-packages/torch/lib/libtorch_cpu.so)
frame #3: <unknown function> + 0x5ffe94e (0x7c60428cf94e in /usr/local/lib/python3.12/dist-packages/torch/lib/libtorch_cpu.so)
frame #4: c10d::TCPStore::check(std::vector<std::__cxx11::basic_string<char, std::char_traits<char>, std::allocator<char> >, std::allocator<std::__cxx11::basic_string<char, std::char_traits<char>, std::allocator<char> > > > const&) + 0x30e (0x7c60428ca26e in /usr/local/lib/python3.12/dist-packages/torch/lib/libtorch_cpu.so)
frame #5: c10d::ProcessGroupNCCL::HeartbeatMonitor::runLoop() + 0x3c8 (0x7c6001449868 in /usr/local/lib/python3.12/dist-packages/torch/lib/libtorch_cuda.so)
frame #6: <unknown function> + 0xecdb4 (0x7c6062b44db4 in /lib/x86_64-linux-gnu/libstdc++.so.6)
frame #7: <unknown function> + 0x9caa4 (0x7c60655c3aa4 in /lib/x86_64-linux-gnu/libc.so.6)
frame #8: __clone + 0x44 (0x7c6065650a64 in /lib/x86_64-linux-gnu/libc.so.6)

[rank5]:[W421 05:05:09.869013310 ProcessGroupNCCL.cpp:1771] [PG ID 0 PG GUID 0(default_pg) Rank 5] Failed to check the "should dump" flag on TCPStore, (maybe TCPStore server has shut down too early), with error: Broken pipe
[rank3]:[W421 05:05:09.953196566 TCPStore.cpp:106] [c10d] sendBytes failed on SocketImpl(fd=90, addr=[8f9e71dd3259]:34820, remote=[8f9e71dd3259]:42409): Broken pipe
Exception raised from sendBytes at /pytorch/torch/csrc/distributed/c10d/Utils.hpp:653 (most recent call first):
frame #0: c10::Error::Error(c10::SourceLocation, std::__cxx11::basic_string<char, std::char_traits<char>, std::allocator<char> >) + 0x80 (0x7def52b7cb80 in /usr/local/lib/python3.12/dist-packages/torch/lib/libc10.so)
frame #1: <unknown function> + 0x5ffc5b1 (0x7def35ecd5b1 in /usr/local/lib/python3.12/dist-packages/torch/lib/libtorch_cpu.so)
frame #2: <unknown function> + 0x5ffce42 (0x7def35ecde42 in /usr/local/lib/python3.12/dist-packages/torch/lib/libtorch_cpu.so)
frame #3: <unknown function> + 0x5ffe94e (0x7def35ecf94e in /usr/local/lib/python3.12/dist-packages/torch/lib/libtorch_cpu.so)
frame #4: c10d::TCPStore::check(std::vector<std::__cxx11::basic_string<char, std::char_traits<char>, std::allocator<char> >, std::allocator<std::__cxx11::basic_string<char, std::char_traits<char>, std::allocator<char> > > > const&) + 0x30e (0x7def35eca26e in /usr/local/lib/python3.12/dist-packages/torch/lib/libtorch_cpu.so)
frame #5: c10d::ProcessGroupNCCL::HeartbeatMonitor::runLoop() + 0x3c8 (0x7deef4a49868 in /usr/local/lib/python3.12/dist-packages/torch/lib/libtorch_cuda.so)
frame #6: <unknown function> + 0xecdb4 (0x7def56100db4 in /lib/x86_64-linux-gnu/libstdc++.so.6)
frame #7: <unknown function> + 0x9caa4 (0x7def58b7faa4 in /lib/x86_64-linux-gnu/libc.so.6)
frame #8: __clone + 0x44 (0x7def58c0ca64 in /lib/x86_64-linux-gnu/libc.so.6)

[rank3]:[W421 05:05:09.966299852 ProcessGroupNCCL.cpp:1771] [PG ID 0 PG GUID 0(default_pg) Rank 3] Failed to check the "should dump" flag on TCPStore, (maybe TCPStore server has shut down too early), with error: Broken pipe
[rank6]:[W421 05:05:09.034480487 TCPStore.cpp:106] [c10d] sendBytes failed on SocketImpl(fd=90, addr=[8f9e71dd3259]:34828, remote=[8f9e71dd3259]:42409): Broken pipe
Exception raised from sendBytes at /pytorch/torch/csrc/distributed/c10d/Utils.hpp:653 (most recent call first):
frame #0: c10::Error::Error(c10::SourceLocation, std::__cxx11::basic_string<char, std::char_traits<char>, std::allocator<char> >) + 0x80 (0x77ca19b92b80 in /usr/local/lib/python3.12/dist-packages/torch/lib/libc10.so)
frame #1: <unknown function> + 0x5ffc5b1 (0x77c9fcacd5b1 in /usr/local/lib/python3.12/dist-packages/torch/lib/libtorch_cpu.so)
frame #2: <unknown function> + 0x5ffce42 (0x77c9fcacde42 in /usr/local/lib/python3.12/dist-packages/torch/lib/libtorch_cpu.so)
frame #3: <unknown function> + 0x5ffe94e (0x77c9fcacf94e in /usr/local/lib/python3.12/dist-packages/torch/lib/libtorch_cpu.so)
frame #4: c10d::TCPStore::check(std::vector<std::__cxx11::basic_string<char, std::char_traits<char>, std::allocator<char> >, std::allocator<std::__cxx11::basic_string<char, std::char_traits<char>, std::allocator<char> > > > const&) + 0x30e (0x77c9fcaca26e in /usr/local/lib/python3.12/dist-packages/torch/lib/libtorch_cpu.so)
frame #5: c10d::ProcessGroupNCCL::HeartbeatMonitor::runLoop() + 0x3c8 (0x77c9bb649868 in /usr/local/lib/python3.12/dist-packages/torch/lib/libtorch_cuda.so)
frame #6: <unknown function> + 0xecdb4 (0x77ca1cd97db4 in /lib/x86_64-linux-gnu/libstdc++.so.6)
frame #7: <unknown function> + 0x9caa4 (0x77ca1f816aa4 in /lib/x86_64-linux-gnu/libc.so.6)
frame #8: __clone + 0x44 (0x77ca1f8a3a64 in /lib/x86_64-linux-gnu/libc.so.6)

[rank6]:[W421 05:05:09.047538249 ProcessGroupNCCL.cpp:1771] [PG ID 0 PG GUID 0(default_pg) Rank 6] Failed to check the "should dump" flag on TCPStore, (maybe TCPStore server has shut down too early), with error: Broken pipe
[rank4]:[W421 05:05:09.645756946 TCPStore.cpp:106] [c10d] sendBytes failed on SocketImpl(fd=90, addr=[8f9e71dd3259]:34834, remote=[8f9e71dd3259]:42409): Broken pipe
Exception raised from sendBytes at /pytorch/torch/csrc/distributed/c10d/Utils.hpp:653 (most recent call first):
frame #0: c10::Error::Error(c10::SourceLocation, std::__cxx11::basic_string<char, std::char_traits<char>, std::allocator<char> >) + 0x80 (0x7b1211392b80 in /usr/local/lib/python3.12/dist-packages/torch/lib/libc10.so)
frame #1: <unknown function> + 0x5ffc5b1 (0x7b11f42cd5b1 in /usr/local/lib/python3.12/dist-packages/torch/lib/libtorch_cpu.so)
frame #2: <unknown function> + 0x5ffce42 (0x7b11f42cde42 in /usr/local/lib/python3.12/dist-packages/torch/lib/libtorch_cpu.so)
frame #3: <unknown function> + 0x5ffe94e (0x7b11f42cf94e in /usr/local/lib/python3.12/dist-packages/torch/lib/libtorch_cpu.so)
frame #4: c10d::TCPStore::check(std::vector<std::__cxx11::basic_string<char, std::char_traits<char>, std::allocator<char> >, std::allocator<std::__cxx11::basic_string<char, std::char_traits<char>, std::allocator<char> > > > const&) + 0x30e (0x7b11f42ca26e in /usr/local/lib/python3.12/dist-packages/torch/lib/libtorch_cpu.so)
frame #5: c10d::ProcessGroupNCCL::HeartbeatMonitor::runLoop() + 0x3c8 (0x7b11b2e49868 in /usr/local/lib/python3.12/dist-packages/torch/lib/libtorch_cuda.so)
frame #6: <unknown function> + 0xecdb4 (0x7b121458ddb4 in /lib/x86_64-linux-gnu/libstdc++.so.6)
frame #7: <unknown function> + 0x9caa4 (0x7b121700caa4 in /lib/x86_64-linux-gnu/libc.so.6)
frame #8: __clone + 0x44 (0x7b1217099a64 in /lib/x86_64-linux-gnu/libc.so.6)

[rank4]:[W421 05:05:09.658727804 ProcessGroupNCCL.cpp:1771] [PG ID 0 PG GUID 0(default_pg) Rank 4] Failed to check the "should dump" flag on TCPStore, (maybe TCPStore server has shut down too early), with error: Broken pipe
[rank0]:[W421 05:05:09.746386487 TCPStore.cpp:106] [c10d] sendBytes failed on SocketImpl(fd=90, addr=[8f9e71dd3259]:34854, remote=[8f9e71dd3259]:42409): Broken pipe
Exception raised from sendBytes at /pytorch/torch/csrc/distributed/c10d/Utils.hpp:653 (most recent call first):
frame #0: c10::Error::Error(c10::SourceLocation, std::__cxx11::basic_string<char, std::char_traits<char>, std::allocator<char> >) + 0x80 (0x7c8c8677cb80 in /usr/local/lib/python3.12/dist-packages/torch/lib/libc10.so)
frame #1: <unknown function> + 0x5ffc5b1 (0x7c8c69acd5b1 in /usr/local/lib/python3.12/dist-packages/torch/lib/libtorch_cpu.so)
frame #2: <unknown function> + 0x5ffce42 (0x7c8c69acde42 in /usr/local/lib/python3.12/dist-packages/torch/lib/libtorch_cpu.so)
frame #3: <unknown function> + 0x5ffe94e (0x7c8c69acf94e in /usr/local/lib/python3.12/dist-packages/torch/lib/libtorch_cpu.so)
frame #4: c10d::TCPStore::check(std::vector<std::__cxx11::basic_string<char, std::char_traits<char>, std::allocator<char> >, std::allocator<std::__cxx11::basic_string<char, std::char_traits<char>, std::allocator<char> > > > const&) + 0x30e (0x7c8c69aca26e in /usr/local/lib/python3.12/dist-packages/torch/lib/libtorch_cpu.so)
frame #5: c10d::ProcessGroupNCCL::HeartbeatMonitor::runLoop() + 0x3c8 (0x7c8c28649868 in /usr/local/lib/python3.12/dist-packages/torch/lib/libtorch_cuda.so)
frame #6: <unknown function> + 0xecdb4 (0x7c8c89d10db4 in /lib/x86_64-linux-gnu/libstdc++.so.6)
frame #7: <unknown function> + 0x9caa4 (0x7c8c8c78faa4 in /lib/x86_64-linux-gnu/libc.so.6)
frame #8: __clone + 0x44 (0x7c8c8c81ca64 in /lib/x86_64-linux-gnu/libc.so.6)

[rank0]:[W421 05:05:09.759234188 ProcessGroupNCCL.cpp:1771] [PG ID 0 PG GUID 0(default_pg) Rank 0] Failed to check the "should dump" flag on TCPStore, (maybe TCPStore server has shut down too early), with error: Broken pipe
[rank1]:[W421 05:05:09.755318831 TCPStore.cpp:106] [c10d] sendBytes failed on SocketImpl(fd=90, addr=[8f9e71dd3259]:34844, remote=[8f9e71dd3259]:42409): Broken pipe
Exception raised from sendBytes at /pytorch/torch/csrc/distributed/c10d/Utils.hpp:653 (most recent call first):
frame #0: c10::Error::Error(c10::SourceLocation, std::__cxx11::basic_string<char, std::char_traits<char>, std::allocator<char> >) + 0x80 (0x71a805570b80 in /usr/local/lib/python3.12/dist-packages/torch/lib/libc10.so)
frame #1: <unknown function> + 0x5ffc5b1 (0x71a8478cd5b1 in /usr/local/lib/python3.12/dist-packages/torch/lib/libtorch_cpu.so)
frame #2: <unknown function> + 0x5ffce42 (0x71a8478cde42 in /usr/local/lib/python3.12/dist-packages/torch/lib/libtorch_cpu.so)
frame #3: <unknown function> + 0x5ffe94e (0x71a8478cf94e in /usr/local/lib/python3.12/dist-packages/torch/lib/libtorch_cpu.so)
frame #4: c10d::TCPStore::check(std::vector<std::__cxx11::basic_string<char, std::char_traits<char>, std::allocator<char> >, std::allocator<std::__cxx11::basic_string<char, std::char_traits<char>, std::allocator<char> > > > const&) + 0x30e (0x71a8478ca26e in /usr/local/lib/python3.12/dist-packages/torch/lib/libtorch_cpu.so)
frame #5: c10d::ProcessGroupNCCL::HeartbeatMonitor::runLoop() + 0x3c8 (0x71a806449868 in /usr/local/lib/python3.12/dist-packages/torch/lib/libtorch_cuda.so)
frame #6: <unknown function> + 0xecdb4 (0x71a867a0cdb4 in /lib/x86_64-linux-gnu/libstdc++.so.6)
frame #7: <unknown function> + 0x9caa4 (0x71a86a48baa4 in /lib/x86_64-linux-gnu/libc.so.6)
frame #8: __clone + 0x44 (0x71a86a518a64 in /lib/x86_64-linux-gnu/libc.so.6)

[rank1]:[W421 05:05:09.768174156 ProcessGroupNCCL.cpp:1771] [PG ID 0 PG GUID 0(default_pg) Rank 1] Failed to check the "should dump" flag on TCPStore, (maybe TCPStore server has shut down too early), with error: Broken pipe
[rank2]:[W421 05:05:09.757336601 TCPStore.cpp:106] [c10d] sendBytes failed on SocketImpl(fd=90, addr=[8f9e71dd3259]:34868, remote=[8f9e71dd3259]:42409): Broken pipe
Exception raised from sendBytes at /pytorch/torch/csrc/distributed/c10d/Utils.hpp:653 (most recent call first):
frame #0: c10::Error::Error(c10::SourceLocation, std::__cxx11::basic_string<char, std::char_traits<char>, std::allocator<char> >) + 0x80 (0x7676c2970b80 in /usr/local/lib/python3.12/dist-packages/torch/lib/libc10.so)
frame #1: <unknown function> + 0x5ffc5b1 (0x767704ccd5b1 in /usr/local/lib/python3.12/dist-packages/torch/lib/libtorch_cpu.so)
frame #2: <unknown function> + 0x5ffce42 (0x767704ccde42 in /usr/local/lib/python3.12/dist-packages/torch/lib/libtorch_cpu.so)
frame #3: <unknown function> + 0x5ffe94e (0x767704ccf94e in /usr/local/lib/python3.12/dist-packages/torch/lib/libtorch_cpu.so)
frame #4: c10d::TCPStore::check(std::vector<std::__cxx11::basic_string<char, std::char_traits<char>, std::allocator<char> >, std::allocator<std::__cxx11::basic_string<char, std::char_traits<char>, std::allocator<char> > > > const&) + 0x30e (0x767704cca26e in /usr/local/lib/python3.12/dist-packages/torch/lib/libtorch_cpu.so)
frame #5: c10d::ProcessGroupNCCL::HeartbeatMonitor::runLoop() + 0x3c8 (0x7676c3849868 in /usr/local/lib/python3.12/dist-packages/torch/lib/libtorch_cuda.so)
frame #6: <unknown function> + 0xecdb4 (0x767724e02db4 in /lib/x86_64-linux-gnu/libstdc++.so.6)
frame #7: <unknown function> + 0x9caa4 (0x767727881aa4 in /lib/x86_64-linux-gnu/libc.so.6)
frame #8: __clone + 0x44 (0x76772790ea64 in /lib/x86_64-linux-gnu/libc.so.6)

[rank2]:[W421 05:05:09.770346675 ProcessGroupNCCL.cpp:1771] [PG ID 0 PG GUID 0(default_pg) Rank 2] Failed to check the "should dump" flag on TCPStore, (maybe TCPStore server has shut down too early), with error: Broken pipe
[rank7]:[W421 05:05:09.766976282 TCPStore.cpp:106] [c10d] sendBytes failed on SocketImpl(fd=90, addr=[8f9e71dd3259]:34862, remote=[8f9e71dd3259]:42409): Broken pipe
Exception raised from sendBytes at /pytorch/torch/csrc/distributed/c10d/Utils.hpp:653 (most recent call first):
frame #0: c10::Error::Error(c10::SourceLocation, std::__cxx11::basic_string<char, std::char_traits<char>, std::allocator<char> >) + 0x80 (0x73ea2317cb80 in /usr/local/lib/python3.12/dist-packages/torch/lib/libc10.so)
frame #1: <unknown function> + 0x5ffc5b1 (0x73ea064cd5b1 in /usr/local/lib/python3.12/dist-packages/torch/lib/libtorch_cpu.so)
frame #2: <unknown function> + 0x5ffce42 (0x73ea064cde42 in /usr/local/lib/python3.12/dist-packages/torch/lib/libtorch_cpu.so)
frame #3: <unknown function> + 0x5ffe94e (0x73ea064cf94e in /usr/local/lib/python3.12/dist-packages/torch/lib/libtorch_cpu.so)
frame #4: c10d::TCPStore::check(std::vector<std::__cxx11::basic_string<char, std::char_traits<char>, std::allocator<char> >, std::allocator<std::__cxx11::basic_string<char, std::char_traits<char>, std::allocator<char> > > > const&) + 0x30e (0x73ea064ca26e in /usr/local/lib/python3.12/dist-packages/torch/lib/libtorch_cpu.so)
frame #5: c10d::ProcessGroupNCCL::HeartbeatMonitor::runLoop() + 0x3c8 (0x73e9c5049868 in /usr/local/lib/python3.12/dist-packages/torch/lib/libtorch_cuda.so)
frame #6: <unknown function> + 0xecdb4 (0x73ea2670adb4 in /lib/x86_64-linux-gnu/libstdc++.so.6)
frame #7: <unknown function> + 0x9caa4 (0x73ea29189aa4 in /lib/x86_64-linux-gnu/libc.so.6)
frame #8: __clone + 0x44 (0x73ea29216a64 in /lib/x86_64-linux-gnu/libc.so.6)

[rank7]:[W421 05:05:09.779835232 ProcessGroupNCCL.cpp:1771] [PG ID 0 PG GUID 0(default_pg) Rank 7] Failed to check the "should dump" flag on TCPStore, (maybe TCPStore server has shut down too early), with error: Broken pipe
[rank5]:[W421 05:05:10.869102472 TCPStore.cpp:106] [c10d] sendBytes failed on SocketImpl(fd=90, addr=[8f9e71dd3259]:34814, remote=[8f9e71dd3259]:42409): Broken pipe
Exception raised from sendBytes at /pytorch/torch/csrc/distributed/c10d/Utils.hpp:653 (most recent call first):
frame #0: c10::Error::Error(c10::SourceLocation, std::__cxx11::basic_string<char, std::char_traits<char>, std::allocator<char> >) + 0x80 (0x7c605f57cb80 in /usr/local/lib/python3.12/dist-packages/torch/lib/libc10.so)
frame #1: <unknown function> + 0x5ffc5b1 (0x7c60428cd5b1 in /usr/local/lib/python3.12/dist-packages/torch/lib/libtorch_cpu.so)
frame #2: <unknown function> + 0x5ffce42 (0x7c60428cde42 in /usr/local/lib/python3.12/dist-packages/torch/lib/libtorch_cpu.so)
frame #3: <unknown function> + 0x5ffe94e (0x7c60428cf94e in /usr/local/lib/python3.12/dist-packages/torch/lib/libtorch_cpu.so)
frame #4: c10d::TCPStore::check(std::vector<std::__cxx11::basic_string<char, std::char_traits<char>, std::allocator<char> >, std::allocator<std::__cxx11::basic_string<char, std::char_traits<char>, std::allocator<char> > > > const&) + 0x30e (0x7c60428ca26e in /usr/local/lib/python3.12/dist-packages/torch/lib/libtorch_cpu.so)
frame #5: c10d::ProcessGroupNCCL::HeartbeatMonitor::runLoop() + 0x3c8 (0x7c6001449868 in /usr/local/lib/python3.12/dist-packages/torch/lib/libtorch_cuda.so)
frame #6: <unknown function> + 0xecdb4 (0x7c6062b44db4 in /lib/x86_64-linux-gnu/libstdc++.so.6)
frame #7: <unknown function> + 0x9caa4 (0x7c60655c3aa4 in /lib/x86_64-linux-gnu/libc.so.6)
frame #8: __clone + 0x44 (0x7c6065650a64 in /lib/x86_64-linux-gnu/libc.so.6)

[rank5]:[W421 05:05:10.882031196 ProcessGroupNCCL.cpp:1771] [PG ID 0 PG GUID 0(default_pg) Rank 5] Failed to check the "should dump" flag on TCPStore, (maybe TCPStore server has shut down too early), with error: Broken pipe
[rank3]:[W421 05:05:10.966435977 TCPStore.cpp:106] [c10d] sendBytes failed on SocketImpl(fd=90, addr=[8f9e71dd3259]:34820, remote=[8f9e71dd3259]:42409): Broken pipe
Exception raised from sendBytes at /pytorch/torch/csrc/distributed/c10d/Utils.hpp:653 (most recent call first):
frame #0: c10::Error::Error(c10::SourceLocation, std::__cxx11::basic_string<char, std::char_traits<char>, std::allocator<char> >) + 0x80 (0x7def52b7cb80 in /usr/local/lib/python3.12/dist-packages/torch/lib/libc10.so)
frame #1: <unknown function> + 0x5ffc5b1 (0x7def35ecd5b1 in /usr/local/lib/python3.12/dist-packages/torch/lib/libtorch_cpu.so)
frame #2: <unknown function> + 0x5ffce42 (0x7def35ecde42 in /usr/local/lib/python3.12/dist-packages/torch/lib/libtorch_cpu.so)
frame #3: <unknown function> + 0x5ffe94e (0x7def35ecf94e in /usr/local/lib/python3.12/dist-packages/torch/lib/libtorch_cpu.so)
frame #4: c10d::TCPStore::check(std::vector<std::__cxx11::basic_string<char, std::char_traits<char>, std::allocator<char> >, std::allocator<std::__cxx11::basic_string<char, std::char_traits<char>, std::allocator<char> > > > const&) + 0x30e (0x7def35eca26e in /usr/local/lib/python3.12/dist-packages/torch/lib/libtorch_cpu.so)
frame #5: c10d::ProcessGroupNCCL::HeartbeatMonitor::runLoop() + 0x3c8 (0x7deef4a49868 in /usr/local/lib/python3.12/dist-packages/torch/lib/libtorch_cuda.so)
frame #6: <unknown function> + 0xecdb4 (0x7def56100db4 in /lib/x86_64-linux-gnu/libstdc++.so.6)
frame #7: <unknown function> + 0x9caa4 (0x7def58b7faa4 in /lib/x86_64-linux-gnu/libc.so.6)
frame #8: __clone + 0x44 (0x7def58c0ca64 in /lib/x86_64-linux-gnu/libc.so.6)

[rank3]:[W421 05:05:10.979396546 ProcessGroupNCCL.cpp:1771] [PG ID 0 PG GUID 0(default_pg) Rank 3] Failed to check the "should dump" flag on TCPStore, (maybe TCPStore server has shut down too early), with error: Broken pipe
[rank6]:[W421 05:05:10.047673830 TCPStore.cpp:106] [c10d] sendBytes failed on SocketImpl(fd=90, addr=[8f9e71dd3259]:34828, remote=[8f9e71dd3259]:42409): Broken pipe
Exception raised from sendBytes at /pytorch/torch/csrc/distributed/c10d/Utils.hpp:653 (most recent call first):
frame #0: c10::Error::Error(c10::SourceLocation, std::__cxx11::basic_string<char, std::char_traits<char>, std::allocator<char> >) + 0x80 (0x77ca19b92b80 in /usr/local/lib/python3.12/dist-packages/torch/lib/libc10.so)
frame #1: <unknown function> + 0x5ffc5b1 (0x77c9fcacd5b1 in /usr/local/lib/python3.12/dist-packages/torch/lib/libtorch_cpu.so)
frame #2: <unknown function> + 0x5ffce42 (0x77c9fcacde42 in /usr/local/lib/python3.12/dist-packages/torch/lib/libtorch_cpu.so)
frame #3: <unknown function> + 0x5ffe94e (0x77c9fcacf94e in /usr/local/lib/python3.12/dist-packages/torch/lib/libtorch_cpu.so)
frame #4: c10d::TCPStore::check(std::vector<std::__cxx11::basic_string<char, std::char_traits<char>, std::allocator<char> >, std::allocator<std::__cxx11::basic_string<char, std::char_traits<char>, std::allocator<char> > > > const&) + 0x30e (0x77c9fcaca26e in /usr/local/lib/python3.12/dist-packages/torch/lib/libtorch_cpu.so)
frame #5: c10d::ProcessGroupNCCL::HeartbeatMonitor::runLoop() + 0x3c8 (0x77c9bb649868 in /usr/local/lib/python3.12/dist-packages/torch/lib/libtorch_cuda.so)
frame #6: <unknown function> + 0xecdb4 (0x77ca1cd97db4 in /lib/x86_64-linux-gnu/libstdc++.so.6)
frame #7: <unknown function> + 0x9caa4 (0x77ca1f816aa4 in /lib/x86_64-linux-gnu/libc.so.6)
frame #8: __clone + 0x44 (0x77ca1f8a3a64 in /lib/x86_64-linux-gnu/libc.so.6)

[rank6]:[W421 05:05:10.060649628 ProcessGroupNCCL.cpp:1771] [PG ID 0 PG GUID 0(default_pg) Rank 6] Failed to check the "should dump" flag on TCPStore, (maybe TCPStore server has shut down too early), with error: Broken pipe
[rank4]:[W421 05:05:10.658820826 TCPStore.cpp:106] [c10d] sendBytes failed on SocketImpl(fd=90, addr=[8f9e71dd3259]:34834, remote=[8f9e71dd3259]:42409): Broken pipe
Exception raised from sendBytes at /pytorch/torch/csrc/distributed/c10d/Utils.hpp:653 (most recent call first):
frame #0: c10::Error::Error(c10::SourceLocation, std::__cxx11::basic_string<char, std::char_traits<char>, std::allocator<char> >) + 0x80 (0x7b1211392b80 in /usr/local/lib/python3.12/dist-packages/torch/lib/libc10.so)
frame #1: <unknown function> + 0x5ffc5b1 (0x7b11f42cd5b1 in /usr/local/lib/python3.12/dist-packages/torch/lib/libtorch_cpu.so)
frame #2: <unknown function> + 0x5ffce42 (0x7b11f42cde42 in /usr/local/lib/python3.12/dist-packages/torch/lib/libtorch_cpu.so)
frame #3: <unknown function> + 0x5ffe94e (0x7b11f42cf94e in /usr/local/lib/python3.12/dist-packages/torch/lib/libtorch_cpu.so)
frame #4: c10d::TCPStore::check(std::vector<std::__cxx11::basic_string<char, std::char_traits<char>, std::allocator<char> >, std::allocator<std::__cxx11::basic_string<char, std::char_traits<char>, std::allocator<char> > > > const&) + 0x30e (0x7b11f42ca26e in /usr/local/lib/python3.12/dist-packages/torch/lib/libtorch_cpu.so)
frame #5: c10d::ProcessGroupNCCL::HeartbeatMonitor::runLoop() + 0x3c8 (0x7b11b2e49868 in /usr/local/lib/python3.12/dist-packages/torch/lib/libtorch_cuda.so)
frame #6: <unknown function> + 0xecdb4 (0x7b121458ddb4 in /lib/x86_64-linux-gnu/libstdc++.so.6)
frame #7: <unknown function> + 0x9caa4 (0x7b121700caa4 in /lib/x86_64-linux-gnu/libc.so.6)
frame #8: __clone + 0x44 (0x7b1217099a64 in /lib/x86_64-linux-gnu/libc.so.6)

[rank4]:[W421 05:05:10.671532580 ProcessGroupNCCL.cpp:1771] [PG ID 0 PG GUID 0(default_pg) Rank 4] Failed to check the "should dump" flag on TCPStore, (maybe TCPStore server has shut down too early), with error: Broken pipe
[rank0]:[W421 05:05:10.759339409 TCPStore.cpp:106] [c10d] sendBytes failed on SocketImpl(fd=90, addr=[8f9e71dd3259]:34854, remote=[8f9e71dd3259]:42409): Broken pipe
Exception raised from sendBytes at /pytorch/torch/csrc/distributed/c10d/Utils.hpp:653 (most recent call first):
frame #0: c10::Error::Error(c10::SourceLocation, std::__cxx11::basic_string<char, std::char_traits<char>, std::allocator<char> >) + 0x80 (0x7c8c8677cb80 in /usr/local/lib/python3.12/dist-packages/torch/lib/libc10.so)
frame #1: <unknown function> + 0x5ffc5b1 (0x7c8c69acd5b1 in /usr/local/lib/python3.12/dist-packages/torch/lib/libtorch_cpu.so)
frame #2: <unknown function> + 0x5ffce42 (0x7c8c69acde42 in /usr/local/lib/python3.12/dist-packages/torch/lib/libtorch_cpu.so)
frame #3: <unknown function> + 0x5ffe94e (0x7c8c69acf94e in /usr/local/lib/python3.12/dist-packages/torch/lib/libtorch_cpu.so)
frame #4: c10d::TCPStore::check(std::vector<std::__cxx11::basic_string<char, std::char_traits<char>, std::allocator<char> >, std::allocator<std::__cxx11::basic_string<char, std::char_traits<char>, std::allocator<char> > > > const&) + 0x30e (0x7c8c69aca26e in /usr/local/lib/python3.12/dist-packages/torch/lib/libtorch_cpu.so)
frame #5: c10d::ProcessGroupNCCL::HeartbeatMonitor::runLoop() + 0x3c8 (0x7c8c28649868 in /usr/local/lib/python3.12/dist-packages/torch/lib/libtorch_cuda.so)
frame #6: <unknown function> + 0xecdb4 (0x7c8c89d10db4 in /lib/x86_64-linux-gnu/libstdc++.so.6)
frame #7: <unknown function> + 0x9caa4 (0x7c8c8c78faa4 in /lib/x86_64-linux-gnu/libc.so.6)
frame #8: __clone + 0x44 (0x7c8c8c81ca64 in /lib/x86_64-linux-gnu/libc.so.6)

[rank0]:[W421 05:05:10.772203239 ProcessGroupNCCL.cpp:1771] [PG ID 0 PG GUID 0(default_pg) Rank 0] Failed to check the "should dump" flag on TCPStore, (maybe TCPStore server has shut down too early), with error: Broken pipe
[rank1]:[W421 05:05:10.768273197 TCPStore.cpp:106] [c10d] sendBytes failed on SocketImpl(fd=90, addr=[8f9e71dd3259]:34844, remote=[8f9e71dd3259]:42409): Broken pipe
Exception raised from sendBytes at /pytorch/torch/csrc/distributed/c10d/Utils.hpp:653 (most recent call first):
frame #0: c10::Error::Error(c10::SourceLocation, std::__cxx11::basic_string<char, std::char_traits<char>, std::allocator<char> >) + 0x80 (0x71a805570b80 in /usr/local/lib/python3.12/dist-packages/torch/lib/libc10.so)
frame #1: <unknown function> + 0x5ffc5b1 (0x71a8478cd5b1 in /usr/local/lib/python3.12/dist-packages/torch/lib/libtorch_cpu.so)
frame #2: <unknown function> + 0x5ffce42 (0x71a8478cde42 in /usr/local/lib/python3.12/dist-packages/torch/lib/libtorch_cpu.so)
frame #3: <unknown function> + 0x5ffe94e (0x71a8478cf94e in /usr/local/lib/python3.12/dist-packages/torch/lib/libtorch_cpu.so)
frame #4: c10d::TCPStore::check(std::vector<std::__cxx11::basic_string<char, std::char_traits<char>, std::allocator<char> >, std::allocator<std::__cxx11::basic_string<char, std::char_traits<char>, std::allocator<char> > > > const&) + 0x30e (0x71a8478ca26e in /usr/local/lib/python3.12/dist-packages/torch/lib/libtorch_cpu.so)
frame #5: c10d::ProcessGroupNCCL::HeartbeatMonitor::runLoop() + 0x3c8 (0x71a806449868 in /usr/local/lib/python3.12/dist-packages/torch/lib/libtorch_cuda.so)
frame #6: <unknown function> + 0xecdb4 (0x71a867a0cdb4 in /lib/x86_64-linux-gnu/libstdc++.so.6)
frame #7: <unknown function> + 0x9caa4 (0x71a86a48baa4 in /lib/x86_64-linux-gnu/libc.so.6)
frame #8: __clone + 0x44 (0x71a86a518a64 in /lib/x86_64-linux-gnu/libc.so.6)

[rank1]:[W421 05:05:10.781021266 ProcessGroupNCCL.cpp:1771] [PG ID 0 PG GUID 0(default_pg) Rank 1] Failed to check the "should dump" flag on TCPStore, (maybe TCPStore server has shut down too early), with error: Broken pipe
[rank2]:[W421 05:05:10.770446047 TCPStore.cpp:106] [c10d] sendBytes failed on SocketImpl(fd=90, addr=[8f9e71dd3259]:34868, remote=[8f9e71dd3259]:42409): Broken pipe
Exception raised from sendBytes at /pytorch/torch/csrc/distributed/c10d/Utils.hpp:653 (most recent call first):
frame #0: c10::Error::Error(c10::SourceLocation, std::__cxx11::basic_string<char, std::char_traits<char>, std::allocator<char> >) + 0x80 (0x7676c2970b80 in /usr/local/lib/python3.12/dist-packages/torch/lib/libc10.so)
frame #1: <unknown function> + 0x5ffc5b1 (0x767704ccd5b1 in /usr/local/lib/python3.12/dist-packages/torch/lib/libtorch_cpu.so)
frame #2: <unknown function> + 0x5ffce42 (0x767704ccde42 in /usr/local/lib/python3.12/dist-packages/torch/lib/libtorch_cpu.so)
frame #3: <unknown function> + 0x5ffe94e (0x767704ccf94e in /usr/local/lib/python3.12/dist-packages/torch/lib/libtorch_cpu.so)
frame #4: c10d::TCPStore::check(std::vector<std::__cxx11::basic_string<char, std::char_traits<char>, std::allocator<char> >, std::allocator<std::__cxx11::basic_string<char, std::char_traits<char>, std::allocator<char> > > > const&) + 0x30e (0x767704cca26e in /usr/local/lib/python3.12/dist-packages/torch/lib/libtorch_cpu.so)
frame #5: c10d::ProcessGroupNCCL::HeartbeatMonitor::runLoop() + 0x3c8 (0x7676c3849868 in /usr/local/lib/python3.12/dist-packages/torch/lib/libtorch_cuda.so)
frame #6: <unknown function> + 0xecdb4 (0x767724e02db4 in /lib/x86_64-linux-gnu/libstdc++.so.6)
frame #7: <unknown function> + 0x9caa4 (0x767727881aa4 in /lib/x86_64-linux-gnu/libc.so.6)
frame #8: __clone + 0x44 (0x76772790ea64 in /lib/x86_64-linux-gnu/libc.so.6)

[rank2]:[W421 05:05:10.783324023 ProcessGroupNCCL.cpp:1771] [PG ID 0 PG GUID 0(default_pg) Rank 2] Failed to check the "should dump" flag on TCPStore, (maybe TCPStore server has shut down too early), with error: Broken pipe
[rank7]:[W421 05:05:10.779931753 TCPStore.cpp:106] [c10d] sendBytes failed on SocketImpl(fd=90, addr=[8f9e71dd3259]:34862, remote=[8f9e71dd3259]:42409): Broken pipe
Exception raised from sendBytes at /pytorch/torch/csrc/distributed/c10d/Utils.hpp:653 (most recent call first):
frame #0: c10::Error::Error(c10::SourceLocation, std::__cxx11::basic_string<char, std::char_traits<char>, std::allocator<char> >) + 0x80 (0x73ea2317cb80 in /usr/local/lib/python3.12/dist-packages/torch/lib/libc10.so)
frame #1: <unknown function> + 0x5ffc5b1 (0x73ea064cd5b1 in /usr/local/lib/python3.12/dist-packages/torch/lib/libtorch_cpu.so)
frame #2: <unknown function> + 0x5ffce42 (0x73ea064cde42 in /usr/local/lib/python3.12/dist-packages/torch/lib/libtorch_cpu.so)
frame #3: <unknown function> + 0x5ffe94e (0x73ea064cf94e in /usr/local/lib/python3.12/dist-packages/torch/lib/libtorch_cpu.so)
frame #4: c10d::TCPStore::check(std::vector<std::__cxx11::basic_string<char, std::char_traits<char>, std::allocator<char> >, std::allocator<std::__cxx11::basic_string<char, std::char_traits<char>, std::allocator<char> > > > const&) + 0x30e (0x73ea064ca26e in /usr/local/lib/python3.12/dist-packages/torch/lib/libtorch_cpu.so)
frame #5: c10d::ProcessGroupNCCL::HeartbeatMonitor::runLoop() + 0x3c8 (0x73e9c5049868 in /usr/local/lib/python3.12/dist-packages/torch/lib/libtorch_cuda.so)
frame #6: <unknown function> + 0xecdb4 (0x73ea2670adb4 in /lib/x86_64-linux-gnu/libstdc++.so.6)
frame #7: <unknown function> + 0x9caa4 (0x73ea29189aa4 in /lib/x86_64-linux-gnu/libc.so.6)
frame #8: __clone + 0x44 (0x73ea29216a64 in /lib/x86_64-linux-gnu/libc.so.6)

[rank7]:[W421 05:05:11.792798233 ProcessGroupNCCL.cpp:1771] [PG ID 0 PG GUID 0(default_pg) Rank 7] Failed to check the "should dump" flag on TCPStore, (maybe TCPStore server has shut down too early), with error: Broken pipe
[rank5]:[W421 05:05:11.882118383 TCPStore.cpp:106] [c10d] sendBytes failed on SocketImpl(fd=90, addr=[8f9e71dd3259]:34814, remote=[8f9e71dd3259]:42409): Broken pipe
Exception raised from sendBytes at /pytorch/torch/csrc/distributed/c10d/Utils.hpp:653 (most recent call first):
frame #0: c10::Error::Error(c10::SourceLocation, std::__cxx11::basic_string<char, std::char_traits<char>, std::allocator<char> >) + 0x80 (0x7c605f57cb80 in /usr/local/lib/python3.12/dist-packages/torch/lib/libc10.so)
frame #1: <unknown function> + 0x5ffc5b1 (0x7c60428cd5b1 in /usr/local/lib/python3.12/dist-packages/torch/lib/libtorch_cpu.so)
frame #2: <unknown function> + 0x5ffce42 (0x7c60428cde42 in /usr/local/lib/python3.12/dist-packages/torch/lib/libtorch_cpu.so)
frame #3: <unknown function> + 0x5ffe94e (0x7c60428cf94e in /usr/local/lib/python3.12/dist-packages/torch/lib/libtorch_cpu.so)
frame #4: c10d::TCPStore::check(std::vector<std::__cxx11::basic_string<char, std::char_traits<char>, std::allocator<char> >, std::allocator<std::__cxx11::basic_string<char, std::char_traits<char>, std::allocator<char> > > > const&) + 0x30e (0x7c60428ca26e in /usr/local/lib/python3.12/dist-packages/torch/lib/libtorch_cpu.so)
frame #5: c10d::ProcessGroupNCCL::HeartbeatMonitor::runLoop() + 0x3c8 (0x7c6001449868 in /usr/local/lib/python3.12/dist-packages/torch/lib/libtorch_cuda.so)
frame #6: <unknown function> + 0xecdb4 (0x7c6062b44db4 in /lib/x86_64-linux-gnu/libstdc++.so.6)
frame #7: <unknown function> + 0x9caa4 (0x7c60655c3aa4 in /lib/x86_64-linux-gnu/libc.so.6)
frame #8: __clone + 0x44 (0x7c6065650a64 in /lib/x86_64-linux-gnu/libc.so.6)

[rank5]:[W421 05:05:11.894933613 ProcessGroupNCCL.cpp:1771] [PG ID 0 PG GUID 0(default_pg) Rank 5] Failed to check the "should dump" flag on TCPStore, (maybe TCPStore server has shut down too early), with error: Broken pipe
[rank3]:[W421 05:05:11.979516821 TCPStore.cpp:106] [c10d] sendBytes failed on SocketImpl(fd=90, addr=[8f9e71dd3259]:34820, remote=[8f9e71dd3259]:42409): Broken pipe
Exception raised from sendBytes at /pytorch/torch/csrc/distributed/c10d/Utils.hpp:653 (most recent call first):
frame #0: c10::Error::Error(c10::SourceLocation, std::__cxx11::basic_string<char, std::char_traits<char>, std::allocator<char> >) + 0x80 (0x7def52b7cb80 in /usr/local/lib/python3.12/dist-packages/torch/lib/libc10.so)
frame #1: <unknown function> + 0x5ffc5b1 (0x7def35ecd5b1 in /usr/local/lib/python3.12/dist-packages/torch/lib/libtorch_cpu.so)
frame #2: <unknown function> + 0x5ffce42 (0x7def35ecde42 in /usr/local/lib/python3.12/dist-packages/torch/lib/libtorch_cpu.so)
frame #3: <unknown function> + 0x5ffe94e (0x7def35ecf94e in /usr/local/lib/python3.12/dist-packages/torch/lib/libtorch_cpu.so)
frame #4: c10d::TCPStore::check(std::vector<std::__cxx11::basic_string<char, std::char_traits<char>, std::allocator<char> >, std::allocator<std::__cxx11::basic_string<char, std::char_traits<char>, std::allocator<char> > > > const&) + 0x30e (0x7def35eca26e in /usr/local/lib/python3.12/dist-packages/torch/lib/libtorch_cpu.so)
frame #5: c10d::ProcessGroupNCCL::HeartbeatMonitor::runLoop() + 0x3c8 (0x7deef4a49868 in /usr/local/lib/python3.12/dist-packages/torch/lib/libtorch_cuda.so)
frame #6: <unknown function> + 0xecdb4 (0x7def56100db4 in /lib/x86_64-linux-gnu/libstdc++.so.6)
frame #7: <unknown function> + 0x9caa4 (0x7def58b7faa4 in /lib/x86_64-linux-gnu/libc.so.6)
frame #8: __clone + 0x44 (0x7def58c0ca64 in /lib/x86_64-linux-gnu/libc.so.6)

[rank3]:[W421 05:05:11.992545809 ProcessGroupNCCL.cpp:1771] [PG ID 0 PG GUID 0(default_pg) Rank 3] Failed to check the "should dump" flag on TCPStore, (maybe TCPStore server has shut down too early), with error: Broken pipe
[rank6]:[W421 05:05:11.060785889 TCPStore.cpp:106] [c10d] sendBytes failed on SocketImpl(fd=90, addr=[8f9e71dd3259]:34828, remote=[8f9e71dd3259]:42409): Broken pipe
Exception raised from sendBytes at /pytorch/torch/csrc/distributed/c10d/Utils.hpp:653 (most recent call first):
frame #0: c10::Error::Error(c10::SourceLocation, std::__cxx11::basic_string<char, std::char_traits<char>, std::allocator<char> >) + 0x80 (0x77ca19b92b80 in /usr/local/lib/python3.12/dist-packages/torch/lib/libc10.so)
frame #1: <unknown function> + 0x5ffc5b1 (0x77c9fcacd5b1 in /usr/local/lib/python3.12/dist-packages/torch/lib/libtorch_cpu.so)
frame #2: <unknown function> + 0x5ffce42 (0x77c9fcacde42 in /usr/local/lib/python3.12/dist-packages/torch/lib/libtorch_cpu.so)
frame #3: <unknown function> + 0x5ffe94e (0x77c9fcacf94e in /usr/local/lib/python3.12/dist-packages/torch/lib/libtorch_cpu.so)
frame #4: c10d::TCPStore::check(std::vector<std::__cxx11::basic_string<char, std::char_traits<char>, std::allocator<char> >, std::allocator<std::__cxx11::basic_string<char, std::char_traits<char>, std::allocator<char> > > > const&) + 0x30e (0x77c9fcaca26e in /usr/local/lib/python3.12/dist-packages/torch/lib/libtorch_cpu.so)
frame #5: c10d::ProcessGroupNCCL::HeartbeatMonitor::runLoop() + 0x3c8 (0x77c9bb649868 in /usr/local/lib/python3.12/dist-packages/torch/lib/libtorch_cuda.so)
frame #6: <unknown function> + 0xecdb4 (0x77ca1cd97db4 in /lib/x86_64-linux-gnu/libstdc++.so.6)
frame #7: <unknown function> + 0x9caa4 (0x77ca1f816aa4 in /lib/x86_64-linux-gnu/libc.so.6)
frame #8: __clone + 0x44 (0x77ca1f8a3a64 in /lib/x86_64-linux-gnu/libc.so.6)

[rank6]:[W421 05:05:11.073769106 ProcessGroupNCCL.cpp:1771] [PG ID 0 PG GUID 0(default_pg) Rank 6] Failed to check the "should dump" flag on TCPStore, (maybe TCPStore server has shut down too early), with error: Broken pipe
[rank4]:[W421 05:05:11.671625505 TCPStore.cpp:106] [c10d] sendBytes failed on SocketImpl(fd=90, addr=[8f9e71dd3259]:34834, remote=[8f9e71dd3259]:42409): Broken pipe
Exception raised from sendBytes at /pytorch/torch/csrc/distributed/c10d/Utils.hpp:653 (most recent call first):
frame #0: c10::Error::Error(c10::SourceLocation, std::__cxx11::basic_string<char, std::char_traits<char>, std::allocator<char> >) + 0x80 (0x7b1211392b80 in /usr/local/lib/python3.12/dist-packages/torch/lib/libc10.so)
frame #1: <unknown function> + 0x5ffc5b1 (0x7b11f42cd5b1 in /usr/local/lib/python3.12/dist-packages/torch/lib/libtorch_cpu.so)
frame #2: <unknown function> + 0x5ffce42 (0x7b11f42cde42 in /usr/local/lib/python3.12/dist-packages/torch/lib/libtorch_cpu.so)
frame #3: <unknown function> + 0x5ffe94e (0x7b11f42cf94e in /usr/local/lib/python3.12/dist-packages/torch/lib/libtorch_cpu.so)
frame #4: c10d::TCPStore::check(std::vector<std::__cxx11::basic_string<char, std::char_traits<char>, std::allocator<char> >, std::allocator<std::__cxx11::basic_string<char, std::char_traits<char>, std::allocator<char> > > > const&) + 0x30e (0x7b11f42ca26e in /usr/local/lib/python3.12/dist-packages/torch/lib/libtorch_cpu.so)
frame #5: c10d::ProcessGroupNCCL::HeartbeatMonitor::runLoop() + 0x3c8 (0x7b11b2e49868 in /usr/local/lib/python3.12/dist-packages/torch/lib/libtorch_cuda.so)
frame #6: <unknown function> + 0xecdb4 (0x7b121458ddb4 in /lib/x86_64-linux-gnu/libstdc++.so.6)
frame #7: <unknown function> + 0x9caa4 (0x7b121700caa4 in /lib/x86_64-linux-gnu/libc.so.6)
frame #8: __clone + 0x44 (0x7b1217099a64 in /lib/x86_64-linux-gnu/libc.so.6)

[rank4]:[W421 05:05:11.684515111 ProcessGroupNCCL.cpp:1771] [PG ID 0 PG GUID 0(default_pg) Rank 4] Failed to check the "should dump" flag on TCPStore, (maybe TCPStore server has shut down too early), with error: Broken pipe
[rank0]:[W421 05:05:11.772310807 TCPStore.cpp:106] [c10d] sendBytes failed on SocketImpl(fd=90, addr=[8f9e71dd3259]:34854, remote=[8f9e71dd3259]:42409): Broken pipe
Exception raised from sendBytes at /pytorch/torch/csrc/distributed/c10d/Utils.hpp:653 (most recent call first):
frame #0: c10::Error::Error(c10::SourceLocation, std::__cxx11::basic_string<char, std::char_traits<char>, std::allocator<char> >) + 0x80 (0x7c8c8677cb80 in /usr/local/lib/python3.12/dist-packages/torch/lib/libc10.so)
frame #1: <unknown function> + 0x5ffc5b1 (0x7c8c69acd5b1 in /usr/local/lib/python3.12/dist-packages/torch/lib/libtorch_cpu.so)
frame #2: <unknown function> + 0x5ffce42 (0x7c8c69acde42 in /usr/local/lib/python3.12/dist-packages/torch/lib/libtorch_cpu.so)
frame #3: <unknown function> + 0x5ffe94e (0x7c8c69acf94e in /usr/local/lib/python3.12/dist-packages/torch/lib/libtorch_cpu.so)
frame #4: c10d::TCPStore::check(std::vector<std::__cxx11::basic_string<char, std::char_traits<char>, std::allocator<char> >, std::allocator<std::__cxx11::basic_string<char, std::char_traits<char>, std::allocator<char> > > > const&) + 0x30e (0x7c8c69aca26e in /usr/local/lib/python3.12/dist-packages/torch/lib/libtorch_cpu.so)
frame #5: c10d::ProcessGroupNCCL::HeartbeatMonitor::runLoop() + 0x3c8 (0x7c8c28649868 in /usr/local/lib/python3.12/dist-packages/torch/lib/libtorch_cuda.so)
frame #6: <unknown function> + 0xecdb4 (0x7c8c89d10db4 in /lib/x86_64-linux-gnu/libstdc++.so.6)
frame #7: <unknown function> + 0x9caa4 (0x7c8c8c78faa4 in /lib/x86_64-linux-gnu/libc.so.6)
frame #8: __clone + 0x44 (0x7c8c8c81ca64 in /lib/x86_64-linux-gnu/libc.so.6)

[rank0]:[W421 05:05:11.785251586 ProcessGroupNCCL.cpp:1771] [PG ID 0 PG GUID 0(default_pg) Rank 0] Failed to check the "should dump" flag on TCPStore, (maybe TCPStore server has shut down too early), with error: Broken pipe
[rank1]:[W421 05:05:11.781122061 TCPStore.cpp:106] [c10d] sendBytes failed on SocketImpl(fd=90, addr=[8f9e71dd3259]:34844, remote=[8f9e71dd3259]:42409): Broken pipe
Exception raised from sendBytes at /pytorch/torch/csrc/distributed/c10d/Utils.hpp:653 (most recent call first):
frame #0: c10::Error::Error(c10::SourceLocation, std::__cxx11::basic_string<char, std::char_traits<char>, std::allocator<char> >) + 0x80 (0x71a805570b80 in /usr/local/lib/python3.12/dist-packages/torch/lib/libc10.so)
frame #1: <unknown function> + 0x5ffc5b1 (0x71a8478cd5b1 in /usr/local/lib/python3.12/dist-packages/torch/lib/libtorch_cpu.so)
frame #2: <unknown function> + 0x5ffce42 (0x71a8478cde42 in /usr/local/lib/python3.12/dist-packages/torch/lib/libtorch_cpu.so)
frame #3: <unknown function> + 0x5ffe94e (0x71a8478cf94e in /usr/local/lib/python3.12/dist-packages/torch/lib/libtorch_cpu.so)
frame #4: c10d::TCPStore::check(std::vector<std::__cxx11::basic_string<char, std::char_traits<char>, std::allocator<char> >, std::allocator<std::__cxx11::basic_string<char, std::char_traits<char>, std::allocator<char> > > > const&) + 0x30e (0x71a8478ca26e in /usr/local/lib/python3.12/dist-packages/torch/lib/libtorch_cpu.so)
frame #5: c10d::ProcessGroupNCCL::HeartbeatMonitor::runLoop() + 0x3c8 (0x71a806449868 in /usr/local/lib/python3.12/dist-packages/torch/lib/libtorch_cuda.so)
frame #6: <unknown function> + 0xecdb4 (0x71a867a0cdb4 in /lib/x86_64-linux-gnu/libstdc++.so.6)
frame #7: <unknown function> + 0x9caa4 (0x71a86a48baa4 in /lib/x86_64-linux-gnu/libc.so.6)
frame #8: __clone + 0x44 (0x71a86a518a64 in /lib/x86_64-linux-gnu/libc.so.6)

[rank1]:[W421 05:05:12.794154539 ProcessGroupNCCL.cpp:1771] [PG ID 0 PG GUID 0(default_pg) Rank 1] Failed to check the "should dump" flag on TCPStore, (maybe TCPStore server has shut down too early), with error: Broken pipe
[rank2]:[W421 05:05:11.783450687 TCPStore.cpp:106] [c10d] sendBytes failed on SocketImpl(fd=90, addr=[8f9e71dd3259]:34868, remote=[8f9e71dd3259]:42409): Broken pipe
Exception raised from sendBytes at /pytorch/torch/csrc/distributed/c10d/Utils.hpp:653 (most recent call first):
frame #0: c10::Error::Error(c10::SourceLocation, std::__cxx11::basic_string<char, std::char_traits<char>, std::allocator<char> >) + 0x80 (0x7676c2970b80 in /usr/local/lib/python3.12/dist-packages/torch/lib/libc10.so)
frame #1: <unknown function> + 0x5ffc5b1 (0x767704ccd5b1 in /usr/local/lib/python3.12/dist-packages/torch/lib/libtorch_cpu.so)
frame #2: <unknown function> + 0x5ffce42 (0x767704ccde42 in /usr/local/lib/python3.12/dist-packages/torch/lib/libtorch_cpu.so)
frame #3: <unknown function> + 0x5ffe94e (0x767704ccf94e in /usr/local/lib/python3.12/dist-packages/torch/lib/libtorch_cpu.so)
frame #4: c10d::TCPStore::check(std::vector<std::__cxx11::basic_string<char, std::char_traits<char>, std::allocator<char> >, std::allocator<std::__cxx11::basic_string<char, std::char_traits<char>, std::allocator<char> > > > const&) + 0x30e (0x767704cca26e in /usr/local/lib/python3.12/dist-packages/torch/lib/libtorch_cpu.so)
frame #5: c10d::ProcessGroupNCCL::HeartbeatMonitor::runLoop() + 0x3c8 (0x7676c3849868 in /usr/local/lib/python3.12/dist-packages/torch/lib/libtorch_cuda.so)
frame #6: <unknown function> + 0xecdb4 (0x767724e02db4 in /lib/x86_64-linux-gnu/libstdc++.so.6)
frame #7: <unknown function> + 0x9caa4 (0x767727881aa4 in /lib/x86_64-linux-gnu/libc.so.6)
frame #8: __clone + 0x44 (0x76772790ea64 in /lib/x86_64-linux-gnu/libc.so.6)

[rank2]:[W421 05:05:12.796344067 ProcessGroupNCCL.cpp:1771] [PG ID 0 PG GUID 0(default_pg) Rank 2] Failed to check the "should dump" flag on TCPStore, (maybe TCPStore server has shut down too early), with error: Broken pipe
[rank7]:[W421 05:05:12.792908665 TCPStore.cpp:106] [c10d] sendBytes failed on SocketImpl(fd=90, addr=[8f9e71dd3259]:34862, remote=[8f9e71dd3259]:42409): Broken pipe
Exception raised from sendBytes at /pytorch/torch/csrc/distributed/c10d/Utils.hpp:653 (most recent call first):
frame #0: c10::Error::Error(c10::SourceLocation, std::__cxx11::basic_string<char, std::char_traits<char>, std::allocator<char> >) + 0x80 (0x73ea2317cb80 in /usr/local/lib/python3.12/dist-packages/torch/lib/libc10.so)
frame #1: <unknown function> + 0x5ffc5b1 (0x73ea064cd5b1 in /usr/local/lib/python3.12/dist-packages/torch/lib/libtorch_cpu.so)
frame #2: <unknown function> + 0x5ffce42 (0x73ea064cde42 in /usr/local/lib/python3.12/dist-packages/torch/lib/libtorch_cpu.so)
frame #3: <unknown function> + 0x5ffe94e (0x73ea064cf94e in /usr/local/lib/python3.12/dist-packages/torch/lib/libtorch_cpu.so)
frame #4: c10d::TCPStore::check(std::vector<std::__cxx11::basic_string<char, std::char_traits<char>, std::allocator<char> >, std::allocator<std::__cxx11::basic_string<char, std::char_traits<char>, std::allocator<char> > > > const&) + 0x30e (0x73ea064ca26e in /usr/local/lib/python3.12/dist-packages/torch/lib/libtorch_cpu.so)
frame #5: c10d::ProcessGroupNCCL::HeartbeatMonitor::runLoop() + 0x3c8 (0x73e9c5049868 in /usr/local/lib/python3.12/dist-packages/torch/lib/libtorch_cuda.so)
frame #6: <unknown function> + 0xecdb4 (0x73ea2670adb4 in /lib/x86_64-linux-gnu/libstdc++.so.6)
frame #7: <unknown function> + 0x9caa4 (0x73ea29189aa4 in /lib/x86_64-linux-gnu/libc.so.6)
frame #8: __clone + 0x44 (0x73ea29216a64 in /lib/x86_64-linux-gnu/libc.so.6)

[rank7]:[W421 05:05:12.805824685 ProcessGroupNCCL.cpp:1771] [PG ID 0 PG GUID 0(default_pg) Rank 7] Failed to check the "should dump" flag on TCPStore, (maybe TCPStore server has shut down too early), with error: Broken pipe
[rank5]:[W421 05:05:12.895063175 TCPStore.cpp:106] [c10d] sendBytes failed on SocketImpl(fd=90, addr=[8f9e71dd3259]:34814, remote=[8f9e71dd3259]:42409): Broken pipe
Exception raised from sendBytes at /pytorch/torch/csrc/distributed/c10d/Utils.hpp:653 (most recent call first):
frame #0: c10::Error::Error(c10::SourceLocation, std::__cxx11::basic_string<char, std::char_traits<char>, std::allocator<char> >) + 0x80 (0x7c605f57cb80 in /usr/local/lib/python3.12/dist-packages/torch/lib/libc10.so)
frame #1: <unknown function> + 0x5ffc5b1 (0x7c60428cd5b1 in /usr/local/lib/python3.12/dist-packages/torch/lib/libtorch_cpu.so)
frame #2: <unknown function> + 0x5ffce42 (0x7c60428cde42 in /usr/local/lib/python3.12/dist-packages/torch/lib/libtorch_cpu.so)
frame #3: <unknown function> + 0x5ffe94e (0x7c60428cf94e in /usr/local/lib/python3.12/dist-packages/torch/lib/libtorch_cpu.so)
frame #4: c10d::TCPStore::check(std::vector<std::__cxx11::basic_string<char, std::char_traits<char>, std::allocator<char> >, std::allocator<std::__cxx11::basic_string<char, std::char_traits<char>, std::allocator<char> > > > const&) + 0x30e (0x7c60428ca26e in /usr/local/lib/python3.12/dist-packages/torch/lib/libtorch_cpu.so)
frame #5: c10d::ProcessGroupNCCL::HeartbeatMonitor::runLoop() + 0x3c8 (0x7c6001449868 in /usr/local/lib/python3.12/dist-packages/torch/lib/libtorch_cuda.so)
frame #6: <unknown function> + 0xecdb4 (0x7c6062b44db4 in /lib/x86_64-linux-gnu/libstdc++.so.6)
frame #7: <unknown function> + 0x9caa4 (0x7c60655c3aa4 in /lib/x86_64-linux-gnu/libc.so.6)
frame #8: __clone + 0x44 (0x7c6065650a64 in /lib/x86_64-linux-gnu/libc.so.6)

[rank5]:[W421 05:05:12.908126075 ProcessGroupNCCL.cpp:1771] [PG ID 0 PG GUID 0(default_pg) Rank 5] Failed to check the "should dump" flag on TCPStore, (maybe TCPStore server has shut down too early), with error: Broken pipe
[rank3]:[W421 05:05:12.992685084 TCPStore.cpp:106] [c10d] sendBytes failed on SocketImpl(fd=90, addr=[8f9e71dd3259]:34820, remote=[8f9e71dd3259]:42409): Broken pipe
Exception raised from sendBytes at /pytorch/torch/csrc/distributed/c10d/Utils.hpp:653 (most recent call first):
frame #0: c10::Error::Error(c10::SourceLocation, std::__cxx11::basic_string<char, std::char_traits<char>, std::allocator<char> >) + 0x80 (0x7def52b7cb80 in /usr/local/lib/python3.12/dist-packages/torch/lib/libc10.so)
frame #1: <unknown function> + 0x5ffc5b1 (0x7def35ecd5b1 in /usr/local/lib/python3.12/dist-packages/torch/lib/libtorch_cpu.so)
frame #2: <unknown function> + 0x5ffce42 (0x7def35ecde42 in /usr/local/lib/python3.12/dist-packages/torch/lib/libtorch_cpu.so)
frame #3: <unknown function> + 0x5ffe94e (0x7def35ecf94e in /usr/local/lib/python3.12/dist-packages/torch/lib/libtorch_cpu.so)
frame #4: c10d::TCPStore::check(std::vector<std::__cxx11::basic_string<char, std::char_traits<char>, std::allocator<char> >, std::allocator<std::__cxx11::basic_string<char, std::char_traits<char>, std::allocator<char> > > > const&) + 0x30e (0x7def35eca26e in /usr/local/lib/python3.12/dist-packages/torch/lib/libtorch_cpu.so)
frame #5: c10d::ProcessGroupNCCL::HeartbeatMonitor::runLoop() + 0x3c8 (0x7deef4a49868 in /usr/local/lib/python3.12/dist-packages/torch/lib/libtorch_cuda.so)
frame #6: <unknown function> + 0xecdb4 (0x7def56100db4 in /lib/x86_64-linux-gnu/libstdc++.so.6)
frame #7: <unknown function> + 0x9caa4 (0x7def58b7faa4 in /lib/x86_64-linux-gnu/libc.so.6)
frame #8: __clone + 0x44 (0x7def58c0ca64 in /lib/x86_64-linux-gnu/libc.so.6)

[rank3]:[W421 05:05:12.005774769 ProcessGroupNCCL.cpp:1771] [PG ID 0 PG GUID 0(default_pg) Rank 3] Failed to check the "should dump" flag on TCPStore, (maybe TCPStore server has shut down too early), with error: Broken pipe
[rank6]:[W421 05:05:12.073906858 TCPStore.cpp:106] [c10d] sendBytes failed on SocketImpl(fd=90, addr=[8f9e71dd3259]:34828, remote=[8f9e71dd3259]:42409): Broken pipe
Exception raised from sendBytes at /pytorch/torch/csrc/distributed/c10d/Utils.hpp:653 (most recent call first):
frame #0: c10::Error::Error(c10::SourceLocation, std::__cxx11::basic_string<char, std::char_traits<char>, std::allocator<char> >) + 0x80 (0x77ca19b92b80 in /usr/local/lib/python3.12/dist-packages/torch/lib/libc10.so)
frame #1: <unknown function> + 0x5ffc5b1 (0x77c9fcacd5b1 in /usr/local/lib/python3.12/dist-packages/torch/lib/libtorch_cpu.so)
frame #2: <unknown function> + 0x5ffce42 (0x77c9fcacde42 in /usr/local/lib/python3.12/dist-packages/torch/lib/libtorch_cpu.so)
frame #3: <unknown function> + 0x5ffe94e (0x77c9fcacf94e in /usr/local/lib/python3.12/dist-packages/torch/lib/libtorch_cpu.so)
frame #4: c10d::TCPStore::check(std::vector<std::__cxx11::basic_string<char, std::char_traits<char>, std::allocator<char> >, std::allocator<std::__cxx11::basic_string<char, std::char_traits<char>, std::allocator<char> > > > const&) + 0x30e (0x77c9fcaca26e in /usr/local/lib/python3.12/dist-packages/torch/lib/libtorch_cpu.so)
frame #5: c10d::ProcessGroupNCCL::HeartbeatMonitor::runLoop() + 0x3c8 (0x77c9bb649868 in /usr/local/lib/python3.12/dist-packages/torch/lib/libtorch_cuda.so)
frame #6: <unknown function> + 0xecdb4 (0x77ca1cd97db4 in /lib/x86_64-linux-gnu/libstdc++.so.6)
frame #7: <unknown function> + 0x9caa4 (0x77ca1f816aa4 in /lib/x86_64-linux-gnu/libc.so.6)
frame #8: __clone + 0x44 (0x77ca1f8a3a64 in /lib/x86_64-linux-gnu/libc.so.6)

[rank6]:[W421 05:05:12.086916414 ProcessGroupNCCL.cpp:1771] [PG ID 0 PG GUID 0(default_pg) Rank 6] Failed to check the "should dump" flag on TCPStore, (maybe TCPStore server has shut down too early), with error: Broken pipe
[rank4]:[W421 05:05:12.684639352 TCPStore.cpp:106] [c10d] sendBytes failed on SocketImpl(fd=90, addr=[8f9e71dd3259]:34834, remote=[8f9e71dd3259]:42409): Broken pipe
Exception raised from sendBytes at /pytorch/torch/csrc/distributed/c10d/Utils.hpp:653 (most recent call first):
frame #0: c10::Error::Error(c10::SourceLocation, std::__cxx11::basic_string<char, std::char_traits<char>, std::allocator<char> >) + 0x80 (0x7b1211392b80 in /usr/local/lib/python3.12/dist-packages/torch/lib/libc10.so)
frame #1: <unknown function> + 0x5ffc5b1 (0x7b11f42cd5b1 in /usr/local/lib/python3.12/dist-packages/torch/lib/libtorch_cpu.so)
frame #2: <unknown function> + 0x5ffce42 (0x7b11f42cde42 in /usr/local/lib/python3.12/dist-packages/torch/lib/libtorch_cpu.so)
frame #3: <unknown function> + 0x5ffe94e (0x7b11f42cf94e in /usr/local/lib/python3.12/dist-packages/torch/lib/libtorch_cpu.so)
frame #4: c10d::TCPStore::check(std::vector<std::__cxx11::basic_string<char, std::char_traits<char>, std::allocator<char> >, std::allocator<std::__cxx11::basic_string<char, std::char_traits<char>, std::allocator<char> > > > const&) + 0x30e (0x7b11f42ca26e in /usr/local/lib/python3.12/dist-packages/torch/lib/libtorch_cpu.so)
frame #5: c10d::ProcessGroupNCCL::HeartbeatMonitor::runLoop() + 0x3c8 (0x7b11b2e49868 in /usr/local/lib/python3.12/dist-packages/torch/lib/libtorch_cuda.so)
frame #6: <unknown function> + 0xecdb4 (0x7b121458ddb4 in /lib/x86_64-linux-gnu/libstdc++.so.6)
frame #7: <unknown function> + 0x9caa4 (0x7b121700caa4 in /lib/x86_64-linux-gnu/libc.so.6)
frame #8: __clone + 0x44 (0x7b1217099a64 in /lib/x86_64-linux-gnu/libc.so.6)

[rank4]:[W421 05:05:12.697704037 ProcessGroupNCCL.cpp:1771] [PG ID 0 PG GUID 0(default_pg) Rank 4] Failed to check the "should dump" flag on TCPStore, (maybe TCPStore server has shut down too early), with error: Broken pipe
[rank0]:[W421 05:05:12.785369926 TCPStore.cpp:106] [c10d] sendBytes failed on SocketImpl(fd=90, addr=[8f9e71dd3259]:34854, remote=[8f9e71dd3259]:42409): Broken pipe
Exception raised from sendBytes at /pytorch/torch/csrc/distributed/c10d/Utils.hpp:653 (most recent call first):
frame #0: c10::Error::Error(c10::SourceLocation, std::__cxx11::basic_string<char, std::char_traits<char>, std::allocator<char> >) + 0x80 (0x7c8c8677cb80 in /usr/local/lib/python3.12/dist-packages/torch/lib/libc10.so)
frame #1: <unknown function> + 0x5ffc5b1 (0x7c8c69acd5b1 in /usr/local/lib/python3.12/dist-packages/torch/lib/libtorch_cpu.so)
frame #2: <unknown function> + 0x5ffce42 (0x7c8c69acde42 in /usr/local/lib/python3.12/dist-packages/torch/lib/libtorch_cpu.so)
frame #3: <unknown function> + 0x5ffe94e (0x7c8c69acf94e in /usr/local/lib/python3.12/dist-packages/torch/lib/libtorch_cpu.so)
frame #4: c10d::TCPStore::check(std::vector<std::__cxx11::basic_string<char, std::char_traits<char>, std::allocator<char> >, std::allocator<std::__cxx11::basic_string<char, std::char_traits<char>, std::allocator<char> > > > const&) + 0x30e (0x7c8c69aca26e in /usr/local/lib/python3.12/dist-packages/torch/lib/libtorch_cpu.so)
frame #5: c10d::ProcessGroupNCCL::HeartbeatMonitor::runLoop() + 0x3c8 (0x7c8c28649868 in /usr/local/lib/python3.12/dist-packages/torch/lib/libtorch_cuda.so)
frame #6: <unknown function> + 0xecdb4 (0x7c8c89d10db4 in /lib/x86_64-linux-gnu/libstdc++.so.6)
frame #7: <unknown function> + 0x9caa4 (0x7c8c8c78faa4 in /lib/x86_64-linux-gnu/libc.so.6)
frame #8: __clone + 0x44 (0x7c8c8c81ca64 in /lib/x86_64-linux-gnu/libc.so.6)

[rank0]:[W421 05:05:13.798387133 ProcessGroupNCCL.cpp:1771] [PG ID 0 PG GUID 0(default_pg) Rank 0] Failed to check the "should dump" flag on TCPStore, (maybe TCPStore server has shut down too early), with error: Broken pipe
[rank1]:[W421 05:05:13.794280765 TCPStore.cpp:106] [c10d] sendBytes failed on SocketImpl(fd=90, addr=[8f9e71dd3259]:34844, remote=[8f9e71dd3259]:42409): Broken pipe
Exception raised from sendBytes at /pytorch/torch/csrc/distributed/c10d/Utils.hpp:653 (most recent call first):
frame #0: c10::Error::Error(c10::SourceLocation, std::__cxx11::basic_string<char, std::char_traits<char>, std::allocator<char> >) + 0x80 (0x71a805570b80 in /usr/local/lib/python3.12/dist-packages/torch/lib/libc10.so)
frame #1: <unknown function> + 0x5ffc5b1 (0x71a8478cd5b1 in /usr/local/lib/python3.12/dist-packages/torch/lib/libtorch_cpu.so)
frame #2: <unknown function> + 0x5ffce42 (0x71a8478cde42 in /usr/local/lib/python3.12/dist-packages/torch/lib/libtorch_cpu.so)
frame #3: <unknown function> + 0x5ffe94e (0x71a8478cf94e in /usr/local/lib/python3.12/dist-packages/torch/lib/libtorch_cpu.so)
frame #4: c10d::TCPStore::check(std::vector<std::__cxx11::basic_string<char, std::char_traits<char>, std::allocator<char> >, std::allocator<std::__cxx11::basic_string<char, std::char_traits<char>, std::allocator<char> > > > const&) + 0x30e (0x71a8478ca26e in /usr/local/lib/python3.12/dist-packages/torch/lib/libtorch_cpu.so)
frame #5: c10d::ProcessGroupNCCL::HeartbeatMonitor::runLoop() + 0x3c8 (0x71a806449868 in /usr/local/lib/python3.12/dist-packages/torch/lib/libtorch_cuda.so)
frame #6: <unknown function> + 0xecdb4 (0x71a867a0cdb4 in /lib/x86_64-linux-gnu/libstdc++.so.6)
frame #7: <unknown function> + 0x9caa4 (0x71a86a48baa4 in /lib/x86_64-linux-gnu/libc.so.6)
frame #8: __clone + 0x44 (0x71a86a518a64 in /lib/x86_64-linux-gnu/libc.so.6)

[rank1]:[W421 05:05:13.807373415 ProcessGroupNCCL.cpp:1771] [PG ID 0 PG GUID 0(default_pg) Rank 1] Failed to check the "should dump" flag on TCPStore, (maybe TCPStore server has shut down too early), with error: Broken pipe
[rank2]:[W421 05:05:13.796475939 TCPStore.cpp:106] [c10d] sendBytes failed on SocketImpl(fd=90, addr=[8f9e71dd3259]:34868, remote=[8f9e71dd3259]:42409): Broken pipe
Exception raised from sendBytes at /pytorch/torch/csrc/distributed/c10d/Utils.hpp:653 (most recent call first):
frame #0: c10::Error::Error(c10::SourceLocation, std::__cxx11::basic_string<char, std::char_traits<char>, std::allocator<char> >) + 0x80 (0x7676c2970b80 in /usr/local/lib/python3.12/dist-packages/torch/lib/libc10.so)
frame #1: <unknown function> + 0x5ffc5b1 (0x767704ccd5b1 in /usr/local/lib/python3.12/dist-packages/torch/lib/libtorch_cpu.so)
frame #2: <unknown function> + 0x5ffce42 (0x767704ccde42 in /usr/local/lib/python3.12/dist-packages/torch/lib/libtorch_cpu.so)
frame #3: <unknown function> + 0x5ffe94e (0x767704ccf94e in /usr/local/lib/python3.12/dist-packages/torch/lib/libtorch_cpu.so)
frame #4: c10d::TCPStore::check(std::vector<std::__cxx11::basic_string<char, std::char_traits<char>, std::allocator<char> >, std::allocator<std::__cxx11::basic_string<char, std::char_traits<char>, std::allocator<char> > > > const&) + 0x30e (0x767704cca26e in /usr/local/lib/python3.12/dist-packages/torch/lib/libtorch_cpu.so)
frame #5: c10d::ProcessGroupNCCL::HeartbeatMonitor::runLoop() + 0x3c8 (0x7676c3849868 in /usr/local/lib/python3.12/dist-packages/torch/lib/libtorch_cuda.so)
frame #6: <unknown function> + 0xecdb4 (0x767724e02db4 in /lib/x86_64-linux-gnu/libstdc++.so.6)
frame #7: <unknown function> + 0x9caa4 (0x767727881aa4 in /lib/x86_64-linux-gnu/libc.so.6)
frame #8: __clone + 0x44 (0x76772790ea64 in /lib/x86_64-linux-gnu/libc.so.6)

[rank2]:[W421 05:05:13.809653817 ProcessGroupNCCL.cpp:1771] [PG ID 0 PG GUID 0(default_pg) Rank 2] Failed to check the "should dump" flag on TCPStore, (maybe TCPStore server has shut down too early), with error: Broken pipe
[rank7]:[W421 05:05:13.805946460 TCPStore.cpp:106] [c10d] sendBytes failed on SocketImpl(fd=90, addr=[8f9e71dd3259]:34862, remote=[8f9e71dd3259]:42409): Broken pipe
Exception raised from sendBytes at /pytorch/torch/csrc/distributed/c10d/Utils.hpp:653 (most recent call first):
frame #0: c10::Error::Error(c10::SourceLocation, std::__cxx11::basic_string<char, std::char_traits<char>, std::allocator<char> >) + 0x80 (0x73ea2317cb80 in /usr/local/lib/python3.12/dist-packages/torch/lib/libc10.so)
frame #1: <unknown function> + 0x5ffc5b1 (0x73ea064cd5b1 in /usr/local/lib/python3.12/dist-packages/torch/lib/libtorch_cpu.so)
frame #2: <unknown function> + 0x5ffce42 (0x73ea064cde42 in /usr/local/lib/python3.12/dist-packages/torch/lib/libtorch_cpu.so)
frame #3: <unknown function> + 0x5ffe94e (0x73ea064cf94e in /usr/local/lib/python3.12/dist-packages/torch/lib/libtorch_cpu.so)
frame #4: c10d::TCPStore::check(std::vector<std::__cxx11::basic_string<char, std::char_traits<char>, std::allocator<char> >, std::allocator<std::__cxx11::basic_string<char, std::char_traits<char>, std::allocator<char> > > > const&) + 0x30e (0x73ea064ca26e in /usr/local/lib/python3.12/dist-packages/torch/lib/libtorch_cpu.so)
frame #5: c10d::ProcessGroupNCCL::HeartbeatMonitor::runLoop() + 0x3c8 (0x73e9c5049868 in /usr/local/lib/python3.12/dist-packages/torch/lib/libtorch_cuda.so)
frame #6: <unknown function> + 0xecdb4 (0x73ea2670adb4 in /lib/x86_64-linux-gnu/libstdc++.so.6)
frame #7: <unknown function> + 0x9caa4 (0x73ea29189aa4 in /lib/x86_64-linux-gnu/libc.so.6)
frame #8: __clone + 0x44 (0x73ea29216a64 in /lib/x86_64-linux-gnu/libc.so.6)

[rank7]:[W421 05:05:13.819035630 ProcessGroupNCCL.cpp:1771] [PG ID 0 PG GUID 0(default_pg) Rank 7] Failed to check the "should dump" flag on TCPStore, (maybe TCPStore server has shut down too early), with error: Broken pipe
[rank5]:[W421 05:05:13.908228099 TCPStore.cpp:106] [c10d] sendBytes failed on SocketImpl(fd=90, addr=[8f9e71dd3259]:34814, remote=[8f9e71dd3259]:42409): Broken pipe
Exception raised from sendBytes at /pytorch/torch/csrc/distributed/c10d/Utils.hpp:653 (most recent call first):
frame #0: c10::Error::Error(c10::SourceLocation, std::__cxx11::basic_string<char, std::char_traits<char>, std::allocator<char> >) + 0x80 (0x7c605f57cb80 in /usr/local/lib/python3.12/dist-packages/torch/lib/libc10.so)
frame #1: <unknown function> + 0x5ffc5b1 (0x7c60428cd5b1 in /usr/local/lib/python3.12/dist-packages/torch/lib/libtorch_cpu.so)
frame #2: <unknown function> + 0x5ffce42 (0x7c60428cde42 in /usr/local/lib/python3.12/dist-packages/torch/lib/libtorch_cpu.so)
frame #3: <unknown function> + 0x5ffe94e (0x7c60428cf94e in /usr/local/lib/python3.12/dist-packages/torch/lib/libtorch_cpu.so)
frame #4: c10d::TCPStore::check(std::vector<std::__cxx11::basic_string<char, std::char_traits<char>, std::allocator<char> >, std::allocator<std::__cxx11::basic_string<char, std::char_traits<char>, std::allocator<char> > > > const&) + 0x30e (0x7c60428ca26e in /usr/local/lib/python3.12/dist-packages/torch/lib/libtorch_cpu.so)
frame #5: c10d::ProcessGroupNCCL::HeartbeatMonitor::runLoop() + 0x3c8 (0x7c6001449868 in /usr/local/lib/python3.12/dist-packages/torch/lib/libtorch_cuda.so)
frame #6: <unknown function> + 0xecdb4 (0x7c6062b44db4 in /lib/x86_64-linux-gnu/libstdc++.so.6)
frame #7: <unknown function> + 0x9caa4 (0x7c60655c3aa4 in /lib/x86_64-linux-gnu/libc.so.6)
frame #8: __clone + 0x44 (0x7c6065650a64 in /lib/x86_64-linux-gnu/libc.so.6)

[rank5]:[W421 05:05:13.912604571 ProcessGroupNCCL.cpp:1771] [PG ID 0 PG GUID 0(default_pg) Rank 5] Failed to check the "should dump" flag on TCPStore, (maybe TCPStore server has shut down too early), with error: Broken pipe
[rank3]:[W421 05:05:13.005907615 TCPStore.cpp:106] [c10d] sendBytes failed on SocketImpl(fd=90, addr=[8f9e71dd3259]:34820, remote=[8f9e71dd3259]:42409): Broken pipe
Exception raised from sendBytes at /pytorch/torch/csrc/distributed/c10d/Utils.hpp:653 (most recent call first):
frame #0: c10::Error::Error(c10::SourceLocation, std::__cxx11::basic_string<char, std::char_traits<char>, std::allocator<char> >) + 0x80 (0x7def52b7cb80 in /usr/local/lib/python3.12/dist-packages/torch/lib/libc10.so)
frame #1: <unknown function> + 0x5ffc5b1 (0x7def35ecd5b1 in /usr/local/lib/python3.12/dist-packages/torch/lib/libtorch_cpu.so)
frame #2: <unknown function> + 0x5ffce42 (0x7def35ecde42 in /usr/local/lib/python3.12/dist-packages/torch/lib/libtorch_cpu.so)
frame #3: <unknown function> + 0x5ffe94e (0x7def35ecf94e in /usr/local/lib/python3.12/dist-packages/torch/lib/libtorch_cpu.so)
frame #4: c10d::TCPStore::check(std::vector<std::__cxx11::basic_string<char, std::char_traits<char>, std::allocator<char> >, std::allocator<std::__cxx11::basic_string<char, std::char_traits<char>, std::allocator<char> > > > const&) + 0x30e (0x7def35eca26e in /usr/local/lib/python3.12/dist-packages/torch/lib/libtorch_cpu.so)
frame #5: c10d::ProcessGroupNCCL::HeartbeatMonitor::runLoop() + 0x3c8 (0x7deef4a49868 in /usr/local/lib/python3.12/dist-packages/torch/lib/libtorch_cuda.so)
frame #6: <unknown function> + 0xecdb4 (0x7def56100db4 in /lib/x86_64-linux-gnu/libstdc++.so.6)
frame #7: <unknown function> + 0x9caa4 (0x7def58b7faa4 in /lib/x86_64-linux-gnu/libc.so.6)
frame #8: __clone + 0x44 (0x7def58c0ca64 in /lib/x86_64-linux-gnu/libc.so.6)

[rank3]:[W421 05:05:13.019010586 ProcessGroupNCCL.cpp:1771] [PG ID 0 PG GUID 0(default_pg) Rank 3] Failed to check the "should dump" flag on TCPStore, (maybe TCPStore server has shut down too early), with error: Broken pipe
[rank6]:[W421 05:05:13.087064945 TCPStore.cpp:106] [c10d] sendBytes failed on SocketImpl(fd=90, addr=[8f9e71dd3259]:34828, remote=[8f9e71dd3259]:42409): Broken pipe
Exception raised from sendBytes at /pytorch/torch/csrc/distributed/c10d/Utils.hpp:653 (most recent call first):
frame #0: c10::Error::Error(c10::SourceLocation, std::__cxx11::basic_string<char, std::char_traits<char>, std::allocator<char> >) + 0x80 (0x77ca19b92b80 in /usr/local/lib/python3.12/dist-packages/torch/lib/libc10.so)
frame #1: <unknown function> + 0x5ffc5b1 (0x77c9fcacd5b1 in /usr/local/lib/python3.12/dist-packages/torch/lib/libtorch_cpu.so)
frame #2: <unknown function> + 0x5ffce42 (0x77c9fcacde42 in /usr/local/lib/python3.12/dist-packages/torch/lib/libtorch_cpu.so)
frame #3: <unknown function> + 0x5ffe94e (0x77c9fcacf94e in /usr/local/lib/python3.12/dist-packages/torch/lib/libtorch_cpu.so)
frame #4: c10d::TCPStore::check(std::vector<std::__cxx11::basic_string<char, std::char_traits<char>, std::allocator<char> >, std::allocator<std::__cxx11::basic_string<char, std::char_traits<char>, std::allocator<char> > > > const&) + 0x30e (0x77c9fcaca26e in /usr/local/lib/python3.12/dist-packages/torch/lib/libtorch_cpu.so)
frame #5: c10d::ProcessGroupNCCL::HeartbeatMonitor::runLoop() + 0x3c8 (0x77c9bb649868 in /usr/local/lib/python3.12/dist-packages/torch/lib/libtorch_cuda.so)
frame #6: <unknown function> + 0xecdb4 (0x77ca1cd97db4 in /lib/x86_64-linux-gnu/libstdc++.so.6)
frame #7: <unknown function> + 0x9caa4 (0x77ca1f816aa4 in /lib/x86_64-linux-gnu/libc.so.6)
frame #8: __clone + 0x44 (0x77ca1f8a3a64 in /lib/x86_64-linux-gnu/libc.so.6)

[rank6]:[W421 05:05:13.100116797 ProcessGroupNCCL.cpp:1771] [PG ID 0 PG GUID 0(default_pg) Rank 6] Failed to check the "should dump" flag on TCPStore, (maybe TCPStore server has shut down too early), with error: Broken pipe
[rank4]:[W421 05:05:13.697799305 TCPStore.cpp:106] [c10d] sendBytes failed on SocketImpl(fd=90, addr=[8f9e71dd3259]:34834, remote=[8f9e71dd3259]:42409): Broken pipe
Exception raised from sendBytes at /pytorch/torch/csrc/distributed/c10d/Utils.hpp:653 (most recent call first):
frame #0: c10::Error::Error(c10::SourceLocation, std::__cxx11::basic_string<char, std::char_traits<char>, std::allocator<char> >) + 0x80 (0x7b1211392b80 in /usr/local/lib/python3.12/dist-packages/torch/lib/libc10.so)
frame #1: <unknown function> + 0x5ffc5b1 (0x7b11f42cd5b1 in /usr/local/lib/python3.12/dist-packages/torch/lib/libtorch_cpu.so)
frame #2: <unknown function> + 0x5ffce42 (0x7b11f42cde42 in /usr/local/lib/python3.12/dist-packages/torch/lib/libtorch_cpu.so)
frame #3: <unknown function> + 0x5ffe94e (0x7b11f42cf94e in /usr/local/lib/python3.12/dist-packages/torch/lib/libtorch_cpu.so)
frame #4: c10d::TCPStore::check(std::vector<std::__cxx11::basic_string<char, std::char_traits<char>, std::allocator<char> >, std::allocator<std::__cxx11::basic_string<char, std::char_traits<char>, std::allocator<char> > > > const&) + 0x30e (0x7b11f42ca26e in /usr/local/lib/python3.12/dist-packages/torch/lib/libtorch_cpu.so)
frame #5: c10d::ProcessGroupNCCL::HeartbeatMonitor::runLoop() + 0x3c8 (0x7b11b2e49868 in /usr/local/lib/python3.12/dist-packages/torch/lib/libtorch_cuda.so)
frame #6: <unknown function> + 0xecdb4 (0x7b121458ddb4 in /lib/x86_64-linux-gnu/libstdc++.so.6)
frame #7: <unknown function> + 0x9caa4 (0x7b121700caa4 in /lib/x86_64-linux-gnu/libc.so.6)
frame #8: __clone + 0x44 (0x7b1217099a64 in /lib/x86_64-linux-gnu/libc.so.6)

[rank4]:[W421 05:05:13.710778948 ProcessGroupNCCL.cpp:1771] [PG ID 0 PG GUID 0(default_pg) Rank 4] Failed to check the "should dump" flag on TCPStore, (maybe TCPStore server has shut down too early), with error: Broken pipe
[rank0]:[W421 05:05:14.798532604 TCPStore.cpp:106] [c10d] sendBytes failed on SocketImpl(fd=90, addr=[8f9e71dd3259]:34854, remote=[8f9e71dd3259]:42409): Broken pipe
Exception raised from sendBytes at /pytorch/torch/csrc/distributed/c10d/Utils.hpp:653 (most recent call first):
frame #0: c10::Error::Error(c10::SourceLocation, std::__cxx11::basic_string<char, std::char_traits<char>, std::allocator<char> >) + 0x80 (0x7c8c8677cb80 in /usr/local/lib/python3.12/dist-packages/torch/lib/libc10.so)
frame #1: <unknown function> + 0x5ffc5b1 (0x7c8c69acd5b1 in /usr/local/lib/python3.12/dist-packages/torch/lib/libtorch_cpu.so)
frame #2: <unknown function> + 0x5ffce42 (0x7c8c69acde42 in /usr/local/lib/python3.12/dist-packages/torch/lib/libtorch_cpu.so)
frame #3: <unknown function> + 0x5ffe94e (0x7c8c69acf94e in /usr/local/lib/python3.12/dist-packages/torch/lib/libtorch_cpu.so)
frame #4: c10d::TCPStore::check(std::vector<std::__cxx11::basic_string<char, std::char_traits<char>, std::allocator<char> >, std::allocator<std::__cxx11::basic_string<char, std::char_traits<char>, std::allocator<char> > > > const&) + 0x30e (0x7c8c69aca26e in /usr/local/lib/python3.12/dist-packages/torch/lib/libtorch_cpu.so)
frame #5: c10d::ProcessGroupNCCL::HeartbeatMonitor::runLoop() + 0x3c8 (0x7c8c28649868 in /usr/local/lib/python3.12/dist-packages/torch/lib/libtorch_cuda.so)
frame #6: <unknown function> + 0xecdb4 (0x7c8c89d10db4 in /lib/x86_64-linux-gnu/libstdc++.so.6)
frame #7: <unknown function> + 0x9caa4 (0x7c8c8c78faa4 in /lib/x86_64-linux-gnu/libc.so.6)
frame #8: __clone + 0x44 (0x7c8c8c81ca64 in /lib/x86_64-linux-gnu/libc.so.6)

[rank0]:[W421 05:05:14.811622544 ProcessGroupNCCL.cpp:1771] [PG ID 0 PG GUID 0(default_pg) Rank 0] Failed to check the "should dump" flag on TCPStore, (maybe TCPStore server has shut down too early), with error: Broken pipe
[rank1]:[W421 05:05:14.807467647 TCPStore.cpp:106] [c10d] sendBytes failed on SocketImpl(fd=90, addr=[8f9e71dd3259]:34844, remote=[8f9e71dd3259]:42409): Broken pipe
Exception raised from sendBytes at /pytorch/torch/csrc/distributed/c10d/Utils.hpp:653 (most recent call first):
frame #0: c10::Error::Error(c10::SourceLocation, std::__cxx11::basic_string<char, std::char_traits<char>, std::allocator<char> >) + 0x80 (0x71a805570b80 in /usr/local/lib/python3.12/dist-packages/torch/lib/libc10.so)
frame #1: <unknown function> + 0x5ffc5b1 (0x71a8478cd5b1 in /usr/local/lib/python3.12/dist-packages/torch/lib/libtorch_cpu.so)
frame #2: <unknown function> + 0x5ffce42 (0x71a8478cde42 in /usr/local/lib/python3.12/dist-packages/torch/lib/libtorch_cpu.so)
frame #3: <unknown function> + 0x5ffe94e (0x71a8478cf94e in /usr/local/lib/python3.12/dist-packages/torch/lib/libtorch_cpu.so)
frame #4: c10d::TCPStore::check(std::vector<std::__cxx11::basic_string<char, std::char_traits<char>, std::allocator<char> >, std::allocator<std::__cxx11::basic_string<char, std::char_traits<char>, std::allocator<char> > > > const&) + 0x30e (0x71a8478ca26e in /usr/local/lib/python3.12/dist-packages/torch/lib/libtorch_cpu.so)
frame #5: c10d::ProcessGroupNCCL::HeartbeatMonitor::runLoop() + 0x3c8 (0x71a806449868 in /usr/local/lib/python3.12/dist-packages/torch/lib/libtorch_cuda.so)
frame #6: <unknown function> + 0xecdb4 (0x71a867a0cdb4 in /lib/x86_64-linux-gnu/libstdc++.so.6)
frame #7: <unknown function> + 0x9caa4 (0x71a86a48baa4 in /lib/x86_64-linux-gnu/libc.so.6)
frame #8: __clone + 0x44 (0x71a86a518a64 in /lib/x86_64-linux-gnu/libc.so.6)

[rank1]:[W421 05:05:14.820454574 ProcessGroupNCCL.cpp:1771] [PG ID 0 PG GUID 0(default_pg) Rank 1] Failed to check the "should dump" flag on TCPStore, (maybe TCPStore server has shut down too early), with error: Broken pipe
[rank2]:[W421 05:05:14.809777414 TCPStore.cpp:106] [c10d] sendBytes failed on SocketImpl(fd=90, addr=[8f9e71dd3259]:34868, remote=[8f9e71dd3259]:42409): Broken pipe
Exception raised from sendBytes at /pytorch/torch/csrc/distributed/c10d/Utils.hpp:653 (most recent call first):
frame #0: c10::Error::Error(c10::SourceLocation, std::__cxx11::basic_string<char, std::char_traits<char>, std::allocator<char> >) + 0x80 (0x7676c2970b80 in /usr/local/lib/python3.12/dist-packages/torch/lib/libc10.so)
frame #1: <unknown function> + 0x5ffc5b1 (0x767704ccd5b1 in /usr/local/lib/python3.12/dist-packages/torch/lib/libtorch_cpu.so)
frame #2: <unknown function> + 0x5ffce42 (0x767704ccde42 in /usr/local/lib/python3.12/dist-packages/torch/lib/libtorch_cpu.so)
frame #3: <unknown function> + 0x5ffe94e (0x767704ccf94e in /usr/local/lib/python3.12/dist-packages/torch/lib/libtorch_cpu.so)
frame #4: c10d::TCPStore::check(std::vector<std::__cxx11::basic_string<char, std::char_traits<char>, std::allocator<char> >, std::allocator<std::__cxx11::basic_string<char, std::char_traits<char>, std::allocator<char> > > > const&) + 0x30e (0x767704cca26e in /usr/local/lib/python3.12/dist-packages/torch/lib/libtorch_cpu.so)
frame #5: c10d::ProcessGroupNCCL::HeartbeatMonitor::runLoop() + 0x3c8 (0x7676c3849868 in /usr/local/lib/python3.12/dist-packages/torch/lib/libtorch_cuda.so)
frame #6: <unknown function> + 0xecdb4 (0x767724e02db4 in /lib/x86_64-linux-gnu/libstdc++.so.6)
frame #7: <unknown function> + 0x9caa4 (0x767727881aa4 in /lib/x86_64-linux-gnu/libc.so.6)
frame #8: __clone + 0x44 (0x76772790ea64 in /lib/x86_64-linux-gnu/libc.so.6)

[rank2]:[W421 05:05:14.822745672 ProcessGroupNCCL.cpp:1771] [PG ID 0 PG GUID 0(default_pg) Rank 2] Failed to check the "should dump" flag on TCPStore, (maybe TCPStore server has shut down too early), with error: Broken pipe
[rank7]:[W421 05:05:14.819152037 TCPStore.cpp:106] [c10d] sendBytes failed on SocketImpl(fd=90, addr=[8f9e71dd3259]:34862, remote=[8f9e71dd3259]:42409): Broken pipe
Exception raised from sendBytes at /pytorch/torch/csrc/distributed/c10d/Utils.hpp:653 (most recent call first):
frame #0: c10::Error::Error(c10::SourceLocation, std::__cxx11::basic_string<char, std::char_traits<char>, std::allocator<char> >) + 0x80 (0x73ea2317cb80 in /usr/local/lib/python3.12/dist-packages/torch/lib/libc10.so)
frame #1: <unknown function> + 0x5ffc5b1 (0x73ea064cd5b1 in /usr/local/lib/python3.12/dist-packages/torch/lib/libtorch_cpu.so)
frame #2: <unknown function> + 0x5ffce42 (0x73ea064cde42 in /usr/local/lib/python3.12/dist-packages/torch/lib/libtorch_cpu.so)
frame #3: <unknown function> + 0x5ffe94e (0x73ea064cf94e in /usr/local/lib/python3.12/dist-packages/torch/lib/libtorch_cpu.so)
frame #4: c10d::TCPStore::check(std::vector<std::__cxx11::basic_string<char, std::char_traits<char>, std::allocator<char> >, std::allocator<std::__cxx11::basic_string<char, std::char_traits<char>, std::allocator<char> > > > const&) + 0x30e (0x73ea064ca26e in /usr/local/lib/python3.12/dist-packages/torch/lib/libtorch_cpu.so)
frame #5: c10d::ProcessGroupNCCL::HeartbeatMonitor::runLoop() + 0x3c8 (0x73e9c5049868 in /usr/local/lib/python3.12/dist-packages/torch/lib/libtorch_cuda.so)
frame #6: <unknown function> + 0xecdb4 (0x73ea2670adb4 in /lib/x86_64-linux-gnu/libstdc++.so.6)
frame #7: <unknown function> + 0x9caa4 (0x73ea29189aa4 in /lib/x86_64-linux-gnu/libc.so.6)
frame #8: __clone + 0x44 (0x73ea29216a64 in /lib/x86_64-linux-gnu/libc.so.6)

[rank7]:[W421 05:05:14.832047291 ProcessGroupNCCL.cpp:1771] [PG ID 0 PG GUID 0(default_pg) Rank 7] Failed to check the "should dump" flag on TCPStore, (maybe TCPStore server has shut down too early), with error: Broken pipe
[rank5]:[W421 05:05:14.912695523 TCPStore.cpp:106] [c10d] sendBytes failed on SocketImpl(fd=90, addr=[8f9e71dd3259]:34814, remote=[8f9e71dd3259]:42409): Broken pipe
Exception raised from sendBytes at /pytorch/torch/csrc/distributed/c10d/Utils.hpp:653 (most recent call first):
frame #0: c10::Error::Error(c10::SourceLocation, std::__cxx11::basic_string<char, std::char_traits<char>, std::allocator<char> >) + 0x80 (0x7c605f57cb80 in /usr/local/lib/python3.12/dist-packages/torch/lib/libc10.so)
frame #1: <unknown function> + 0x5ffc5b1 (0x7c60428cd5b1 in /usr/local/lib/python3.12/dist-packages/torch/lib/libtorch_cpu.so)
frame #2: <unknown function> + 0x5ffce42 (0x7c60428cde42 in /usr/local/lib/python3.12/dist-packages/torch/lib/libtorch_cpu.so)
frame #3: <unknown function> + 0x5ffe94e (0x7c60428cf94e in /usr/local/lib/python3.12/dist-packages/torch/lib/libtorch_cpu.so)
frame #4: c10d::TCPStore::check(std::vector<std::__cxx11::basic_string<char, std::char_traits<char>, std::allocator<char> >, std::allocator<std::__cxx11::basic_string<char, std::char_traits<char>, std::allocator<char> > > > const&) + 0x30e (0x7c60428ca26e in /usr/local/lib/python3.12/dist-packages/torch/lib/libtorch_cpu.so)
frame #5: c10d::ProcessGroupNCCL::HeartbeatMonitor::runLoop() + 0x3c8 (0x7c6001449868 in /usr/local/lib/python3.12/dist-packages/torch/lib/libtorch_cuda.so)
frame #6: <unknown function> + 0xecdb4 (0x7c6062b44db4 in /lib/x86_64-linux-gnu/libstdc++.so.6)
frame #7: <unknown function> + 0x9caa4 (0x7c60655c3aa4 in /lib/x86_64-linux-gnu/libc.so.6)
frame #8: __clone + 0x44 (0x7c6065650a64 in /lib/x86_64-linux-gnu/libc.so.6)

[rank5]:[W421 05:05:14.925519678 ProcessGroupNCCL.cpp:1771] [PG ID 0 PG GUID 0(default_pg) Rank 5] Failed to check the "should dump" flag on TCPStore, (maybe TCPStore server has shut down too early), with error: Broken pipe
[rank3]:[W421 05:05:14.019208561 TCPStore.cpp:106] [c10d] sendBytes failed on SocketImpl(fd=90, addr=[8f9e71dd3259]:34820, remote=[8f9e71dd3259]:42409): Broken pipe
Exception raised from sendBytes at /pytorch/torch/csrc/distributed/c10d/Utils.hpp:653 (most recent call first):
frame #0: c10::Error::Error(c10::SourceLocation, std::__cxx11::basic_string<char, std::char_traits<char>, std::allocator<char> >) + 0x80 (0x7def52b7cb80 in /usr/local/lib/python3.12/dist-packages/torch/lib/libc10.so)
frame #1: <unknown function> + 0x5ffc5b1 (0x7def35ecd5b1 in /usr/local/lib/python3.12/dist-packages/torch/lib/libtorch_cpu.so)
frame #2: <unknown function> + 0x5ffce42 (0x7def35ecde42 in /usr/local/lib/python3.12/dist-packages/torch/lib/libtorch_cpu.so)
frame #3: <unknown function> + 0x5ffe94e (0x7def35ecf94e in /usr/local/lib/python3.12/dist-packages/torch/lib/libtorch_cpu.so)
frame #4: c10d::TCPStore::check(std::vector<std::__cxx11::basic_string<char, std::char_traits<char>, std::allocator<char> >, std::allocator<std::__cxx11::basic_string<char, std::char_traits<char>, std::allocator<char> > > > const&) + 0x30e (0x7def35eca26e in /usr/local/lib/python3.12/dist-packages/torch/lib/libtorch_cpu.so)
frame #5: c10d::ProcessGroupNCCL::HeartbeatMonitor::runLoop() + 0x3c8 (0x7deef4a49868 in /usr/local/lib/python3.12/dist-packages/torch/lib/libtorch_cuda.so)
frame #6: <unknown function> + 0xecdb4 (0x7def56100db4 in /lib/x86_64-linux-gnu/libstdc++.so.6)
frame #7: <unknown function> + 0x9caa4 (0x7def58b7faa4 in /lib/x86_64-linux-gnu/libc.so.6)
frame #8: __clone + 0x44 (0x7def58c0ca64 in /lib/x86_64-linux-gnu/libc.so.6)

[rank3]:[W421 05:05:14.032511096 ProcessGroupNCCL.cpp:1771] [PG ID 0 PG GUID 0(default_pg) Rank 3] Failed to check the "should dump" flag on TCPStore, (maybe TCPStore server has shut down too early), with error: Broken pipe
[rank6]:[W421 05:05:14.100285072 TCPStore.cpp:106] [c10d] sendBytes failed on SocketImpl(fd=90, addr=[8f9e71dd3259]:34828, remote=[8f9e71dd3259]:42409): Broken pipe
Exception raised from sendBytes at /pytorch/torch/csrc/distributed/c10d/Utils.hpp:653 (most recent call first):
frame #0: c10::Error::Error(c10::SourceLocation, std::__cxx11::basic_string<char, std::char_traits<char>, std::allocator<char> >) + 0x80 (0x77ca19b92b80 in /usr/local/lib/python3.12/dist-packages/torch/lib/libc10.so)
frame #1: <unknown function> + 0x5ffc5b1 (0x77c9fcacd5b1 in /usr/local/lib/python3.12/dist-packages/torch/lib/libtorch_cpu.so)
frame #2: <unknown function> + 0x5ffce42 (0x77c9fcacde42 in /usr/local/lib/python3.12/dist-packages/torch/lib/libtorch_cpu.so)
frame #3: <unknown function> + 0x5ffe94e (0x77c9fcacf94e in /usr/local/lib/python3.12/dist-packages/torch/lib/libtorch_cpu.so)
frame #4: c10d::TCPStore::check(std::vector<std::__cxx11::basic_string<char, std::char_traits<char>, std::allocator<char> >, std::allocator<std::__cxx11::basic_string<char, std::char_traits<char>, std::allocator<char> > > > const&) + 0x30e (0x77c9fcaca26e in /usr/local/lib/python3.12/dist-packages/torch/lib/libtorch_cpu.so)
frame #5: c10d::ProcessGroupNCCL::HeartbeatMonitor::runLoop() + 0x3c8 (0x77c9bb649868 in /usr/local/lib/python3.12/dist-packages/torch/lib/libtorch_cuda.so)
frame #6: <unknown function> + 0xecdb4 (0x77ca1cd97db4 in /lib/x86_64-linux-gnu/libstdc++.so.6)
frame #7: <unknown function> + 0x9caa4 (0x77ca1f816aa4 in /lib/x86_64-linux-gnu/libc.so.6)
frame #8: __clone + 0x44 (0x77ca1f8a3a64 in /lib/x86_64-linux-gnu/libc.so.6)

[rank6]:[W421 05:05:14.113341319 ProcessGroupNCCL.cpp:1771] [PG ID 0 PG GUID 0(default_pg) Rank 6] Failed to check the "should dump" flag on TCPStore, (maybe TCPStore server has shut down too early), with error: Broken pipe
[rank4]:[W421 05:05:14.710871370 TCPStore.cpp:106] [c10d] sendBytes failed on SocketImpl(fd=90, addr=[8f9e71dd3259]:34834, remote=[8f9e71dd3259]:42409): Broken pipe
Exception raised from sendBytes at /pytorch/torch/csrc/distributed/c10d/Utils.hpp:653 (most recent call first):
frame #0: c10::Error::Error(c10::SourceLocation, std::__cxx11::basic_string<char, std::char_traits<char>, std::allocator<char> >) + 0x80 (0x7b1211392b80 in /usr/local/lib/python3.12/dist-packages/torch/lib/libc10.so)
frame #1: <unknown function> + 0x5ffc5b1 (0x7b11f42cd5b1 in /usr/local/lib/python3.12/dist-packages/torch/lib/libtorch_cpu.so)
frame #2: <unknown function> + 0x5ffce42 (0x7b11f42cde42 in /usr/local/lib/python3.12/dist-packages/torch/lib/libtorch_cpu.so)
frame #3: <unknown function> + 0x5ffe94e (0x7b11f42cf94e in /usr/local/lib/python3.12/dist-packages/torch/lib/libtorch_cpu.so)
frame #4: c10d::TCPStore::check(std::vector<std::__cxx11::basic_string<char, std::char_traits<char>, std::allocator<char> >, std::allocator<std::__cxx11::basic_string<char, std::char_traits<char>, std::allocator<char> > > > const&) + 0x30e (0x7b11f42ca26e in /usr/local/lib/python3.12/dist-packages/torch/lib/libtorch_cpu.so)
frame #5: c10d::ProcessGroupNCCL::HeartbeatMonitor::runLoop() + 0x3c8 (0x7b11b2e49868 in /usr/local/lib/python3.12/dist-packages/torch/lib/libtorch_cuda.so)
frame #6: <unknown function> + 0xecdb4 (0x7b121458ddb4 in /lib/x86_64-linux-gnu/libstdc++.so.6)
frame #7: <unknown function> + 0x9caa4 (0x7b121700caa4 in /lib/x86_64-linux-gnu/libc.so.6)
frame #8: __clone + 0x44 (0x7b1217099a64 in /lib/x86_64-linux-gnu/libc.so.6)

[rank4]:[W421 05:05:14.723610387 ProcessGroupNCCL.cpp:1771] [PG ID 0 PG GUID 0(default_pg) Rank 4] Failed to check the "should dump" flag on TCPStore, (maybe TCPStore server has shut down too early), with error: Broken pipe
[rank0]:[W421 05:05:15.811751206 TCPStore.cpp:106] [c10d] sendBytes failed on SocketImpl(fd=90, addr=[8f9e71dd3259]:34854, remote=[8f9e71dd3259]:42409): Broken pipe
Exception raised from sendBytes at /pytorch/torch/csrc/distributed/c10d/Utils.hpp:653 (most recent call first):
frame #0: c10::Error::Error(c10::SourceLocation, std::__cxx11::basic_string<char, std::char_traits<char>, std::allocator<char> >) + 0x80 (0x7c8c8677cb80 in /usr/local/lib/python3.12/dist-packages/torch/lib/libc10.so)
frame #1: <unknown function> + 0x5ffc5b1 (0x7c8c69acd5b1 in /usr/local/lib/python3.12/dist-packages/torch/lib/libtorch_cpu.so)
frame #2: <unknown function> + 0x5ffce42 (0x7c8c69acde42 in /usr/local/lib/python3.12/dist-packages/torch/lib/libtorch_cpu.so)
frame #3: <unknown function> + 0x5ffe94e (0x7c8c69acf94e in /usr/local/lib/python3.12/dist-packages/torch/lib/libtorch_cpu.so)
frame #4: c10d::TCPStore::check(std::vector<std::__cxx11::basic_string<char, std::char_traits<char>, std::allocator<char> >, std::allocator<std::__cxx11::basic_string<char, std::char_traits<char>, std::allocator<char> > > > const&) + 0x30e (0x7c8c69aca26e in /usr/local/lib/python3.12/dist-packages/torch/lib/libtorch_cpu.so)
frame #5: c10d::ProcessGroupNCCL::HeartbeatMonitor::runLoop() + 0x3c8 (0x7c8c28649868 in /usr/local/lib/python3.12/dist-packages/torch/lib/libtorch_cuda.so)
frame #6: <unknown function> + 0xecdb4 (0x7c8c89d10db4 in /lib/x86_64-linux-gnu/libstdc++.so.6)
frame #7: <unknown function> + 0x9caa4 (0x7c8c8c78faa4 in /lib/x86_64-linux-gnu/libc.so.6)
frame #8: __clone + 0x44 (0x7c8c8c81ca64 in /lib/x86_64-linux-gnu/libc.so.6)

[rank0]:[W421 05:05:15.824828387 ProcessGroupNCCL.cpp:1771] [PG ID 0 PG GUID 0(default_pg) Rank 0] Failed to check the "should dump" flag on TCPStore, (maybe TCPStore server has shut down too early), with error: Broken pipe
[rank1]:[W421 05:05:15.820556835 TCPStore.cpp:106] [c10d] sendBytes failed on SocketImpl(fd=90, addr=[8f9e71dd3259]:34844, remote=[8f9e71dd3259]:42409): Broken pipe
Exception raised from sendBytes at /pytorch/torch/csrc/distributed/c10d/Utils.hpp:653 (most recent call first):
frame #0: c10::Error::Error(c10::SourceLocation, std::__cxx11::basic_string<char, std::char_traits<char>, std::allocator<char> >) + 0x80 (0x71a805570b80 in /usr/local/lib/python3.12/dist-packages/torch/lib/libc10.so)
frame #1: <unknown function> + 0x5ffc5b1 (0x71a8478cd5b1 in /usr/local/lib/python3.12/dist-packages/torch/lib/libtorch_cpu.so)
frame #2: <unknown function> + 0x5ffce42 (0x71a8478cde42 in /usr/local/lib/python3.12/dist-packages/torch/lib/libtorch_cpu.so)
frame #3: <unknown function> + 0x5ffe94e (0x71a8478cf94e in /usr/local/lib/python3.12/dist-packages/torch/lib/libtorch_cpu.so)
frame #4: c10d::TCPStore::check(std::vector<std::__cxx11::basic_string<char, std::char_traits<char>, std::allocator<char> >, std::allocator<std::__cxx11::basic_string<char, std::char_traits<char>, std::allocator<char> > > > const&) + 0x30e (0x71a8478ca26e in /usr/local/lib/python3.12/dist-packages/torch/lib/libtorch_cpu.so)
frame #5: c10d::ProcessGroupNCCL::HeartbeatMonitor::runLoop() + 0x3c8 (0x71a806449868 in /usr/local/lib/python3.12/dist-packages/torch/lib/libtorch_cuda.so)
frame #6: <unknown function> + 0xecdb4 (0x71a867a0cdb4 in /lib/x86_64-linux-gnu/libstdc++.so.6)
frame #7: <unknown function> + 0x9caa4 (0x71a86a48baa4 in /lib/x86_64-linux-gnu/libc.so.6)
frame #8: __clone + 0x44 (0x71a86a518a64 in /lib/x86_64-linux-gnu/libc.so.6)

[rank1]:[W421 05:05:15.833429902 ProcessGroupNCCL.cpp:1771] [PG ID 0 PG GUID 0(default_pg) Rank 1] Failed to check the "should dump" flag on TCPStore, (maybe TCPStore server has shut down too early), with error: Broken pipe
[rank2]:[W421 05:05:15.822872048 TCPStore.cpp:106] [c10d] sendBytes failed on SocketImpl(fd=90, addr=[8f9e71dd3259]:34868, remote=[8f9e71dd3259]:42409): Broken pipe
Exception raised from sendBytes at /pytorch/torch/csrc/distributed/c10d/Utils.hpp:653 (most recent call first):
frame #0: c10::Error::Error(c10::SourceLocation, std::__cxx11::basic_string<char, std::char_traits<char>, std::allocator<char> >) + 0x80 (0x7676c2970b80 in /usr/local/lib/python3.12/dist-packages/torch/lib/libc10.so)
frame #1: <unknown function> + 0x5ffc5b1 (0x767704ccd5b1 in /usr/local/lib/python3.12/dist-packages/torch/lib/libtorch_cpu.so)
frame #2: <unknown function> + 0x5ffce42 (0x767704ccde42 in /usr/local/lib/python3.12/dist-packages/torch/lib/libtorch_cpu.so)
frame #3: <unknown function> + 0x5ffe94e (0x767704ccf94e in /usr/local/lib/python3.12/dist-packages/torch/lib/libtorch_cpu.so)
frame #4: c10d::TCPStore::check(std::vector<std::__cxx11::basic_string<char, std::char_traits<char>, std::allocator<char> >, std::allocator<std::__cxx11::basic_string<char, std::char_traits<char>, std::allocator<char> > > > const&) + 0x30e (0x767704cca26e in /usr/local/lib/python3.12/dist-packages/torch/lib/libtorch_cpu.so)
frame #5: c10d::ProcessGroupNCCL::HeartbeatMonitor::runLoop() + 0x3c8 (0x7676c3849868 in /usr/local/lib/python3.12/dist-packages/torch/lib/libtorch_cuda.so)
frame #6: <unknown function> + 0xecdb4 (0x767724e02db4 in /lib/x86_64-linux-gnu/libstdc++.so.6)
frame #7: <unknown function> + 0x9caa4 (0x767727881aa4 in /lib/x86_64-linux-gnu/libc.so.6)
frame #8: __clone + 0x44 (0x76772790ea64 in /lib/x86_64-linux-gnu/libc.so.6)

[rank2]:[W421 05:05:15.835601896 ProcessGroupNCCL.cpp:1771] [PG ID 0 PG GUID 0(default_pg) Rank 2] Failed to check the "should dump" flag on TCPStore, (maybe TCPStore server has shut down too early), with error: Broken pipe
[rank7]:[W421 05:05:15.832140768 TCPStore.cpp:106] [c10d] sendBytes failed on SocketImpl(fd=90, addr=[8f9e71dd3259]:34862, remote=[8f9e71dd3259]:42409): Broken pipe
Exception raised from sendBytes at /pytorch/torch/csrc/distributed/c10d/Utils.hpp:653 (most recent call first):
frame #0: c10::Error::Error(c10::SourceLocation, std::__cxx11::basic_string<char, std::char_traits<char>, std::allocator<char> >) + 0x80 (0x73ea2317cb80 in /usr/local/lib/python3.12/dist-packages/torch/lib/libc10.so)
frame #1: <unknown function> + 0x5ffc5b1 (0x73ea064cd5b1 in /usr/local/lib/python3.12/dist-packages/torch/lib/libtorch_cpu.so)
frame #2: <unknown function> + 0x5ffce42 (0x73ea064cde42 in /usr/local/lib/python3.12/dist-packages/torch/lib/libtorch_cpu.so)
frame #3: <unknown function> + 0x5ffe94e (0x73ea064cf94e in /usr/local/lib/python3.12/dist-packages/torch/lib/libtorch_cpu.so)
frame #4: c10d::TCPStore::check(std::vector<std::__cxx11::basic_string<char, std::char_traits<char>, std::allocator<char> >, std::allocator<std::__cxx11::basic_string<char, std::char_traits<char>, std::allocator<char> > > > const&) + 0x30e (0x73ea064ca26e in /usr/local/lib/python3.12/dist-packages/torch/lib/libtorch_cpu.so)
frame #5: c10d::ProcessGroupNCCL::HeartbeatMonitor::runLoop() + 0x3c8 (0x73e9c5049868 in /usr/local/lib/python3.12/dist-packages/torch/lib/libtorch_cuda.so)
frame #6: <unknown function> + 0xecdb4 (0x73ea2670adb4 in /lib/x86_64-linux-gnu/libstdc++.so.6)
frame #7: <unknown function> + 0x9caa4 (0x73ea29189aa4 in /lib/x86_64-linux-gnu/libc.so.6)
frame #8: __clone + 0x44 (0x73ea29216a64 in /lib/x86_64-linux-gnu/libc.so.6)

[rank7]:[W421 05:05:15.844843677 ProcessGroupNCCL.cpp:1771] [PG ID 0 PG GUID 0(default_pg) Rank 7] Failed to check the "should dump" flag on TCPStore, (maybe TCPStore server has shut down too early), with error: Broken pipe
[rank5]:[W421 05:05:15.925608565 TCPStore.cpp:106] [c10d] sendBytes failed on SocketImpl(fd=90, addr=[8f9e71dd3259]:34814, remote=[8f9e71dd3259]:42409): Broken pipe
Exception raised from sendBytes at /pytorch/torch/csrc/distributed/c10d/Utils.hpp:653 (most recent call first):
frame #0: c10::Error::Error(c10::SourceLocation, std::__cxx11::basic_string<char, std::char_traits<char>, std::allocator<char> >) + 0x80 (0x7c605f57cb80 in /usr/local/lib/python3.12/dist-packages/torch/lib/libc10.so)
frame #1: <unknown function> + 0x5ffc5b1 (0x7c60428cd5b1 in /usr/local/lib/python3.12/dist-packages/torch/lib/libtorch_cpu.so)
frame #2: <unknown function> + 0x5ffce42 (0x7c60428cde42 in /usr/local/lib/python3.12/dist-packages/torch/lib/libtorch_cpu.so)
frame #3: <unknown function> + 0x5ffe94e (0x7c60428cf94e in /usr/local/lib/python3.12/dist-packages/torch/lib/libtorch_cpu.so)
frame #4: c10d::TCPStore::check(std::vector<std::__cxx11::basic_string<char, std::char_traits<char>, std::allocator<char> >, std::allocator<std::__cxx11::basic_string<char, std::char_traits<char>, std::allocator<char> > > > const&) + 0x30e (0x7c60428ca26e in /usr/local/lib/python3.12/dist-packages/torch/lib/libtorch_cpu.so)
frame #5: c10d::ProcessGroupNCCL::HeartbeatMonitor::runLoop() + 0x3c8 (0x7c6001449868 in /usr/local/lib/python3.12/dist-packages/torch/lib/libtorch_cuda.so)
frame #6: <unknown function> + 0xecdb4 (0x7c6062b44db4 in /lib/x86_64-linux-gnu/libstdc++.so.6)
frame #7: <unknown function> + 0x9caa4 (0x7c60655c3aa4 in /lib/x86_64-linux-gnu/libc.so.6)
frame #8: __clone + 0x44 (0x7c6065650a64 in /lib/x86_64-linux-gnu/libc.so.6)

[rank5]:[W421 05:05:15.938383135 ProcessGroupNCCL.cpp:1771] [PG ID 0 PG GUID 0(default_pg) Rank 5] Failed to check the "should dump" flag on TCPStore, (maybe TCPStore server has shut down too early), with error: Broken pipe
[rank3]:[W421 05:05:15.032665052 TCPStore.cpp:106] [c10d] sendBytes failed on SocketImpl(fd=90, addr=[8f9e71dd3259]:34820, remote=[8f9e71dd3259]:42409): Broken pipe
Exception raised from sendBytes at /pytorch/torch/csrc/distributed/c10d/Utils.hpp:653 (most recent call first):
frame #0: c10::Error::Error(c10::SourceLocation, std::__cxx11::basic_string<char, std::char_traits<char>, std::allocator<char> >) + 0x80 (0x7def52b7cb80 in /usr/local/lib/python3.12/dist-packages/torch/lib/libc10.so)
frame #1: <unknown function> + 0x5ffc5b1 (0x7def35ecd5b1 in /usr/local/lib/python3.12/dist-packages/torch/lib/libtorch_cpu.so)
frame #2: <unknown function> + 0x5ffce42 (0x7def35ecde42 in /usr/local/lib/python3.12/dist-packages/torch/lib/libtorch_cpu.so)
frame #3: <unknown function> + 0x5ffe94e (0x7def35ecf94e in /usr/local/lib/python3.12/dist-packages/torch/lib/libtorch_cpu.so)
frame #4: c10d::TCPStore::check(std::vector<std::__cxx11::basic_string<char, std::char_traits<char>, std::allocator<char> >, std::allocator<std::__cxx11::basic_string<char, std::char_traits<char>, std::allocator<char> > > > const&) + 0x30e (0x7def35eca26e in /usr/local/lib/python3.12/dist-packages/torch/lib/libtorch_cpu.so)
frame #5: c10d::ProcessGroupNCCL::HeartbeatMonitor::runLoop() + 0x3c8 (0x7deef4a49868 in /usr/local/lib/python3.12/dist-packages/torch/lib/libtorch_cuda.so)
frame #6: <unknown function> + 0xecdb4 (0x7def56100db4 in /lib/x86_64-linux-gnu/libstdc++.so.6)
frame #7: <unknown function> + 0x9caa4 (0x7def58b7faa4 in /lib/x86_64-linux-gnu/libc.so.6)
frame #8: __clone + 0x44 (0x7def58c0ca64 in /lib/x86_64-linux-gnu/libc.so.6)

[rank3]:[W421 05:05:15.045785316 ProcessGroupNCCL.cpp:1771] [PG ID 0 PG GUID 0(default_pg) Rank 3] Failed to check the "should dump" flag on TCPStore, (maybe TCPStore server has shut down too early), with error: Broken pipe
[rank6]:[W421 05:05:15.113493464 TCPStore.cpp:106] [c10d] sendBytes failed on SocketImpl(fd=90, addr=[8f9e71dd3259]:34828, remote=[8f9e71dd3259]:42409): Broken pipe
Exception raised from sendBytes at /pytorch/torch/csrc/distributed/c10d/Utils.hpp:653 (most recent call first):
frame #0: c10::Error::Error(c10::SourceLocation, std::__cxx11::basic_string<char, std::char_traits<char>, std::allocator<char> >) + 0x80 (0x77ca19b92b80 in /usr/local/lib/python3.12/dist-packages/torch/lib/libc10.so)
frame #1: <unknown function> + 0x5ffc5b1 (0x77c9fcacd5b1 in /usr/local/lib/python3.12/dist-packages/torch/lib/libtorch_cpu.so)
frame #2: <unknown function> + 0x5ffce42 (0x77c9fcacde42 in /usr/local/lib/python3.12/dist-packages/torch/lib/libtorch_cpu.so)
frame #3: <unknown function> + 0x5ffe94e (0x77c9fcacf94e in /usr/local/lib/python3.12/dist-packages/torch/lib/libtorch_cpu.so)
frame #4: c10d::TCPStore::check(std::vector<std::__cxx11::basic_string<char, std::char_traits<char>, std::allocator<char> >, std::allocator<std::__cxx11::basic_string<char, std::char_traits<char>, std::allocator<char> > > > const&) + 0x30e (0x77c9fcaca26e in /usr/local/lib/python3.12/dist-packages/torch/lib/libtorch_cpu.so)
frame #5: c10d::ProcessGroupNCCL::HeartbeatMonitor::runLoop() + 0x3c8 (0x77c9bb649868 in /usr/local/lib/python3.12/dist-packages/torch/lib/libtorch_cuda.so)
frame #6: <unknown function> + 0xecdb4 (0x77ca1cd97db4 in /lib/x86_64-linux-gnu/libstdc++.so.6)
frame #7: <unknown function> + 0x9caa4 (0x77ca1f816aa4 in /lib/x86_64-linux-gnu/libc.so.6)
frame #8: __clone + 0x44 (0x77ca1f8a3a64 in /lib/x86_64-linux-gnu/libc.so.6)

[rank6]:[W421 05:05:15.126570405 ProcessGroupNCCL.cpp:1771] [PG ID 0 PG GUID 0(default_pg) Rank 6] Failed to check the "should dump" flag on TCPStore, (maybe TCPStore server has shut down too early), with error: Broken pipe
[rank4]:[W421 05:05:15.723698949 TCPStore.cpp:106] [c10d] sendBytes failed on SocketImpl(fd=90, addr=[8f9e71dd3259]:34834, remote=[8f9e71dd3259]:42409): Broken pipe
Exception raised from sendBytes at /pytorch/torch/csrc/distributed/c10d/Utils.hpp:653 (most recent call first):
frame #0: c10::Error::Error(c10::SourceLocation, std::__cxx11::basic_string<char, std::char_traits<char>, std::allocator<char> >) + 0x80 (0x7b1211392b80 in /usr/local/lib/python3.12/dist-packages/torch/lib/libc10.so)
frame #1: <unknown function> + 0x5ffc5b1 (0x7b11f42cd5b1 in /usr/local/lib/python3.12/dist-packages/torch/lib/libtorch_cpu.so)
frame #2: <unknown function> + 0x5ffce42 (0x7b11f42cde42 in /usr/local/lib/python3.12/dist-packages/torch/lib/libtorch_cpu.so)
frame #3: <unknown function> + 0x5ffe94e (0x7b11f42cf94e in /usr/local/lib/python3.12/dist-packages/torch/lib/libtorch_cpu.so)
frame #4: c10d::TCPStore::check(std::vector<std::__cxx11::basic_string<char, std::char_traits<char>, std::allocator<char> >, std::allocator<std::__cxx11::basic_string<char, std::char_traits<char>, std::allocator<char> > > > const&) + 0x30e (0x7b11f42ca26e in /usr/local/lib/python3.12/dist-packages/torch/lib/libtorch_cpu.so)
frame #5: c10d::ProcessGroupNCCL::HeartbeatMonitor::runLoop() + 0x3c8 (0x7b11b2e49868 in /usr/local/lib/python3.12/dist-packages/torch/lib/libtorch_cuda.so)
frame #6: <unknown function> + 0xecdb4 (0x7b121458ddb4 in /lib/x86_64-linux-gnu/libstdc++.so.6)
frame #7: <unknown function> + 0x9caa4 (0x7b121700caa4 in /lib/x86_64-linux-gnu/libc.so.6)
frame #8: __clone + 0x44 (0x7b1217099a64 in /lib/x86_64-linux-gnu/libc.so.6)

[rank4]:[W421 05:05:15.736446372 ProcessGroupNCCL.cpp:1771] [PG ID 0 PG GUID 0(default_pg) Rank 4] Failed to check the "should dump" flag on TCPStore, (maybe TCPStore server has shut down too early), with error: Broken pipe
[rank0]:[W421 05:05:16.824939388 TCPStore.cpp:106] [c10d] sendBytes failed on SocketImpl(fd=90, addr=[8f9e71dd3259]:34854, remote=[8f9e71dd3259]:42409): Broken pipe
Exception raised from sendBytes at /pytorch/torch/csrc/distributed/c10d/Utils.hpp:653 (most recent call first):
frame #0: c10::Error::Error(c10::SourceLocation, std::__cxx11::basic_string<char, std::char_traits<char>, std::allocator<char> >) + 0x80 (0x7c8c8677cb80 in /usr/local/lib/python3.12/dist-packages/torch/lib/libc10.so)
frame #1: <unknown function> + 0x5ffc5b1 (0x7c8c69acd5b1 in /usr/local/lib/python3.12/dist-packages/torch/lib/libtorch_cpu.so)
frame #2: <unknown function> + 0x5ffce42 (0x7c8c69acde42 in /usr/local/lib/python3.12/dist-packages/torch/lib/libtorch_cpu.so)
frame #3: <unknown function> + 0x5ffe94e (0x7c8c69acf94e in /usr/local/lib/python3.12/dist-packages/torch/lib/libtorch_cpu.so)
frame #4: c10d::TCPStore::check(std::vector<std::__cxx11::basic_string<char, std::char_traits<char>, std::allocator<char> >, std::allocator<std::__cxx11::basic_string<char, std::char_traits<char>, std::allocator<char> > > > const&) + 0x30e (0x7c8c69aca26e in /usr/local/lib/python3.12/dist-packages/torch/lib/libtorch_cpu.so)
frame #5: c10d::ProcessGroupNCCL::HeartbeatMonitor::runLoop() + 0x3c8 (0x7c8c28649868 in /usr/local/lib/python3.12/dist-packages/torch/lib/libtorch_cuda.so)
frame #6: <unknown function> + 0xecdb4 (0x7c8c89d10db4 in /lib/x86_64-linux-gnu/libstdc++.so.6)
frame #7: <unknown function> + 0x9caa4 (0x7c8c8c78faa4 in /lib/x86_64-linux-gnu/libc.so.6)
frame #8: __clone + 0x44 (0x7c8c8c81ca64 in /lib/x86_64-linux-gnu/libc.so.6)

[rank0]:[W421 05:05:16.837754530 ProcessGroupNCCL.cpp:1771] [PG ID 0 PG GUID 0(default_pg) Rank 0] Failed to check the "should dump" flag on TCPStore, (maybe TCPStore server has shut down too early), with error: Broken pipe
[rank1]:[W421 05:05:16.833524448 TCPStore.cpp:106] [c10d] sendBytes failed on SocketImpl(fd=90, addr=[8f9e71dd3259]:34844, remote=[8f9e71dd3259]:42409): Broken pipe
Exception raised from sendBytes at /pytorch/torch/csrc/distributed/c10d/Utils.hpp:653 (most recent call first):
frame #0: c10::Error::Error(c10::SourceLocation, std::__cxx11::basic_string<char, std::char_traits<char>, std::allocator<char> >) + 0x80 (0x71a805570b80 in /usr/local/lib/python3.12/dist-packages/torch/lib/libc10.so)
frame #1: <unknown function> + 0x5ffc5b1 (0x71a8478cd5b1 in /usr/local/lib/python3.12/dist-packages/torch/lib/libtorch_cpu.so)
frame #2: <unknown function> + 0x5ffce42 (0x71a8478cde42 in /usr/local/lib/python3.12/dist-packages/torch/lib/libtorch_cpu.so)
frame #3: <unknown function> + 0x5ffe94e (0x71a8478cf94e in /usr/local/lib/python3.12/dist-packages/torch/lib/libtorch_cpu.so)
frame #4: c10d::TCPStore::check(std::vector<std::__cxx11::basic_string<char, std::char_traits<char>, std::allocator<char> >, std::allocator<std::__cxx11::basic_string<char, std::char_traits<char>, std::allocator<char> > > > const&) + 0x30e (0x71a8478ca26e in /usr/local/lib/python3.12/dist-packages/torch/lib/libtorch_cpu.so)
frame #5: c10d::ProcessGroupNCCL::HeartbeatMonitor::runLoop() + 0x3c8 (0x71a806449868 in /usr/local/lib/python3.12/dist-packages/torch/lib/libtorch_cuda.so)
frame #6: <unknown function> + 0xecdb4 (0x71a867a0cdb4 in /lib/x86_64-linux-gnu/libstdc++.so.6)
frame #7: <unknown function> + 0x9caa4 (0x71a86a48baa4 in /lib/x86_64-linux-gnu/libc.so.6)
frame #8: __clone + 0x44 (0x71a86a518a64 in /lib/x86_64-linux-gnu/libc.so.6)

[rank1]:[W421 05:05:16.846490147 ProcessGroupNCCL.cpp:1771] [PG ID 0 PG GUID 0(default_pg) Rank 1] Failed to check the "should dump" flag on TCPStore, (maybe TCPStore server has shut down too early), with error: Broken pipe
[rank2]:[W421 05:05:16.835703088 TCPStore.cpp:106] [c10d] sendBytes failed on SocketImpl(fd=90, addr=[8f9e71dd3259]:34868, remote=[8f9e71dd3259]:42409): Broken pipe
Exception raised from sendBytes at /pytorch/torch/csrc/distributed/c10d/Utils.hpp:653 (most recent call first):
frame #0: c10::Error::Error(c10::SourceLocation, std::__cxx11::basic_string<char, std::char_traits<char>, std::allocator<char> >) + 0x80 (0x7676c2970b80 in /usr/local/lib/python3.12/dist-packages/torch/lib/libc10.so)
frame #1: <unknown function> + 0x5ffc5b1 (0x767704ccd5b1 in /usr/local/lib/python3.12/dist-packages/torch/lib/libtorch_cpu.so)
frame #2: <unknown function> + 0x5ffce42 (0x767704ccde42 in /usr/local/lib/python3.12/dist-packages/torch/lib/libtorch_cpu.so)
frame #3: <unknown function> + 0x5ffe94e (0x767704ccf94e in /usr/local/lib/python3.12/dist-packages/torch/lib/libtorch_cpu.so)
frame #4: c10d::TCPStore::check(std::vector<std::__cxx11::basic_string<char, std::char_traits<char>, std::allocator<char> >, std::allocator<std::__cxx11::basic_string<char, std::char_traits<char>, std::allocator<char> > > > const&) + 0x30e (0x767704cca26e in /usr/local/lib/python3.12/dist-packages/torch/lib/libtorch_cpu.so)
frame #5: c10d::ProcessGroupNCCL::HeartbeatMonitor::runLoop() + 0x3c8 (0x7676c3849868 in /usr/local/lib/python3.12/dist-packages/torch/lib/libtorch_cuda.so)
frame #6: <unknown function> + 0xecdb4 (0x767724e02db4 in /lib/x86_64-linux-gnu/libstdc++.so.6)
frame #7: <unknown function> + 0x9caa4 (0x767727881aa4 in /lib/x86_64-linux-gnu/libc.so.6)
frame #8: __clone + 0x44 (0x76772790ea64 in /lib/x86_64-linux-gnu/libc.so.6)

[rank2]:[W421 05:05:16.848717099 ProcessGroupNCCL.cpp:1771] [PG ID 0 PG GUID 0(default_pg) Rank 2] Failed to check the "should dump" flag on TCPStore, (maybe TCPStore server has shut down too early), with error: Broken pipe
[rank7]:[W421 05:05:16.844943378 TCPStore.cpp:106] [c10d] sendBytes failed on SocketImpl(fd=90, addr=[8f9e71dd3259]:34862, remote=[8f9e71dd3259]:42409): Broken pipe
Exception raised from sendBytes at /pytorch/torch/csrc/distributed/c10d/Utils.hpp:653 (most recent call first):
frame #0: c10::Error::Error(c10::SourceLocation, std::__cxx11::basic_string<char, std::char_traits<char>, std::allocator<char> >) + 0x80 (0x73ea2317cb80 in /usr/local/lib/python3.12/dist-packages/torch/lib/libc10.so)
frame #1: <unknown function> + 0x5ffc5b1 (0x73ea064cd5b1 in /usr/local/lib/python3.12/dist-packages/torch/lib/libtorch_cpu.so)
frame #2: <unknown function> + 0x5ffce42 (0x73ea064cde42 in /usr/local/lib/python3.12/dist-packages/torch/lib/libtorch_cpu.so)
frame #3: <unknown function> + 0x5ffe94e (0x73ea064cf94e in /usr/local/lib/python3.12/dist-packages/torch/lib/libtorch_cpu.so)
frame #4: c10d::TCPStore::check(std::vector<std::__cxx11::basic_string<char, std::char_traits<char>, std::allocator<char> >, std::allocator<std::__cxx11::basic_string<char, std::char_traits<char>, std::allocator<char> > > > const&) + 0x30e (0x73ea064ca26e in /usr/local/lib/python3.12/dist-packages/torch/lib/libtorch_cpu.so)
frame #5: c10d::ProcessGroupNCCL::HeartbeatMonitor::runLoop() + 0x3c8 (0x73e9c5049868 in /usr/local/lib/python3.12/dist-packages/torch/lib/libtorch_cuda.so)
frame #6: <unknown function> + 0xecdb4 (0x73ea2670adb4 in /lib/x86_64-linux-gnu/libstdc++.so.6)
frame #7: <unknown function> + 0x9caa4 (0x73ea29189aa4 in /lib/x86_64-linux-gnu/libc.so.6)
frame #8: __clone + 0x44 (0x73ea29216a64 in /lib/x86_64-linux-gnu/libc.so.6)

[rank7]:[W421 05:05:16.857834528 ProcessGroupNCCL.cpp:1771] [PG ID 0 PG GUID 0(default_pg) Rank 7] Failed to check the "should dump" flag on TCPStore, (maybe TCPStore server has shut down too early), with error: Broken pipe
[rank5]:[W421 05:05:16.938472759 TCPStore.cpp:106] [c10d] sendBytes failed on SocketImpl(fd=90, addr=[8f9e71dd3259]:34814, remote=[8f9e71dd3259]:42409): Broken pipe
Exception raised from sendBytes at /pytorch/torch/csrc/distributed/c10d/Utils.hpp:653 (most recent call first):
frame #0: c10::Error::Error(c10::SourceLocation, std::__cxx11::basic_string<char, std::char_traits<char>, std::allocator<char> >) + 0x80 (0x7c605f57cb80 in /usr/local/lib/python3.12/dist-packages/torch/lib/libc10.so)
frame #1: <unknown function> + 0x5ffc5b1 (0x7c60428cd5b1 in /usr/local/lib/python3.12/dist-packages/torch/lib/libtorch_cpu.so)
frame #2: <unknown function> + 0x5ffce42 (0x7c60428cde42 in /usr/local/lib/python3.12/dist-packages/torch/lib/libtorch_cpu.so)
frame #3: <unknown function> + 0x5ffe94e (0x7c60428cf94e in /usr/local/lib/python3.12/dist-packages/torch/lib/libtorch_cpu.so)
frame #4: c10d::TCPStore::check(std::vector<std::__cxx11::basic_string<char, std::char_traits<char>, std::allocator<char> >, std::allocator<std::__cxx11::basic_string<char, std::char_traits<char>, std::allocator<char> > > > const&) + 0x30e (0x7c60428ca26e in /usr/local/lib/python3.12/dist-packages/torch/lib/libtorch_cpu.so)
frame #5: c10d::ProcessGroupNCCL::HeartbeatMonitor::runLoop() + 0x3c8 (0x7c6001449868 in /usr/local/lib/python3.12/dist-packages/torch/lib/libtorch_cuda.so)
frame #6: <unknown function> + 0xecdb4 (0x7c6062b44db4 in /lib/x86_64-linux-gnu/libstdc++.so.6)
frame #7: <unknown function> + 0x9caa4 (0x7c60655c3aa4 in /lib/x86_64-linux-gnu/libc.so.6)
frame #8: __clone + 0x44 (0x7c6065650a64 in /lib/x86_64-linux-gnu/libc.so.6)

[rank5]:[W421 05:05:16.951422853 ProcessGroupNCCL.cpp:1771] [PG ID 0 PG GUID 0(default_pg) Rank 5] Failed to check the "should dump" flag on TCPStore, (maybe TCPStore server has shut down too early), with error: Broken pipe
[rank3]:[W421 05:05:16.045936293 TCPStore.cpp:106] [c10d] sendBytes failed on SocketImpl(fd=90, addr=[8f9e71dd3259]:34820, remote=[8f9e71dd3259]:42409): Broken pipe
Exception raised from sendBytes at /pytorch/torch/csrc/distributed/c10d/Utils.hpp:653 (most recent call first):
frame #0: c10::Error::Error(c10::SourceLocation, std::__cxx11::basic_string<char, std::char_traits<char>, std::allocator<char> >) + 0x80 (0x7def52b7cb80 in /usr/local/lib/python3.12/dist-packages/torch/lib/libc10.so)
frame #1: <unknown function> + 0x5ffc5b1 (0x7def35ecd5b1 in /usr/local/lib/python3.12/dist-packages/torch/lib/libtorch_cpu.so)
frame #2: <unknown function> + 0x5ffce42 (0x7def35ecde42 in /usr/local/lib/python3.12/dist-packages/torch/lib/libtorch_cpu.so)
frame #3: <unknown function> + 0x5ffe94e (0x7def35ecf94e in /usr/local/lib/python3.12/dist-packages/torch/lib/libtorch_cpu.so)
frame #4: c10d::TCPStore::check(std::vector<std::__cxx11::basic_string<char, std::char_traits<char>, std::allocator<char> >, std::allocator<std::__cxx11::basic_string<char, std::char_traits<char>, std::allocator<char> > > > const&) + 0x30e (0x7def35eca26e in /usr/local/lib/python3.12/dist-packages/torch/lib/libtorch_cpu.so)
frame #5: c10d::ProcessGroupNCCL::HeartbeatMonitor::runLoop() + 0x3c8 (0x7deef4a49868 in /usr/local/lib/python3.12/dist-packages/torch/lib/libtorch_cuda.so)
frame #6: <unknown function> + 0xecdb4 (0x7def56100db4 in /lib/x86_64-linux-gnu/libstdc++.so.6)
frame #7: <unknown function> + 0x9caa4 (0x7def58b7faa4 in /lib/x86_64-linux-gnu/libc.so.6)
frame #8: __clone + 0x44 (0x7def58c0ca64 in /lib/x86_64-linux-gnu/libc.so.6)

[rank3]:[W421 05:05:16.059045567 ProcessGroupNCCL.cpp:1771] [PG ID 0 PG GUID 0(default_pg) Rank 3] Failed to check the "should dump" flag on TCPStore, (maybe TCPStore server has shut down too early), with error: Broken pipe
[rank6]:[W421 05:05:16.126720534 TCPStore.cpp:106] [c10d] sendBytes failed on SocketImpl(fd=90, addr=[8f9e71dd3259]:34828, remote=[8f9e71dd3259]:42409): Broken pipe
Exception raised from sendBytes at /pytorch/torch/csrc/distributed/c10d/Utils.hpp:653 (most recent call first):
frame #0: c10::Error::Error(c10::SourceLocation, std::__cxx11::basic_string<char, std::char_traits<char>, std::allocator<char> >) + 0x80 (0x77ca19b92b80 in /usr/local/lib/python3.12/dist-packages/torch/lib/libc10.so)
frame #1: <unknown function> + 0x5ffc5b1 (0x77c9fcacd5b1 in /usr/local/lib/python3.12/dist-packages/torch/lib/libtorch_cpu.so)
frame #2: <unknown function> + 0x5ffce42 (0x77c9fcacde42 in /usr/local/lib/python3.12/dist-packages/torch/lib/libtorch_cpu.so)
frame #3: <unknown function> + 0x5ffe94e (0x77c9fcacf94e in /usr/local/lib/python3.12/dist-packages/torch/lib/libtorch_cpu.so)
frame #4: c10d::TCPStore::check(std::vector<std::__cxx11::basic_string<char, std::char_traits<char>, std::allocator<char> >, std::allocator<std::__cxx11::basic_string<char, std::char_traits<char>, std::allocator<char> > > > const&) + 0x30e (0x77c9fcaca26e in /usr/local/lib/python3.12/dist-packages/torch/lib/libtorch_cpu.so)
frame #5: c10d::ProcessGroupNCCL::HeartbeatMonitor::runLoop() + 0x3c8 (0x77c9bb649868 in /usr/local/lib/python3.12/dist-packages/torch/lib/libtorch_cuda.so)
frame #6: <unknown function> + 0xecdb4 (0x77ca1cd97db4 in /lib/x86_64-linux-gnu/libstdc++.so.6)
frame #7: <unknown function> + 0x9caa4 (0x77ca1f816aa4 in /lib/x86_64-linux-gnu/libc.so.6)
frame #8: __clone + 0x44 (0x77ca1f8a3a64 in /lib/x86_64-linux-gnu/libc.so.6)

[rank6]:[W421 05:05:16.139715353 ProcessGroupNCCL.cpp:1771] [PG ID 0 PG GUID 0(default_pg) Rank 6] Failed to check the "should dump" flag on TCPStore, (maybe TCPStore server has shut down too early), with error: Broken pipe
[rank4]:[W421 05:05:16.736551474 TCPStore.cpp:106] [c10d] sendBytes failed on SocketImpl(fd=90, addr=[8f9e71dd3259]:34834, remote=[8f9e71dd3259]:42409): Broken pipe
Exception raised from sendBytes at /pytorch/torch/csrc/distributed/c10d/Utils.hpp:653 (most recent call first):
frame #0: c10::Error::Error(c10::SourceLocation, std::__cxx11::basic_string<char, std::char_traits<char>, std::allocator<char> >) + 0x80 (0x7b1211392b80 in /usr/local/lib/python3.12/dist-packages/torch/lib/libc10.so)
frame #1: <unknown function> + 0x5ffc5b1 (0x7b11f42cd5b1 in /usr/local/lib/python3.12/dist-packages/torch/lib/libtorch_cpu.so)
frame #2: <unknown function> + 0x5ffce42 (0x7b11f42cde42 in /usr/local/lib/python3.12/dist-packages/torch/lib/libtorch_cpu.so)
frame #3: <unknown function> + 0x5ffe94e (0x7b11f42cf94e in /usr/local/lib/python3.12/dist-packages/torch/lib/libtorch_cpu.so)
frame #4: c10d::TCPStore::check(std::vector<std::__cxx11::basic_string<char, std::char_traits<char>, std::allocator<char> >, std::allocator<std::__cxx11::basic_string<char, std::char_traits<char>, std::allocator<char> > > > const&) + 0x30e (0x7b11f42ca26e in /usr/local/lib/python3.12/dist-packages/torch/lib/libtorch_cpu.so)
frame #5: c10d::ProcessGroupNCCL::HeartbeatMonitor::runLoop() + 0x3c8 (0x7b11b2e49868 in /usr/local/lib/python3.12/dist-packages/torch/lib/libtorch_cuda.so)
frame #6: <unknown function> + 0xecdb4 (0x7b121458ddb4 in /lib/x86_64-linux-gnu/libstdc++.so.6)
frame #7: <unknown function> + 0x9caa4 (0x7b121700caa4 in /lib/x86_64-linux-gnu/libc.so.6)
frame #8: __clone + 0x44 (0x7b1217099a64 in /lib/x86_64-linux-gnu/libc.so.6)

[rank4]:[W421 05:05:16.749540521 ProcessGroupNCCL.cpp:1771] [PG ID 0 PG GUID 0(default_pg) Rank 4] Failed to check the "should dump" flag on TCPStore, (maybe TCPStore server has shut down too early), with error: Broken pipe
[rank0]:[W421 05:05:17.837862581 TCPStore.cpp:106] [c10d] sendBytes failed on SocketImpl(fd=90, addr=[8f9e71dd3259]:34854, remote=[8f9e71dd3259]:42409): Broken pipe
Exception raised from sendBytes at /pytorch/torch/csrc/distributed/c10d/Utils.hpp:653 (most recent call first):
frame #0: c10::Error::Error(c10::SourceLocation, std::__cxx11::basic_string<char, std::char_traits<char>, std::allocator<char> >) + 0x80 (0x7c8c8677cb80 in /usr/local/lib/python3.12/dist-packages/torch/lib/libc10.so)
frame #1: <unknown function> + 0x5ffc5b1 (0x7c8c69acd5b1 in /usr/local/lib/python3.12/dist-packages/torch/lib/libtorch_cpu.so)
frame #2: <unknown function> + 0x5ffce42 (0x7c8c69acde42 in /usr/local/lib/python3.12/dist-packages/torch/lib/libtorch_cpu.so)
frame #3: <unknown function> + 0x5ffe94e (0x7c8c69acf94e in /usr/local/lib/python3.12/dist-packages/torch/lib/libtorch_cpu.so)
frame #4: c10d::TCPStore::check(std::vector<std::__cxx11::basic_string<char, std::char_traits<char>, std::allocator<char> >, std::allocator<std::__cxx11::basic_string<char, std::char_traits<char>, std::allocator<char> > > > const&) + 0x30e (0x7c8c69aca26e in /usr/local/lib/python3.12/dist-packages/torch/lib/libtorch_cpu.so)
frame #5: c10d::ProcessGroupNCCL::HeartbeatMonitor::runLoop() + 0x3c8 (0x7c8c28649868 in /usr/local/lib/python3.12/dist-packages/torch/lib/libtorch_cuda.so)
frame #6: <unknown function> + 0xecdb4 (0x7c8c89d10db4 in /lib/x86_64-linux-gnu/libstdc++.so.6)
frame #7: <unknown function> + 0x9caa4 (0x7c8c8c78faa4 in /lib/x86_64-linux-gnu/libc.so.6)
frame #8: __clone + 0x44 (0x7c8c8c81ca64 in /lib/x86_64-linux-gnu/libc.so.6)

[rank0]:[W421 05:05:17.850815620 ProcessGroupNCCL.cpp:1771] [PG ID 0 PG GUID 0(default_pg) Rank 0] Failed to check the "should dump" flag on TCPStore, (maybe TCPStore server has shut down too early), with error: Broken pipe
[rank1]:[W421 05:05:17.846583737 TCPStore.cpp:106] [c10d] sendBytes failed on SocketImpl(fd=90, addr=[8f9e71dd3259]:34844, remote=[8f9e71dd3259]:42409): Broken pipe
Exception raised from sendBytes at /pytorch/torch/csrc/distributed/c10d/Utils.hpp:653 (most recent call first):
frame #0: c10::Error::Error(c10::SourceLocation, std::__cxx11::basic_string<char, std::char_traits<char>, std::allocator<char> >) + 0x80 (0x71a805570b80 in /usr/local/lib/python3.12/dist-packages/torch/lib/libc10.so)
frame #1: <unknown function> + 0x5ffc5b1 (0x71a8478cd5b1 in /usr/local/lib/python3.12/dist-packages/torch/lib/libtorch_cpu.so)
frame #2: <unknown function> + 0x5ffce42 (0x71a8478cde42 in /usr/local/lib/python3.12/dist-packages/torch/lib/libtorch_cpu.so)
frame #3: <unknown function> + 0x5ffe94e (0x71a8478cf94e in /usr/local/lib/python3.12/dist-packages/torch/lib/libtorch_cpu.so)
frame #4: c10d::TCPStore::check(std::vector<std::__cxx11::basic_string<char, std::char_traits<char>, std::allocator<char> >, std::allocator<std::__cxx11::basic_string<char, std::char_traits<char>, std::allocator<char> > > > const&) + 0x30e (0x71a8478ca26e in /usr/local/lib/python3.12/dist-packages/torch/lib/libtorch_cpu.so)
frame #5: c10d::ProcessGroupNCCL::HeartbeatMonitor::runLoop() + 0x3c8 (0x71a806449868 in /usr/local/lib/python3.12/dist-packages/torch/lib/libtorch_cuda.so)
frame #6: <unknown function> + 0xecdb4 (0x71a867a0cdb4 in /lib/x86_64-linux-gnu/libstdc++.so.6)
frame #7: <unknown function> + 0x9caa4 (0x71a86a48baa4 in /lib/x86_64-linux-gnu/libc.so.6)
frame #8: __clone + 0x44 (0x71a86a518a64 in /lib/x86_64-linux-gnu/libc.so.6)

[rank1]:[W421 05:05:17.859424814 ProcessGroupNCCL.cpp:1771] [PG ID 0 PG GUID 0(default_pg) Rank 1] Failed to check the "should dump" flag on TCPStore, (maybe TCPStore server has shut down too early), with error: Broken pipe
[rank2]:[W421 05:05:17.848824936 TCPStore.cpp:106] [c10d] sendBytes failed on SocketImpl(fd=90, addr=[8f9e71dd3259]:34868, remote=[8f9e71dd3259]:42409): Broken pipe
Exception raised from sendBytes at /pytorch/torch/csrc/distributed/c10d/Utils.hpp:653 (most recent call first):
frame #0: c10::Error::Error(c10::SourceLocation, std::__cxx11::basic_string<char, std::char_traits<char>, std::allocator<char> >) + 0x80 (0x7676c2970b80 in /usr/local/lib/python3.12/dist-packages/torch/lib/libc10.so)
frame #1: <unknown function> + 0x5ffc5b1 (0x767704ccd5b1 in /usr/local/lib/python3.12/dist-packages/torch/lib/libtorch_cpu.so)
frame #2: <unknown function> + 0x5ffce42 (0x767704ccde42 in /usr/local/lib/python3.12/dist-packages/torch/lib/libtorch_cpu.so)
frame #3: <unknown function> + 0x5ffe94e (0x767704ccf94e in /usr/local/lib/python3.12/dist-packages/torch/lib/libtorch_cpu.so)
frame #4: c10d::TCPStore::check(std::vector<std::__cxx11::basic_string<char, std::char_traits<char>, std::allocator<char> >, std::allocator<std::__cxx11::basic_string<char, std::char_traits<char>, std::allocator<char> > > > const&) + 0x30e (0x767704cca26e in /usr/local/lib/python3.12/dist-packages/torch/lib/libtorch_cpu.so)
frame #5: c10d::ProcessGroupNCCL::HeartbeatMonitor::runLoop() + 0x3c8 (0x7676c3849868 in /usr/local/lib/python3.12/dist-packages/torch/lib/libtorch_cuda.so)
frame #6: <unknown function> + 0xecdb4 (0x767724e02db4 in /lib/x86_64-linux-gnu/libstdc++.so.6)
frame #7: <unknown function> + 0x9caa4 (0x767727881aa4 in /lib/x86_64-linux-gnu/libc.so.6)
frame #8: __clone + 0x44 (0x76772790ea64 in /lib/x86_64-linux-gnu/libc.so.6)

[rank2]:[W421 05:05:17.861719066 ProcessGroupNCCL.cpp:1771] [PG ID 0 PG GUID 0(default_pg) Rank 2] Failed to check the "should dump" flag on TCPStore, (maybe TCPStore server has shut down too early), with error: Broken pipe
[rank7]:[W421 05:05:17.857925781 TCPStore.cpp:106] [c10d] sendBytes failed on SocketImpl(fd=90, addr=[8f9e71dd3259]:34862, remote=[8f9e71dd3259]:42409): Broken pipe
Exception raised from sendBytes at /pytorch/torch/csrc/distributed/c10d/Utils.hpp:653 (most recent call first):
frame #0: c10::Error::Error(c10::SourceLocation, std::__cxx11::basic_string<char, std::char_traits<char>, std::allocator<char> >) + 0x80 (0x73ea2317cb80 in /usr/local/lib/python3.12/dist-packages/torch/lib/libc10.so)
frame #1: <unknown function> + 0x5ffc5b1 (0x73ea064cd5b1 in /usr/local/lib/python3.12/dist-packages/torch/lib/libtorch_cpu.so)
frame #2: <unknown function> + 0x5ffce42 (0x73ea064cde42 in /usr/local/lib/python3.12/dist-packages/torch/lib/libtorch_cpu.so)
frame #3: <unknown function> + 0x5ffe94e (0x73ea064cf94e in /usr/local/lib/python3.12/dist-packages/torch/lib/libtorch_cpu.so)
frame #4: c10d::TCPStore::check(std::vector<std::__cxx11::basic_string<char, std::char_traits<char>, std::allocator<char> >, std::allocator<std::__cxx11::basic_string<char, std::char_traits<char>, std::allocator<char> > > > const&) + 0x30e (0x73ea064ca26e in /usr/local/lib/python3.12/dist-packages/torch/lib/libtorch_cpu.so)
frame #5: c10d::ProcessGroupNCCL::HeartbeatMonitor::runLoop() + 0x3c8 (0x73e9c5049868 in /usr/local/lib/python3.12/dist-packages/torch/lib/libtorch_cuda.so)
frame #6: <unknown function> + 0xecdb4 (0x73ea2670adb4 in /lib/x86_64-linux-gnu/libstdc++.so.6)
frame #7: <unknown function> + 0x9caa4 (0x73ea29189aa4 in /lib/x86_64-linux-gnu/libc.so.6)
frame #8: __clone + 0x44 (0x73ea29216a64 in /lib/x86_64-linux-gnu/libc.so.6)

[rank7]:[W421 05:05:17.870836214 ProcessGroupNCCL.cpp:1771] [PG ID 0 PG GUID 0(default_pg) Rank 7] Failed to check the "should dump" flag on TCPStore, (maybe TCPStore server has shut down too early), with error: Broken pipe
[rank5]:[W421 05:05:17.951515649 TCPStore.cpp:106] [c10d] sendBytes failed on SocketImpl(fd=90, addr=[8f9e71dd3259]:34814, remote=[8f9e71dd3259]:42409): Broken pipe
Exception raised from sendBytes at /pytorch/torch/csrc/distributed/c10d/Utils.hpp:653 (most recent call first):
frame #0: c10::Error::Error(c10::SourceLocation, std::__cxx11::basic_string<char, std::char_traits<char>, std::allocator<char> >) + 0x80 (0x7c605f57cb80 in /usr/local/lib/python3.12/dist-packages/torch/lib/libc10.so)
frame #1: <unknown function> + 0x5ffc5b1 (0x7c60428cd5b1 in /usr/local/lib/python3.12/dist-packages/torch/lib/libtorch_cpu.so)
frame #2: <unknown function> + 0x5ffce42 (0x7c60428cde42 in /usr/local/lib/python3.12/dist-packages/torch/lib/libtorch_cpu.so)
frame #3: <unknown function> + 0x5ffe94e (0x7c60428cf94e in /usr/local/lib/python3.12/dist-packages/torch/lib/libtorch_cpu.so)
frame #4: c10d::TCPStore::check(std::vector<std::__cxx11::basic_string<char, std::char_traits<char>, std::allocator<char> >, std::allocator<std::__cxx11::basic_string<char, std::char_traits<char>, std::allocator<char> > > > const&) + 0x30e (0x7c60428ca26e in /usr/local/lib/python3.12/dist-packages/torch/lib/libtorch_cpu.so)
frame #5: c10d::ProcessGroupNCCL::HeartbeatMonitor::runLoop() + 0x3c8 (0x7c6001449868 in /usr/local/lib/python3.12/dist-packages/torch/lib/libtorch_cuda.so)
frame #6: <unknown function> + 0xecdb4 (0x7c6062b44db4 in /lib/x86_64-linux-gnu/libstdc++.so.6)
frame #7: <unknown function> + 0x9caa4 (0x7c60655c3aa4 in /lib/x86_64-linux-gnu/libc.so.6)
frame #8: __clone + 0x44 (0x7c6065650a64 in /lib/x86_64-linux-gnu/libc.so.6)

[rank5]:[W421 05:05:17.964305777 ProcessGroupNCCL.cpp:1771] [PG ID 0 PG GUID 0(default_pg) Rank 5] Failed to check the "should dump" flag on TCPStore, (maybe TCPStore server has shut down too early), with error: Broken pipe
[rank3]:[W421 05:05:17.059195274 TCPStore.cpp:106] [c10d] sendBytes failed on SocketImpl(fd=90, addr=[8f9e71dd3259]:34820, remote=[8f9e71dd3259]:42409): Broken pipe
Exception raised from sendBytes at /pytorch/torch/csrc/distributed/c10d/Utils.hpp:653 (most recent call first):
frame #0: c10::Error::Error(c10::SourceLocation, std::__cxx11::basic_string<char, std::char_traits<char>, std::allocator<char> >) + 0x80 (0x7def52b7cb80 in /usr/local/lib/python3.12/dist-packages/torch/lib/libc10.so)
frame #1: <unknown function> + 0x5ffc5b1 (0x7def35ecd5b1 in /usr/local/lib/python3.12/dist-packages/torch/lib/libtorch_cpu.so)
frame #2: <unknown function> + 0x5ffce42 (0x7def35ecde42 in /usr/local/lib/python3.12/dist-packages/torch/lib/libtorch_cpu.so)
frame #3: <unknown function> + 0x5ffe94e (0x7def35ecf94e in /usr/local/lib/python3.12/dist-packages/torch/lib/libtorch_cpu.so)
frame #4: c10d::TCPStore::check(std::vector<std::__cxx11::basic_string<char, std::char_traits<char>, std::allocator<char> >, std::allocator<std::__cxx11::basic_string<char, std::char_traits<char>, std::allocator<char> > > > const&) + 0x30e (0x7def35eca26e in /usr/local/lib/python3.12/dist-packages/torch/lib/libtorch_cpu.so)
frame #5: c10d::ProcessGroupNCCL::HeartbeatMonitor::runLoop() + 0x3c8 (0x7deef4a49868 in /usr/local/lib/python3.12/dist-packages/torch/lib/libtorch_cuda.so)
frame #6: <unknown function> + 0xecdb4 (0x7def56100db4 in /lib/x86_64-linux-gnu/libstdc++.so.6)
frame #7: <unknown function> + 0x9caa4 (0x7def58b7faa4 in /lib/x86_64-linux-gnu/libc.so.6)
frame #8: __clone + 0x44 (0x7def58c0ca64 in /lib/x86_64-linux-gnu/libc.so.6)

[rank3]:[W421 05:05:17.072486389 ProcessGroupNCCL.cpp:1771] [PG ID 0 PG GUID 0(default_pg) Rank 3] Failed to check the "should dump" flag on TCPStore, (maybe TCPStore server has shut down too early), with error: Broken pipe
[rank6]:[W421 05:05:17.139875688 TCPStore.cpp:106] [c10d] sendBytes failed on SocketImpl(fd=90, addr=[8f9e71dd3259]:34828, remote=[8f9e71dd3259]:42409): Broken pipe
Exception raised from sendBytes at /pytorch/torch/csrc/distributed/c10d/Utils.hpp:653 (most recent call first):
frame #0: c10::Error::Error(c10::SourceLocation, std::__cxx11::basic_string<char, std::char_traits<char>, std::allocator<char> >) + 0x80 (0x77ca19b92b80 in /usr/local/lib/python3.12/dist-packages/torch/lib/libc10.so)
frame #1: <unknown function> + 0x5ffc5b1 (0x77c9fcacd5b1 in /usr/local/lib/python3.12/dist-packages/torch/lib/libtorch_cpu.so)
frame #2: <unknown function> + 0x5ffce42 (0x77c9fcacde42 in /usr/local/lib/python3.12/dist-packages/torch/lib/libtorch_cpu.so)
frame #3: <unknown function> + 0x5ffe94e (0x77c9fcacf94e in /usr/local/lib/python3.12/dist-packages/torch/lib/libtorch_cpu.so)
frame #4: c10d::TCPStore::check(std::vector<std::__cxx11::basic_string<char, std::char_traits<char>, std::allocator<char> >, std::allocator<std::__cxx11::basic_string<char, std::char_traits<char>, std::allocator<char> > > > const&) + 0x30e (0x77c9fcaca26e in /usr/local/lib/python3.12/dist-packages/torch/lib/libtorch_cpu.so)
frame #5: c10d::ProcessGroupNCCL::HeartbeatMonitor::runLoop() + 0x3c8 (0x77c9bb649868 in /usr/local/lib/python3.12/dist-packages/torch/lib/libtorch_cuda.so)
frame #6: <unknown function> + 0xecdb4 (0x77ca1cd97db4 in /lib/x86_64-linux-gnu/libstdc++.so.6)
frame #7: <unknown function> + 0x9caa4 (0x77ca1f816aa4 in /lib/x86_64-linux-gnu/libc.so.6)
frame #8: __clone + 0x44 (0x77ca1f8a3a64 in /lib/x86_64-linux-gnu/libc.so.6)

[rank6]:[W421 05:05:17.153034668 ProcessGroupNCCL.cpp:1771] [PG ID 0 PG GUID 0(default_pg) Rank 6] Failed to check the "should dump" flag on TCPStore, (maybe TCPStore server has shut down too early), with error: Broken pipe
[rank4]:[W421 05:05:17.749627338 TCPStore.cpp:106] [c10d] sendBytes failed on SocketImpl(fd=90, addr=[8f9e71dd3259]:34834, remote=[8f9e71dd3259]:42409): Broken pipe
Exception raised from sendBytes at /pytorch/torch/csrc/distributed/c10d/Utils.hpp:653 (most recent call first):
frame #0: c10::Error::Error(c10::SourceLocation, std::__cxx11::basic_string<char, std::char_traits<char>, std::allocator<char> >) + 0x80 (0x7b1211392b80 in /usr/local/lib/python3.12/dist-packages/torch/lib/libc10.so)
frame #1: <unknown function> + 0x5ffc5b1 (0x7b11f42cd5b1 in /usr/local/lib/python3.12/dist-packages/torch/lib/libtorch_cpu.so)
frame #2: <unknown function> + 0x5ffce42 (0x7b11f42cde42 in /usr/local/lib/python3.12/dist-packages/torch/lib/libtorch_cpu.so)
frame #3: <unknown function> + 0x5ffe94e (0x7b11f42cf94e in /usr/local/lib/python3.12/dist-packages/torch/lib/libtorch_cpu.so)
frame #4: c10d::TCPStore::check(std::vector<std::__cxx11::basic_string<char, std::char_traits<char>, std::allocator<char> >, std::allocator<std::__cxx11::basic_string<char, std::char_traits<char>, std::allocator<char> > > > const&) + 0x30e (0x7b11f42ca26e in /usr/local/lib/python3.12/dist-packages/torch/lib/libtorch_cpu.so)
frame #5: c10d::ProcessGroupNCCL::HeartbeatMonitor::runLoop() + 0x3c8 (0x7b11b2e49868 in /usr/local/lib/python3.12/dist-packages/torch/lib/libtorch_cuda.so)
frame #6: <unknown function> + 0xecdb4 (0x7b121458ddb4 in /lib/x86_64-linux-gnu/libstdc++.so.6)
frame #7: <unknown function> + 0x9caa4 (0x7b121700caa4 in /lib/x86_64-linux-gnu/libc.so.6)
frame #8: __clone + 0x44 (0x7b1217099a64 in /lib/x86_64-linux-gnu/libc.so.6)

[rank4]:[W421 05:05:17.762388636 ProcessGroupNCCL.cpp:1771] [PG ID 0 PG GUID 0(default_pg) Rank 4] Failed to check the "should dump" flag on TCPStore, (maybe TCPStore server has shut down too early), with error: Broken pipe
[rank0]:[W421 05:05:18.850948300 TCPStore.cpp:106] [c10d] sendBytes failed on SocketImpl(fd=90, addr=[8f9e71dd3259]:34854, remote=[8f9e71dd3259]:42409): Broken pipe
Exception raised from sendBytes at /pytorch/torch/csrc/distributed/c10d/Utils.hpp:653 (most recent call first):
frame #0: c10::Error::Error(c10::SourceLocation, std::__cxx11::basic_string<char, std::char_traits<char>, std::allocator<char> >) + 0x80 (0x7c8c8677cb80 in /usr/local/lib/python3.12/dist-packages/torch/lib/libc10.so)
frame #1: <unknown function> + 0x5ffc5b1 (0x7c8c69acd5b1 in /usr/local/lib/python3.12/dist-packages/torch/lib/libtorch_cpu.so)
frame #2: <unknown function> + 0x5ffce42 (0x7c8c69acde42 in /usr/local/lib/python3.12/dist-packages/torch/lib/libtorch_cpu.so)
frame #3: <unknown function> + 0x5ffe94e (0x7c8c69acf94e in /usr/local/lib/python3.12/dist-packages/torch/lib/libtorch_cpu.so)
frame #4: c10d::TCPStore::check(std::vector<std::__cxx11::basic_string<char, std::char_traits<char>, std::allocator<char> >, std::allocator<std::__cxx11::basic_string<char, std::char_traits<char>, std::allocator<char> > > > const&) + 0x30e (0x7c8c69aca26e in /usr/local/lib/python3.12/dist-packages/torch/lib/libtorch_cpu.so)
frame #5: c10d::ProcessGroupNCCL::HeartbeatMonitor::runLoop() + 0x3c8 (0x7c8c28649868 in /usr/local/lib/python3.12/dist-packages/torch/lib/libtorch_cuda.so)
frame #6: <unknown function> + 0xecdb4 (0x7c8c89d10db4 in /lib/x86_64-linux-gnu/libstdc++.so.6)
frame #7: <unknown function> + 0x9caa4 (0x7c8c8c78faa4 in /lib/x86_64-linux-gnu/libc.so.6)
frame #8: __clone + 0x44 (0x7c8c8c81ca64 in /lib/x86_64-linux-gnu/libc.so.6)

[rank0]:[W421 05:05:18.863832804 ProcessGroupNCCL.cpp:1771] [PG ID 0 PG GUID 0(default_pg) Rank 0] Failed to check the "should dump" flag on TCPStore, (maybe TCPStore server has shut down too early), with error: Broken pipe
[rank1]:[W421 05:05:18.859518041 TCPStore.cpp:106] [c10d] sendBytes failed on SocketImpl(fd=90, addr=[8f9e71dd3259]:34844, remote=[8f9e71dd3259]:42409): Broken pipe
Exception raised from sendBytes at /pytorch/torch/csrc/distributed/c10d/Utils.hpp:653 (most recent call first):
frame #0: c10::Error::Error(c10::SourceLocation, std::__cxx11::basic_string<char, std::char_traits<char>, std::allocator<char> >) + 0x80 (0x71a805570b80 in /usr/local/lib/python3.12/dist-packages/torch/lib/libc10.so)
frame #1: <unknown function> + 0x5ffc5b1 (0x71a8478cd5b1 in /usr/local/lib/python3.12/dist-packages/torch/lib/libtorch_cpu.so)
frame #2: <unknown function> + 0x5ffce42 (0x71a8478cde42 in /usr/local/lib/python3.12/dist-packages/torch/lib/libtorch_cpu.so)
frame #3: <unknown function> + 0x5ffe94e (0x71a8478cf94e in /usr/local/lib/python3.12/dist-packages/torch/lib/libtorch_cpu.so)
frame #4: c10d::TCPStore::check(std::vector<std::__cxx11::basic_string<char, std::char_traits<char>, std::allocator<char> >, std::allocator<std::__cxx11::basic_string<char, std::char_traits<char>, std::allocator<char> > > > const&) + 0x30e (0x71a8478ca26e in /usr/local/lib/python3.12/dist-packages/torch/lib/libtorch_cpu.so)
frame #5: c10d::ProcessGroupNCCL::HeartbeatMonitor::runLoop() + 0x3c8 (0x71a806449868 in /usr/local/lib/python3.12/dist-packages/torch/lib/libtorch_cuda.so)
frame #6: <unknown function> + 0xecdb4 (0x71a867a0cdb4 in /lib/x86_64-linux-gnu/libstdc++.so.6)
frame #7: <unknown function> + 0x9caa4 (0x71a86a48baa4 in /lib/x86_64-linux-gnu/libc.so.6)
frame #8: __clone + 0x44 (0x71a86a518a64 in /lib/x86_64-linux-gnu/libc.so.6)

[rank1]:[W421 05:05:18.872329610 ProcessGroupNCCL.cpp:1771] [PG ID 0 PG GUID 0(default_pg) Rank 1] Failed to check the "should dump" flag on TCPStore, (maybe TCPStore server has shut down too early), with error: Broken pipe
[rank2]:[W421 05:05:18.861843801 TCPStore.cpp:106] [c10d] sendBytes failed on SocketImpl(fd=90, addr=[8f9e71dd3259]:34868, remote=[8f9e71dd3259]:42409): Broken pipe
Exception raised from sendBytes at /pytorch/torch/csrc/distributed/c10d/Utils.hpp:653 (most recent call first):
frame #0: c10::Error::Error(c10::SourceLocation, std::__cxx11::basic_string<char, std::char_traits<char>, std::allocator<char> >) + 0x80 (0x7676c2970b80 in /usr/local/lib/python3.12/dist-packages/torch/lib/libc10.so)
frame #1: <unknown function> + 0x5ffc5b1 (0x767704ccd5b1 in /usr/local/lib/python3.12/dist-packages/torch/lib/libtorch_cpu.so)
frame #2: <unknown function> + 0x5ffce42 (0x767704ccde42 in /usr/local/lib/python3.12/dist-packages/torch/lib/libtorch_cpu.so)
frame #3: <unknown function> + 0x5ffe94e (0x767704ccf94e in /usr/local/lib/python3.12/dist-packages/torch/lib/libtorch_cpu.so)
frame #4: c10d::TCPStore::check(std::vector<std::__cxx11::basic_string<char, std::char_traits<char>, std::allocator<char> >, std::allocator<std::__cxx11::basic_string<char, std::char_traits<char>, std::allocator<char> > > > const&) + 0x30e (0x767704cca26e in /usr/local/lib/python3.12/dist-packages/torch/lib/libtorch_cpu.so)
frame #5: c10d::ProcessGroupNCCL::HeartbeatMonitor::runLoop() + 0x3c8 (0x7676c3849868 in /usr/local/lib/python3.12/dist-packages/torch/lib/libtorch_cuda.so)
frame #6: <unknown function> + 0xecdb4 (0x767724e02db4 in /lib/x86_64-linux-gnu/libstdc++.so.6)
frame #7: <unknown function> + 0x9caa4 (0x767727881aa4 in /lib/x86_64-linux-gnu/libc.so.6)
frame #8: __clone + 0x44 (0x76772790ea64 in /lib/x86_64-linux-gnu/libc.so.6)

[rank2]:[W421 05:05:18.874873947 ProcessGroupNCCL.cpp:1771] [PG ID 0 PG GUID 0(default_pg) Rank 2] Failed to check the "should dump" flag on TCPStore, (maybe TCPStore server has shut down too early), with error: Broken pipe
[rank7]:[W421 05:05:18.870927117 TCPStore.cpp:106] [c10d] sendBytes failed on SocketImpl(fd=90, addr=[8f9e71dd3259]:34862, remote=[8f9e71dd3259]:42409): Broken pipe
Exception raised from sendBytes at /pytorch/torch/csrc/distributed/c10d/Utils.hpp:653 (most recent call first):
frame #0: c10::Error::Error(c10::SourceLocation, std::__cxx11::basic_string<char, std::char_traits<char>, std::allocator<char> >) + 0x80 (0x73ea2317cb80 in /usr/local/lib/python3.12/dist-packages/torch/lib/libc10.so)
frame #1: <unknown function> + 0x5ffc5b1 (0x73ea064cd5b1 in /usr/local/lib/python3.12/dist-packages/torch/lib/libtorch_cpu.so)
frame #2: <unknown function> + 0x5ffce42 (0x73ea064cde42 in /usr/local/lib/python3.12/dist-packages/torch/lib/libtorch_cpu.so)
frame #3: <unknown function> + 0x5ffe94e (0x73ea064cf94e in /usr/local/lib/python3.12/dist-packages/torch/lib/libtorch_cpu.so)
frame #4: c10d::TCPStore::check(std::vector<std::__cxx11::basic_string<char, std::char_traits<char>, std::allocator<char> >, std::allocator<std::__cxx11::basic_string<char, std::char_traits<char>, std::allocator<char> > > > const&) + 0x30e (0x73ea064ca26e in /usr/local/lib/python3.12/dist-packages/torch/lib/libtorch_cpu.so)
frame #5: c10d::ProcessGroupNCCL::HeartbeatMonitor::runLoop() + 0x3c8 (0x73e9c5049868 in /usr/local/lib/python3.12/dist-packages/torch/lib/libtorch_cuda.so)
frame #6: <unknown function> + 0xecdb4 (0x73ea2670adb4 in /lib/x86_64-linux-gnu/libstdc++.so.6)
frame #7: <unknown function> + 0x9caa4 (0x73ea29189aa4 in /lib/x86_64-linux-gnu/libc.so.6)
frame #8: __clone + 0x44 (0x73ea29216a64 in /lib/x86_64-linux-gnu/libc.so.6)

[rank7]:[W421 05:05:18.883670485 ProcessGroupNCCL.cpp:1771] [PG ID 0 PG GUID 0(default_pg) Rank 7] Failed to check the "should dump" flag on TCPStore, (maybe TCPStore server has shut down too early), with error: Broken pipe
[rank5]:[W421 05:05:18.964388788 TCPStore.cpp:106] [c10d] sendBytes failed on SocketImpl(fd=90, addr=[8f9e71dd3259]:34814, remote=[8f9e71dd3259]:42409): Broken pipe
Exception raised from sendBytes at /pytorch/torch/csrc/distributed/c10d/Utils.hpp:653 (most recent call first):
frame #0: c10::Error::Error(c10::SourceLocation, std::__cxx11::basic_string<char, std::char_traits<char>, std::allocator<char> >) + 0x80 (0x7c605f57cb80 in /usr/local/lib/python3.12/dist-packages/torch/lib/libc10.so)
frame #1: <unknown function> + 0x5ffc5b1 (0x7c60428cd5b1 in /usr/local/lib/python3.12/dist-packages/torch/lib/libtorch_cpu.so)
frame #2: <unknown function> + 0x5ffce42 (0x7c60428cde42 in /usr/local/lib/python3.12/dist-packages/torch/lib/libtorch_cpu.so)
frame #3: <unknown function> + 0x5ffe94e (0x7c60428cf94e in /usr/local/lib/python3.12/dist-packages/torch/lib/libtorch_cpu.so)
frame #4: c10d::TCPStore::check(std::vector<std::__cxx11::basic_string<char, std::char_traits<char>, std::allocator<char> >, std::allocator<std::__cxx11::basic_string<char, std::char_traits<char>, std::allocator<char> > > > const&) + 0x30e (0x7c60428ca26e in /usr/local/lib/python3.12/dist-packages/torch/lib/libtorch_cpu.so)
frame #5: c10d::ProcessGroupNCCL::HeartbeatMonitor::runLoop() + 0x3c8 (0x7c6001449868 in /usr/local/lib/python3.12/dist-packages/torch/lib/libtorch_cuda.so)
frame #6: <unknown function> + 0xecdb4 (0x7c6062b44db4 in /lib/x86_64-linux-gnu/libstdc++.so.6)
frame #7: <unknown function> + 0x9caa4 (0x7c60655c3aa4 in /lib/x86_64-linux-gnu/libc.so.6)
frame #8: __clone + 0x44 (0x7c6065650a64 in /lib/x86_64-linux-gnu/libc.so.6)

[rank5]:[W421 05:05:18.977194679 ProcessGroupNCCL.cpp:1771] [PG ID 0 PG GUID 0(default_pg) Rank 5] Failed to check the "should dump" flag on TCPStore, (maybe TCPStore server has shut down too early), with error: Broken pipe
[rank3]:[W421 05:05:18.072648940 TCPStore.cpp:106] [c10d] sendBytes failed on SocketImpl(fd=90, addr=[8f9e71dd3259]:34820, remote=[8f9e71dd3259]:42409): Broken pipe
Exception raised from sendBytes at /pytorch/torch/csrc/distributed/c10d/Utils.hpp:653 (most recent call first):
frame #0: c10::Error::Error(c10::SourceLocation, std::__cxx11::basic_string<char, std::char_traits<char>, std::allocator<char> >) + 0x80 (0x7def52b7cb80 in /usr/local/lib/python3.12/dist-packages/torch/lib/libc10.so)
frame #1: <unknown function> + 0x5ffc5b1 (0x7def35ecd5b1 in /usr/local/lib/python3.12/dist-packages/torch/lib/libtorch_cpu.so)
frame #2: <unknown function> + 0x5ffce42 (0x7def35ecde42 in /usr/local/lib/python3.12/dist-packages/torch/lib/libtorch_cpu.so)
frame #3: <unknown function> + 0x5ffe94e (0x7def35ecf94e in /usr/local/lib/python3.12/dist-packages/torch/lib/libtorch_cpu.so)
frame #4: c10d::TCPStore::check(std::vector<std::__cxx11::basic_string<char, std::char_traits<char>, std::allocator<char> >, std::allocator<std::__cxx11::basic_string<char, std::char_traits<char>, std::allocator<char> > > > const&) + 0x30e (0x7def35eca26e in /usr/local/lib/python3.12/dist-packages/torch/lib/libtorch_cpu.so)
frame #5: c10d::ProcessGroupNCCL::HeartbeatMonitor::runLoop() + 0x3c8 (0x7deef4a49868 in /usr/local/lib/python3.12/dist-packages/torch/lib/libtorch_cuda.so)
frame #6: <unknown function> + 0xecdb4 (0x7def56100db4 in /lib/x86_64-linux-gnu/libstdc++.so.6)
frame #7: <unknown function> + 0x9caa4 (0x7def58b7faa4 in /lib/x86_64-linux-gnu/libc.so.6)
frame #8: __clone + 0x44 (0x7def58c0ca64 in /lib/x86_64-linux-gnu/libc.so.6)

[rank3]:[W421 05:05:18.085708592 ProcessGroupNCCL.cpp:1771] [PG ID 0 PG GUID 0(default_pg) Rank 3] Failed to check the "should dump" flag on TCPStore, (maybe TCPStore server has shut down too early), with error: Broken pipe
[rank6]:[W421 05:05:18.153182623 TCPStore.cpp:106] [c10d] sendBytes failed on SocketImpl(fd=90, addr=[8f9e71dd3259]:34828, remote=[8f9e71dd3259]:42409): Broken pipe
Exception raised from sendBytes at /pytorch/torch/csrc/distributed/c10d/Utils.hpp:653 (most recent call first):
frame #0: c10::Error::Error(c10::SourceLocation, std::__cxx11::basic_string<char, std::char_traits<char>, std::allocator<char> >) + 0x80 (0x77ca19b92b80 in /usr/local/lib/python3.12/dist-packages/torch/lib/libc10.so)
frame #1: <unknown function> + 0x5ffc5b1 (0x77c9fcacd5b1 in /usr/local/lib/python3.12/dist-packages/torch/lib/libtorch_cpu.so)
frame #2: <unknown function> + 0x5ffce42 (0x77c9fcacde42 in /usr/local/lib/python3.12/dist-packages/torch/lib/libtorch_cpu.so)
frame #3: <unknown function> + 0x5ffe94e (0x77c9fcacf94e in /usr/local/lib/python3.12/dist-packages/torch/lib/libtorch_cpu.so)
frame #4: c10d::TCPStore::check(std::vector<std::__cxx11::basic_string<char, std::char_traits<char>, std::allocator<char> >, std::allocator<std::__cxx11::basic_string<char, std::char_traits<char>, std::allocator<char> > > > const&) + 0x30e (0x77c9fcaca26e in /usr/local/lib/python3.12/dist-packages/torch/lib/libtorch_cpu.so)
frame #5: c10d::ProcessGroupNCCL::HeartbeatMonitor::runLoop() + 0x3c8 (0x77c9bb649868 in /usr/local/lib/python3.12/dist-packages/torch/lib/libtorch_cuda.so)
frame #6: <unknown function> + 0xecdb4 (0x77ca1cd97db4 in /lib/x86_64-linux-gnu/libstdc++.so.6)
frame #7: <unknown function> + 0x9caa4 (0x77ca1f816aa4 in /lib/x86_64-linux-gnu/libc.so.6)
frame #8: __clone + 0x44 (0x77ca1f8a3a64 in /lib/x86_64-linux-gnu/libc.so.6)

[rank6]:[W421 05:05:18.166241363 ProcessGroupNCCL.cpp:1771] [PG ID 0 PG GUID 0(default_pg) Rank 6] Failed to check the "should dump" flag on TCPStore, (maybe TCPStore server has shut down too early), with error: Broken pipe
[rank4]:[W421 05:05:18.762571905 TCPStore.cpp:106] [c10d] sendBytes failed on SocketImpl(fd=90, addr=[8f9e71dd3259]:34834, remote=[8f9e71dd3259]:42409): Broken pipe
Exception raised from sendBytes at /pytorch/torch/csrc/distributed/c10d/Utils.hpp:653 (most recent call first):
frame #0: c10::Error::Error(c10::SourceLocation, std::__cxx11::basic_string<char, std::char_traits<char>, std::allocator<char> >) + 0x80 (0x7b1211392b80 in /usr/local/lib/python3.12/dist-packages/torch/lib/libc10.so)
frame #1: <unknown function> + 0x5ffc5b1 (0x7b11f42cd5b1 in /usr/local/lib/python3.12/dist-packages/torch/lib/libtorch_cpu.so)
frame #2: <unknown function> + 0x5ffce42 (0x7b11f42cde42 in /usr/local/lib/python3.12/dist-packages/torch/lib/libtorch_cpu.so)
frame #3: <unknown function> + 0x5ffe94e (0x7b11f42cf94e in /usr/local/lib/python3.12/dist-packages/torch/lib/libtorch_cpu.so)
frame #4: c10d::TCPStore::check(std::vector<std::__cxx11::basic_string<char, std::char_traits<char>, std::allocator<char> >, std::allocator<std::__cxx11::basic_string<char, std::char_traits<char>, std::allocator<char> > > > const&) + 0x30e (0x7b11f42ca26e in /usr/local/lib/python3.12/dist-packages/torch/lib/libtorch_cpu.so)
frame #5: c10d::ProcessGroupNCCL::HeartbeatMonitor::runLoop() + 0x3c8 (0x7b11b2e49868 in /usr/local/lib/python3.12/dist-packages/torch/lib/libtorch_cuda.so)
frame #6: <unknown function> + 0xecdb4 (0x7b121458ddb4 in /lib/x86_64-linux-gnu/libstdc++.so.6)
frame #7: <unknown function> + 0x9caa4 (0x7b121700caa4 in /lib/x86_64-linux-gnu/libc.so.6)
frame #8: __clone + 0x44 (0x7b1217099a64 in /lib/x86_64-linux-gnu/libc.so.6)

[rank4]:[W421 05:05:18.775867676 ProcessGroupNCCL.cpp:1771] [PG ID 0 PG GUID 0(default_pg) Rank 4] Failed to check the "should dump" flag on TCPStore, (maybe TCPStore server has shut down too early), with error: Broken pipe
[rank0]:[W421 05:05:19.863953730 TCPStore.cpp:106] [c10d] sendBytes failed on SocketImpl(fd=90, addr=[8f9e71dd3259]:34854, remote=[8f9e71dd3259]:42409): Broken pipe
Exception raised from sendBytes at /pytorch/torch/csrc/distributed/c10d/Utils.hpp:653 (most recent call first):
frame #0: c10::Error::Error(c10::SourceLocation, std::__cxx11::basic_string<char, std::char_traits<char>, std::allocator<char> >) + 0x80 (0x7c8c8677cb80 in /usr/local/lib/python3.12/dist-packages/torch/lib/libc10.so)
frame #1: <unknown function> + 0x5ffc5b1 (0x7c8c69acd5b1 in /usr/local/lib/python3.12/dist-packages/torch/lib/libtorch_cpu.so)
frame #2: <unknown function> + 0x5ffce42 (0x7c8c69acde42 in /usr/local/lib/python3.12/dist-packages/torch/lib/libtorch_cpu.so)
frame #3: <unknown function> + 0x5ffe94e (0x7c8c69acf94e in /usr/local/lib/python3.12/dist-packages/torch/lib/libtorch_cpu.so)
frame #4: c10d::TCPStore::check(std::vector<std::__cxx11::basic_string<char, std::char_traits<char>, std::allocator<char> >, std::allocator<std::__cxx11::basic_string<char, std::char_traits<char>, std::allocator<char> > > > const&) + 0x30e (0x7c8c69aca26e in /usr/local/lib/python3.12/dist-packages/torch/lib/libtorch_cpu.so)
frame #5: c10d::ProcessGroupNCCL::HeartbeatMonitor::runLoop() + 0x3c8 (0x7c8c28649868 in /usr/local/lib/python3.12/dist-packages/torch/lib/libtorch_cuda.so)
frame #6: <unknown function> + 0xecdb4 (0x7c8c89d10db4 in /lib/x86_64-linux-gnu/libstdc++.so.6)
frame #7: <unknown function> + 0x9caa4 (0x7c8c8c78faa4 in /lib/x86_64-linux-gnu/libc.so.6)
frame #8: __clone + 0x44 (0x7c8c8c81ca64 in /lib/x86_64-linux-gnu/libc.so.6)

[rank0]:[W421 05:05:19.876860086 ProcessGroupNCCL.cpp:1771] [PG ID 0 PG GUID 0(default_pg) Rank 0] Failed to check the "should dump" flag on TCPStore, (maybe TCPStore server has shut down too early), with error: Broken pipe
[rank1]:[W421 05:05:19.872431784 TCPStore.cpp:106] [c10d] sendBytes failed on SocketImpl(fd=90, addr=[8f9e71dd3259]:34844, remote=[8f9e71dd3259]:42409): Broken pipe
Exception raised from sendBytes at /pytorch/torch/csrc/distributed/c10d/Utils.hpp:653 (most recent call first):
frame #0: c10::Error::Error(c10::SourceLocation, std::__cxx11::basic_string<char, std::char_traits<char>, std::allocator<char> >) + 0x80 (0x71a805570b80 in /usr/local/lib/python3.12/dist-packages/torch/lib/libc10.so)
frame #1: <unknown function> + 0x5ffc5b1 (0x71a8478cd5b1 in /usr/local/lib/python3.12/dist-packages/torch/lib/libtorch_cpu.so)
frame #2: <unknown function> + 0x5ffce42 (0x71a8478cde42 in /usr/local/lib/python3.12/dist-packages/torch/lib/libtorch_cpu.so)
frame #3: <unknown function> + 0x5ffe94e (0x71a8478cf94e in /usr/local/lib/python3.12/dist-packages/torch/lib/libtorch_cpu.so)
frame #4: c10d::TCPStore::check(std::vector<std::__cxx11::basic_string<char, std::char_traits<char>, std::allocator<char> >, std::allocator<std::__cxx11::basic_string<char, std::char_traits<char>, std::allocator<char> > > > const&) + 0x30e (0x71a8478ca26e in /usr/local/lib/python3.12/dist-packages/torch/lib/libtorch_cpu.so)
frame #5: c10d::ProcessGroupNCCL::HeartbeatMonitor::runLoop() + 0x3c8 (0x71a806449868 in /usr/local/lib/python3.12/dist-packages/torch/lib/libtorch_cuda.so)
frame #6: <unknown function> + 0xecdb4 (0x71a867a0cdb4 in /lib/x86_64-linux-gnu/libstdc++.so.6)
frame #7: <unknown function> + 0x9caa4 (0x71a86a48baa4 in /lib/x86_64-linux-gnu/libc.so.6)
frame #8: __clone + 0x44 (0x71a86a518a64 in /lib/x86_64-linux-gnu/libc.so.6)

[rank1]:[W421 05:05:19.885484175 ProcessGroupNCCL.cpp:1771] [PG ID 0 PG GUID 0(default_pg) Rank 1] Failed to check the "should dump" flag on TCPStore, (maybe TCPStore server has shut down too early), with error: Broken pipe
[rank2]:[W421 05:05:19.874971490 TCPStore.cpp:106] [c10d] sendBytes failed on SocketImpl(fd=90, addr=[8f9e71dd3259]:34868, remote=[8f9e71dd3259]:42409): Broken pipe
Exception raised from sendBytes at /pytorch/torch/csrc/distributed/c10d/Utils.hpp:653 (most recent call first):
frame #0: c10::Error::Error(c10::SourceLocation, std::__cxx11::basic_string<char, std::char_traits<char>, std::allocator<char> >) + 0x80 (0x7676c2970b80 in /usr/local/lib/python3.12/dist-packages/torch/lib/libc10.so)
frame #1: <unknown function> + 0x5ffc5b1 (0x767704ccd5b1 in /usr/local/lib/python3.12/dist-packages/torch/lib/libtorch_cpu.so)
frame #2: <unknown function> + 0x5ffce42 (0x767704ccde42 in /usr/local/lib/python3.12/dist-packages/torch/lib/libtorch_cpu.so)
frame #3: <unknown function> + 0x5ffe94e (0x767704ccf94e in /usr/local/lib/python3.12/dist-packages/torch/lib/libtorch_cpu.so)
frame #4: c10d::TCPStore::check(std::vector<std::__cxx11::basic_string<char, std::char_traits<char>, std::allocator<char> >, std::allocator<std::__cxx11::basic_string<char, std::char_traits<char>, std::allocator<char> > > > const&) + 0x30e (0x767704cca26e in /usr/local/lib/python3.12/dist-packages/torch/lib/libtorch_cpu.so)
frame #5: c10d::ProcessGroupNCCL::HeartbeatMonitor::runLoop() + 0x3c8 (0x7676c3849868 in /usr/local/lib/python3.12/dist-packages/torch/lib/libtorch_cuda.so)
frame #6: <unknown function> + 0xecdb4 (0x767724e02db4 in /lib/x86_64-linux-gnu/libstdc++.so.6)
frame #7: <unknown function> + 0x9caa4 (0x767727881aa4 in /lib/x86_64-linux-gnu/libc.so.6)
frame #8: __clone + 0x44 (0x76772790ea64 in /lib/x86_64-linux-gnu/libc.so.6)

[rank2]:[W421 05:05:19.887865062 ProcessGroupNCCL.cpp:1771] [PG ID 0 PG GUID 0(default_pg) Rank 2] Failed to check the "should dump" flag on TCPStore, (maybe TCPStore server has shut down too early), with error: Broken pipe
[rank7]:[W421 05:05:19.883759946 TCPStore.cpp:106] [c10d] sendBytes failed on SocketImpl(fd=90, addr=[8f9e71dd3259]:34862, remote=[8f9e71dd3259]:42409): Broken pipe
Exception raised from sendBytes at /pytorch/torch/csrc/distributed/c10d/Utils.hpp:653 (most recent call first):
frame #0: c10::Error::Error(c10::SourceLocation, std::__cxx11::basic_string<char, std::char_traits<char>, std::allocator<char> >) + 0x80 (0x73ea2317cb80 in /usr/local/lib/python3.12/dist-packages/torch/lib/libc10.so)
frame #1: <unknown function> + 0x5ffc5b1 (0x73ea064cd5b1 in /usr/local/lib/python3.12/dist-packages/torch/lib/libtorch_cpu.so)
frame #2: <unknown function> + 0x5ffce42 (0x73ea064cde42 in /usr/local/lib/python3.12/dist-packages/torch/lib/libtorch_cpu.so)
frame #3: <unknown function> + 0x5ffe94e (0x73ea064cf94e in /usr/local/lib/python3.12/dist-packages/torch/lib/libtorch_cpu.so)
frame #4: c10d::TCPStore::check(std::vector<std::__cxx11::basic_string<char, std::char_traits<char>, std::allocator<char> >, std::allocator<std::__cxx11::basic_string<char, std::char_traits<char>, std::allocator<char> > > > const&) + 0x30e (0x73ea064ca26e in /usr/local/lib/python3.12/dist-packages/torch/lib/libtorch_cpu.so)
frame #5: c10d::ProcessGroupNCCL::HeartbeatMonitor::runLoop() + 0x3c8 (0x73e9c5049868 in /usr/local/lib/python3.12/dist-packages/torch/lib/libtorch_cuda.so)
frame #6: <unknown function> + 0xecdb4 (0x73ea2670adb4 in /lib/x86_64-linux-gnu/libstdc++.so.6)
frame #7: <unknown function> + 0x9caa4 (0x73ea29189aa4 in /lib/x86_64-linux-gnu/libc.so.6)
frame #8: __clone + 0x44 (0x73ea29216a64 in /lib/x86_64-linux-gnu/libc.so.6)

[rank7]:[W421 05:05:19.896698214 ProcessGroupNCCL.cpp:1771] [PG ID 0 PG GUID 0(default_pg) Rank 7] Failed to check the "should dump" flag on TCPStore, (maybe TCPStore server has shut down too early), with error: Broken pipe
[rank5]:[W421 05:05:19.977298748 TCPStore.cpp:106] [c10d] sendBytes failed on SocketImpl(fd=90, addr=[8f9e71dd3259]:34814, remote=[8f9e71dd3259]:42409): Broken pipe
Exception raised from sendBytes at /pytorch/torch/csrc/distributed/c10d/Utils.hpp:653 (most recent call first):
frame #0: c10::Error::Error(c10::SourceLocation, std::__cxx11::basic_string<char, std::char_traits<char>, std::allocator<char> >) + 0x80 (0x7c605f57cb80 in /usr/local/lib/python3.12/dist-packages/torch/lib/libc10.so)
frame #1: <unknown function> + 0x5ffc5b1 (0x7c60428cd5b1 in /usr/local/lib/python3.12/dist-packages/torch/lib/libtorch_cpu.so)
frame #2: <unknown function> + 0x5ffce42 (0x7c60428cde42 in /usr/local/lib/python3.12/dist-packages/torch/lib/libtorch_cpu.so)
frame #3: <unknown function> + 0x5ffe94e (0x7c60428cf94e in /usr/local/lib/python3.12/dist-packages/torch/lib/libtorch_cpu.so)
frame #4: c10d::TCPStore::check(std::vector<std::__cxx11::basic_string<char, std::char_traits<char>, std::allocator<char> >, std::allocator<std::__cxx11::basic_string<char, std::char_traits<char>, std::allocator<char> > > > const&) + 0x30e (0x7c60428ca26e in /usr/local/lib/python3.12/dist-packages/torch/lib/libtorch_cpu.so)
frame #5: c10d::ProcessGroupNCCL::HeartbeatMonitor::runLoop() + 0x3c8 (0x7c6001449868 in /usr/local/lib/python3.12/dist-packages/torch/lib/libtorch_cuda.so)
frame #6: <unknown function> + 0xecdb4 (0x7c6062b44db4 in /lib/x86_64-linux-gnu/libstdc++.so.6)
frame #7: <unknown function> + 0x9caa4 (0x7c60655c3aa4 in /lib/x86_64-linux-gnu/libc.so.6)
frame #8: __clone + 0x44 (0x7c6065650a64 in /lib/x86_64-linux-gnu/libc.so.6)

[rank5]:[W421 05:05:19.990285933 ProcessGroupNCCL.cpp:1771] [PG ID 0 PG GUID 0(default_pg) Rank 5] Failed to check the "should dump" flag on TCPStore, (maybe TCPStore server has shut down too early), with error: Broken pipe
[rank3]:[W421 05:05:19.085853337 TCPStore.cpp:106] [c10d] sendBytes failed on SocketImpl(fd=90, addr=[8f9e71dd3259]:34820, remote=[8f9e71dd3259]:42409): Broken pipe
Exception raised from sendBytes at /pytorch/torch/csrc/distributed/c10d/Utils.hpp:653 (most recent call first):
frame #0: c10::Error::Error(c10::SourceLocation, std::__cxx11::basic_string<char, std::char_traits<char>, std::allocator<char> >) + 0x80 (0x7def52b7cb80 in /usr/local/lib/python3.12/dist-packages/torch/lib/libc10.so)
frame #1: <unknown function> + 0x5ffc5b1 (0x7def35ecd5b1 in /usr/local/lib/python3.12/dist-packages/torch/lib/libtorch_cpu.so)
frame #2: <unknown function> + 0x5ffce42 (0x7def35ecde42 in /usr/local/lib/python3.12/dist-packages/torch/lib/libtorch_cpu.so)
frame #3: <unknown function> + 0x5ffe94e (0x7def35ecf94e in /usr/local/lib/python3.12/dist-packages/torch/lib/libtorch_cpu.so)
frame #4: c10d::TCPStore::check(std::vector<std::__cxx11::basic_string<char, std::char_traits<char>, std::allocator<char> >, std::allocator<std::__cxx11::basic_string<char, std::char_traits<char>, std::allocator<char> > > > const&) + 0x30e (0x7def35eca26e in /usr/local/lib/python3.12/dist-packages/torch/lib/libtorch_cpu.so)
frame #5: c10d::ProcessGroupNCCL::HeartbeatMonitor::runLoop() + 0x3c8 (0x7deef4a49868 in /usr/local/lib/python3.12/dist-packages/torch/lib/libtorch_cuda.so)
frame #6: <unknown function> + 0xecdb4 (0x7def56100db4 in /lib/x86_64-linux-gnu/libstdc++.so.6)
frame #7: <unknown function> + 0x9caa4 (0x7def58b7faa4 in /lib/x86_64-linux-gnu/libc.so.6)
frame #8: __clone + 0x44 (0x7def58c0ca64 in /lib/x86_64-linux-gnu/libc.so.6)

[rank3]:[W421 05:05:19.098879679 ProcessGroupNCCL.cpp:1771] [PG ID 0 PG GUID 0(default_pg) Rank 3] Failed to check the "should dump" flag on TCPStore, (maybe TCPStore server has shut down too early), with error: Broken pipe
[rank6]:[W421 05:05:19.166375119 TCPStore.cpp:106] [c10d] sendBytes failed on SocketImpl(fd=90, addr=[8f9e71dd3259]:34828, remote=[8f9e71dd3259]:42409): Broken pipe
Exception raised from sendBytes at /pytorch/torch/csrc/distributed/c10d/Utils.hpp:653 (most recent call first):
frame #0: c10::Error::Error(c10::SourceLocation, std::__cxx11::basic_string<char, std::char_traits<char>, std::allocator<char> >) + 0x80 (0x77ca19b92b80 in /usr/local/lib/python3.12/dist-packages/torch/lib/libc10.so)
frame #1: <unknown function> + 0x5ffc5b1 (0x77c9fcacd5b1 in /usr/local/lib/python3.12/dist-packages/torch/lib/libtorch_cpu.so)
frame #2: <unknown function> + 0x5ffce42 (0x77c9fcacde42 in /usr/local/lib/python3.12/dist-packages/torch/lib/libtorch_cpu.so)
frame #3: <unknown function> + 0x5ffe94e (0x77c9fcacf94e in /usr/local/lib/python3.12/dist-packages/torch/lib/libtorch_cpu.so)
frame #4: c10d::TCPStore::check(std::vector<std::__cxx11::basic_string<char, std::char_traits<char>, std::allocator<char> >, std::allocator<std::__cxx11::basic_string<char, std::char_traits<char>, std::allocator<char> > > > const&) + 0x30e (0x77c9fcaca26e in /usr/local/lib/python3.12/dist-packages/torch/lib/libtorch_cpu.so)
frame #5: c10d::ProcessGroupNCCL::HeartbeatMonitor::runLoop() + 0x3c8 (0x77c9bb649868 in /usr/local/lib/python3.12/dist-packages/torch/lib/libtorch_cuda.so)
frame #6: <unknown function> + 0xecdb4 (0x77ca1cd97db4 in /lib/x86_64-linux-gnu/libstdc++.so.6)
frame #7: <unknown function> + 0x9caa4 (0x77ca1f816aa4 in /lib/x86_64-linux-gnu/libc.so.6)
frame #8: __clone + 0x44 (0x77ca1f8a3a64 in /lib/x86_64-linux-gnu/libc.so.6)

[rank6]:[W421 05:05:19.179435931 ProcessGroupNCCL.cpp:1771] [PG ID 0 PG GUID 0(default_pg) Rank 6] Failed to check the "should dump" flag on TCPStore, (maybe TCPStore server has shut down too early), with error: Broken pipe
[rank4]:[W421 05:05:19.775970872 TCPStore.cpp:106] [c10d] sendBytes failed on SocketImpl(fd=90, addr=[8f9e71dd3259]:34834, remote=[8f9e71dd3259]:42409): Broken pipe
Exception raised from sendBytes at /pytorch/torch/csrc/distributed/c10d/Utils.hpp:653 (most recent call first):
frame #0: c10::Error::Error(c10::SourceLocation, std::__cxx11::basic_string<char, std::char_traits<char>, std::allocator<char> >) + 0x80 (0x7b1211392b80 in /usr/local/lib/python3.12/dist-packages/torch/lib/libc10.so)
frame #1: <unknown function> + 0x5ffc5b1 (0x7b11f42cd5b1 in /usr/local/lib/python3.12/dist-packages/torch/lib/libtorch_cpu.so)
frame #2: <unknown function> + 0x5ffce42 (0x7b11f42cde42 in /usr/local/lib/python3.12/dist-packages/torch/lib/libtorch_cpu.so)
frame #3: <unknown function> + 0x5ffe94e (0x7b11f42cf94e in /usr/local/lib/python3.12/dist-packages/torch/lib/libtorch_cpu.so)
frame #4: c10d::TCPStore::check(std::vector<std::__cxx11::basic_string<char, std::char_traits<char>, std::allocator<char> >, std::allocator<std::__cxx11::basic_string<char, std::char_traits<char>, std::allocator<char> > > > const&) + 0x30e (0x7b11f42ca26e in /usr/local/lib/python3.12/dist-packages/torch/lib/libtorch_cpu.so)
frame #5: c10d::ProcessGroupNCCL::HeartbeatMonitor::runLoop() + 0x3c8 (0x7b11b2e49868 in /usr/local/lib/python3.12/dist-packages/torch/lib/libtorch_cuda.so)
frame #6: <unknown function> + 0xecdb4 (0x7b121458ddb4 in /lib/x86_64-linux-gnu/libstdc++.so.6)
frame #7: <unknown function> + 0x9caa4 (0x7b121700caa4 in /lib/x86_64-linux-gnu/libc.so.6)
frame #8: __clone + 0x44 (0x7b1217099a64 in /lib/x86_64-linux-gnu/libc.so.6)

[rank4]:[W421 05:05:19.789008354 ProcessGroupNCCL.cpp:1771] [PG ID 0 PG GUID 0(default_pg) Rank 4] Failed to check the "should dump" flag on TCPStore, (maybe TCPStore server has shut down too early), with error: Broken pipe
[rank0]:[W421 05:05:20.876970761 TCPStore.cpp:106] [c10d] sendBytes failed on SocketImpl(fd=90, addr=[8f9e71dd3259]:34854, remote=[8f9e71dd3259]:42409): Broken pipe
Exception raised from sendBytes at /pytorch/torch/csrc/distributed/c10d/Utils.hpp:653 (most recent call first):
frame #0: c10::Error::Error(c10::SourceLocation, std::__cxx11::basic_string<char, std::char_traits<char>, std::allocator<char> >) + 0x80 (0x7c8c8677cb80 in /usr/local/lib/python3.12/dist-packages/torch/lib/libc10.so)
frame #1: <unknown function> + 0x5ffc5b1 (0x7c8c69acd5b1 in /usr/local/lib/python3.12/dist-packages/torch/lib/libtorch_cpu.so)
frame #2: <unknown function> + 0x5ffce42 (0x7c8c69acde42 in /usr/local/lib/python3.12/dist-packages/torch/lib/libtorch_cpu.so)
frame #3: <unknown function> + 0x5ffe94e (0x7c8c69acf94e in /usr/local/lib/python3.12/dist-packages/torch/lib/libtorch_cpu.so)
frame #4: c10d::TCPStore::check(std::vector<std::__cxx11::basic_string<char, std::char_traits<char>, std::allocator<char> >, std::allocator<std::__cxx11::basic_string<char, std::char_traits<char>, std::allocator<char> > > > const&) + 0x30e (0x7c8c69aca26e in /usr/local/lib/python3.12/dist-packages/torch/lib/libtorch_cpu.so)
frame #5: c10d::ProcessGroupNCCL::HeartbeatMonitor::runLoop() + 0x3c8 (0x7c8c28649868 in /usr/local/lib/python3.12/dist-packages/torch/lib/libtorch_cuda.so)
frame #6: <unknown function> + 0xecdb4 (0x7c8c89d10db4 in /lib/x86_64-linux-gnu/libstdc++.so.6)
frame #7: <unknown function> + 0x9caa4 (0x7c8c8c78faa4 in /lib/x86_64-linux-gnu/libc.so.6)
frame #8: __clone + 0x44 (0x7c8c8c81ca64 in /lib/x86_64-linux-gnu/libc.so.6)

[rank0]:[W421 05:05:20.889830552 ProcessGroupNCCL.cpp:1771] [PG ID 0 PG GUID 0(default_pg) Rank 0] Failed to check the "should dump" flag on TCPStore, (maybe TCPStore server has shut down too early), with error: Broken pipe
[rank1]:[W421 05:05:20.885578641 TCPStore.cpp:106] [c10d] sendBytes failed on SocketImpl(fd=90, addr=[8f9e71dd3259]:34844, remote=[8f9e71dd3259]:42409): Broken pipe
Exception raised from sendBytes at /pytorch/torch/csrc/distributed/c10d/Utils.hpp:653 (most recent call first):
frame #0: c10::Error::Error(c10::SourceLocation, std::__cxx11::basic_string<char, std::char_traits<char>, std::allocator<char> >) + 0x80 (0x71a805570b80 in /usr/local/lib/python3.12/dist-packages/torch/lib/libc10.so)
frame #1: <unknown function> + 0x5ffc5b1 (0x71a8478cd5b1 in /usr/local/lib/python3.12/dist-packages/torch/lib/libtorch_cpu.so)
frame #2: <unknown function> + 0x5ffce42 (0x71a8478cde42 in /usr/local/lib/python3.12/dist-packages/torch/lib/libtorch_cpu.so)
frame #3: <unknown function> + 0x5ffe94e (0x71a8478cf94e in /usr/local/lib/python3.12/dist-packages/torch/lib/libtorch_cpu.so)
frame #4: c10d::TCPStore::check(std::vector<std::__cxx11::basic_string<char, std::char_traits<char>, std::allocator<char> >, std::allocator<std::__cxx11::basic_string<char, std::char_traits<char>, std::allocator<char> > > > const&) + 0x30e (0x71a8478ca26e in /usr/local/lib/python3.12/dist-packages/torch/lib/libtorch_cpu.so)
frame #5: c10d::ProcessGroupNCCL::HeartbeatMonitor::runLoop() + 0x3c8 (0x71a806449868 in /usr/local/lib/python3.12/dist-packages/torch/lib/libtorch_cuda.so)
frame #6: <unknown function> + 0xecdb4 (0x71a867a0cdb4 in /lib/x86_64-linux-gnu/libstdc++.so.6)
frame #7: <unknown function> + 0x9caa4 (0x71a86a48baa4 in /lib/x86_64-linux-gnu/libc.so.6)
frame #8: __clone + 0x44 (0x71a86a518a64 in /lib/x86_64-linux-gnu/libc.so.6)

[rank1]:[W421 05:05:20.898397483 ProcessGroupNCCL.cpp:1771] [PG ID 0 PG GUID 0(default_pg) Rank 1] Failed to check the "should dump" flag on TCPStore, (maybe TCPStore server has shut down too early), with error: Broken pipe
[rank2]:[W421 05:05:20.887973931 TCPStore.cpp:106] [c10d] sendBytes failed on SocketImpl(fd=90, addr=[8f9e71dd3259]:34868, remote=[8f9e71dd3259]:42409): Broken pipe
Exception raised from sendBytes at /pytorch/torch/csrc/distributed/c10d/Utils.hpp:653 (most recent call first):
frame #0: c10::Error::Error(c10::SourceLocation, std::__cxx11::basic_string<char, std::char_traits<char>, std::allocator<char> >) + 0x80 (0x7676c2970b80 in /usr/local/lib/python3.12/dist-packages/torch/lib/libc10.so)
frame #1: <unknown function> + 0x5ffc5b1 (0x767704ccd5b1 in /usr/local/lib/python3.12/dist-packages/torch/lib/libtorch_cpu.so)
frame #2: <unknown function> + 0x5ffce42 (0x767704ccde42 in /usr/local/lib/python3.12/dist-packages/torch/lib/libtorch_cpu.so)
frame #3: <unknown function> + 0x5ffe94e (0x767704ccf94e in /usr/local/lib/python3.12/dist-packages/torch/lib/libtorch_cpu.so)
frame #4: c10d::TCPStore::check(std::vector<std::__cxx11::basic_string<char, std::char_traits<char>, std::allocator<char> >, std::allocator<std::__cxx11::basic_string<char, std::char_traits<char>, std::allocator<char> > > > const&) + 0x30e (0x767704cca26e in /usr/local/lib/python3.12/dist-packages/torch/lib/libtorch_cpu.so)
frame #5: c10d::ProcessGroupNCCL::HeartbeatMonitor::runLoop() + 0x3c8 (0x7676c3849868 in /usr/local/lib/python3.12/dist-packages/torch/lib/libtorch_cuda.so)
frame #6: <unknown function> + 0xecdb4 (0x767724e02db4 in /lib/x86_64-linux-gnu/libstdc++.so.6)
frame #7: <unknown function> + 0x9caa4 (0x767727881aa4 in /lib/x86_64-linux-gnu/libc.so.6)
frame #8: __clone + 0x44 (0x76772790ea64 in /lib/x86_64-linux-gnu/libc.so.6)

[rank2]:[W421 05:05:20.900768167 ProcessGroupNCCL.cpp:1771] [PG ID 0 PG GUID 0(default_pg) Rank 2] Failed to check the "should dump" flag on TCPStore, (maybe TCPStore server has shut down too early), with error: Broken pipe
[rank7]:[W421 05:05:20.896791004 TCPStore.cpp:106] [c10d] sendBytes failed on SocketImpl(fd=90, addr=[8f9e71dd3259]:34862, remote=[8f9e71dd3259]:42409): Broken pipe
Exception raised from sendBytes at /pytorch/torch/csrc/distributed/c10d/Utils.hpp:653 (most recent call first):
frame #0: c10::Error::Error(c10::SourceLocation, std::__cxx11::basic_string<char, std::char_traits<char>, std::allocator<char> >) + 0x80 (0x73ea2317cb80 in /usr/local/lib/python3.12/dist-packages/torch/lib/libc10.so)
frame #1: <unknown function> + 0x5ffc5b1 (0x73ea064cd5b1 in /usr/local/lib/python3.12/dist-packages/torch/lib/libtorch_cpu.so)
frame #2: <unknown function> + 0x5ffce42 (0x73ea064cde42 in /usr/local/lib/python3.12/dist-packages/torch/lib/libtorch_cpu.so)
frame #3: <unknown function> + 0x5ffe94e (0x73ea064cf94e in /usr/local/lib/python3.12/dist-packages/torch/lib/libtorch_cpu.so)
frame #4: c10d::TCPStore::check(std::vector<std::__cxx11::basic_string<char, std::char_traits<char>, std::allocator<char> >, std::allocator<std::__cxx11::basic_string<char, std::char_traits<char>, std::allocator<char> > > > const&) + 0x30e (0x73ea064ca26e in /usr/local/lib/python3.12/dist-packages/torch/lib/libtorch_cpu.so)
frame #5: c10d::ProcessGroupNCCL::HeartbeatMonitor::runLoop() + 0x3c8 (0x73e9c5049868 in /usr/local/lib/python3.12/dist-packages/torch/lib/libtorch_cuda.so)
frame #6: <unknown function> + 0xecdb4 (0x73ea2670adb4 in /lib/x86_64-linux-gnu/libstdc++.so.6)
frame #7: <unknown function> + 0x9caa4 (0x73ea29189aa4 in /lib/x86_64-linux-gnu/libc.so.6)
frame #8: __clone + 0x44 (0x73ea29216a64 in /lib/x86_64-linux-gnu/libc.so.6)

[rank7]:[W421 05:05:20.909718260 ProcessGroupNCCL.cpp:1771] [PG ID 0 PG GUID 0(default_pg) Rank 7] Failed to check the "should dump" flag on TCPStore, (maybe TCPStore server has shut down too early), with error: Broken pipe
[rank5]:[W421 05:05:20.990374510 TCPStore.cpp:106] [c10d] sendBytes failed on SocketImpl(fd=90, addr=[8f9e71dd3259]:34814, remote=[8f9e71dd3259]:42409): Broken pipe
Exception raised from sendBytes at /pytorch/torch/csrc/distributed/c10d/Utils.hpp:653 (most recent call first):
frame #0: c10::Error::Error(c10::SourceLocation, std::__cxx11::basic_string<char, std::char_traits<char>, std::allocator<char> >) + 0x80 (0x7c605f57cb80 in /usr/local/lib/python3.12/dist-packages/torch/lib/libc10.so)
frame #1: <unknown function> + 0x5ffc5b1 (0x7c60428cd5b1 in /usr/local/lib/python3.12/dist-packages/torch/lib/libtorch_cpu.so)
frame #2: <unknown function> + 0x5ffce42 (0x7c60428cde42 in /usr/local/lib/python3.12/dist-packages/torch/lib/libtorch_cpu.so)
frame #3: <unknown function> + 0x5ffe94e (0x7c60428cf94e in /usr/local/lib/python3.12/dist-packages/torch/lib/libtorch_cpu.so)
frame #4: c10d::TCPStore::check(std::vector<std::__cxx11::basic_string<char, std::char_traits<char>, std::allocator<char> >, std::allocator<std::__cxx11::basic_string<char, std::char_traits<char>, std::allocator<char> > > > const&) + 0x30e (0x7c60428ca26e in /usr/local/lib/python3.12/dist-packages/torch/lib/libtorch_cpu.so)
frame #5: c10d::ProcessGroupNCCL::HeartbeatMonitor::runLoop() + 0x3c8 (0x7c6001449868 in /usr/local/lib/python3.12/dist-packages/torch/lib/libtorch_cuda.so)
frame #6: <unknown function> + 0xecdb4 (0x7c6062b44db4 in /lib/x86_64-linux-gnu/libstdc++.so.6)
frame #7: <unknown function> + 0x9caa4 (0x7c60655c3aa4 in /lib/x86_64-linux-gnu/libc.so.6)
frame #8: __clone + 0x44 (0x7c6065650a64 in /lib/x86_64-linux-gnu/libc.so.6)

[rank5]:[W421 05:05:20.003366073 ProcessGroupNCCL.cpp:1771] [PG ID 0 PG GUID 0(default_pg) Rank 5] Failed to check the "should dump" flag on TCPStore, (maybe TCPStore server has shut down too early), with error: Broken pipe
[rank3]:[W421 05:05:20.099035404 TCPStore.cpp:106] [c10d] sendBytes failed on SocketImpl(fd=90, addr=[8f9e71dd3259]:34820, remote=[8f9e71dd3259]:42409): Broken pipe
Exception raised from sendBytes at /pytorch/torch/csrc/distributed/c10d/Utils.hpp:653 (most recent call first):
frame #0: c10::Error::Error(c10::SourceLocation, std::__cxx11::basic_string<char, std::char_traits<char>, std::allocator<char> >) + 0x80 (0x7def52b7cb80 in /usr/local/lib/python3.12/dist-packages/torch/lib/libc10.so)
frame #1: <unknown function> + 0x5ffc5b1 (0x7def35ecd5b1 in /usr/local/lib/python3.12/dist-packages/torch/lib/libtorch_cpu.so)
frame #2: <unknown function> + 0x5ffce42 (0x7def35ecde42 in /usr/local/lib/python3.12/dist-packages/torch/lib/libtorch_cpu.so)
frame #3: <unknown function> + 0x5ffe94e (0x7def35ecf94e in /usr/local/lib/python3.12/dist-packages/torch/lib/libtorch_cpu.so)
frame #4: c10d::TCPStore::check(std::vector<std::__cxx11::basic_string<char, std::char_traits<char>, std::allocator<char> >, std::allocator<std::__cxx11::basic_string<char, std::char_traits<char>, std::allocator<char> > > > const&) + 0x30e (0x7def35eca26e in /usr/local/lib/python3.12/dist-packages/torch/lib/libtorch_cpu.so)
frame #5: c10d::ProcessGroupNCCL::HeartbeatMonitor::runLoop() + 0x3c8 (0x7deef4a49868 in /usr/local/lib/python3.12/dist-packages/torch/lib/libtorch_cuda.so)
frame #6: <unknown function> + 0xecdb4 (0x7def56100db4 in /lib/x86_64-linux-gnu/libstdc++.so.6)
frame #7: <unknown function> + 0x9caa4 (0x7def58b7faa4 in /lib/x86_64-linux-gnu/libc.so.6)
frame #8: __clone + 0x44 (0x7def58c0ca64 in /lib/x86_64-linux-gnu/libc.so.6)

[rank3]:[W421 05:05:20.112046156 ProcessGroupNCCL.cpp:1771] [PG ID 0 PG GUID 0(default_pg) Rank 3] Failed to check the "should dump" flag on TCPStore, (maybe TCPStore server has shut down too early), with error: Broken pipe
[rank6]:[W421 05:05:20.179582077 TCPStore.cpp:106] [c10d] sendBytes failed on SocketImpl(fd=90, addr=[8f9e71dd3259]:34828, remote=[8f9e71dd3259]:42409): Broken pipe
Exception raised from sendBytes at /pytorch/torch/csrc/distributed/c10d/Utils.hpp:653 (most recent call first):
frame #0: c10::Error::Error(c10::SourceLocation, std::__cxx11::basic_string<char, std::char_traits<char>, std::allocator<char> >) + 0x80 (0x77ca19b92b80 in /usr/local/lib/python3.12/dist-packages/torch/lib/libc10.so)
frame #1: <unknown function> + 0x5ffc5b1 (0x77c9fcacd5b1 in /usr/local/lib/python3.12/dist-packages/torch/lib/libtorch_cpu.so)
frame #2: <unknown function> + 0x5ffce42 (0x77c9fcacde42 in /usr/local/lib/python3.12/dist-packages/torch/lib/libtorch_cpu.so)
frame #3: <unknown function> + 0x5ffe94e (0x77c9fcacf94e in /usr/local/lib/python3.12/dist-packages/torch/lib/libtorch_cpu.so)
frame #4: c10d::TCPStore::check(std::vector<std::__cxx11::basic_string<char, std::char_traits<char>, std::allocator<char> >, std::allocator<std::__cxx11::basic_string<char, std::char_traits<char>, std::allocator<char> > > > const&) + 0x30e (0x77c9fcaca26e in /usr/local/lib/python3.12/dist-packages/torch/lib/libtorch_cpu.so)
frame #5: c10d::ProcessGroupNCCL::HeartbeatMonitor::runLoop() + 0x3c8 (0x77c9bb649868 in /usr/local/lib/python3.12/dist-packages/torch/lib/libtorch_cuda.so)
frame #6: <unknown function> + 0xecdb4 (0x77ca1cd97db4 in /lib/x86_64-linux-gnu/libstdc++.so.6)
frame #7: <unknown function> + 0x9caa4 (0x77ca1f816aa4 in /lib/x86_64-linux-gnu/libc.so.6)
frame #8: __clone + 0x44 (0x77ca1f8a3a64 in /lib/x86_64-linux-gnu/libc.so.6)

[rank6]:[W421 05:05:20.192553000 ProcessGroupNCCL.cpp:1771] [PG ID 0 PG GUID 0(default_pg) Rank 6] Failed to check the "should dump" flag on TCPStore, (maybe TCPStore server has shut down too early), with error: Broken pipe
[rank4]:[W421 05:05:20.789113326 TCPStore.cpp:106] [c10d] sendBytes failed on SocketImpl(fd=90, addr=[8f9e71dd3259]:34834, remote=[8f9e71dd3259]:42409): Broken pipe
Exception raised from sendBytes at /pytorch/torch/csrc/distributed/c10d/Utils.hpp:653 (most recent call first):
frame #0: c10::Error::Error(c10::SourceLocation, std::__cxx11::basic_string<char, std::char_traits<char>, std::allocator<char> >) + 0x80 (0x7b1211392b80 in /usr/local/lib/python3.12/dist-packages/torch/lib/libc10.so)
frame #1: <unknown function> + 0x5ffc5b1 (0x7b11f42cd5b1 in /usr/local/lib/python3.12/dist-packages/torch/lib/libtorch_cpu.so)
frame #2: <unknown function> + 0x5ffce42 (0x7b11f42cde42 in /usr/local/lib/python3.12/dist-packages/torch/lib/libtorch_cpu.so)
frame #3: <unknown function> + 0x5ffe94e (0x7b11f42cf94e in /usr/local/lib/python3.12/dist-packages/torch/lib/libtorch_cpu.so)
frame #4: c10d::TCPStore::check(std::vector<std::__cxx11::basic_string<char, std::char_traits<char>, std::allocator<char> >, std::allocator<std::__cxx11::basic_string<char, std::char_traits<char>, std::allocator<char> > > > const&) + 0x30e (0x7b11f42ca26e in /usr/local/lib/python3.12/dist-packages/torch/lib/libtorch_cpu.so)
frame #5: c10d::ProcessGroupNCCL::HeartbeatMonitor::runLoop() + 0x3c8 (0x7b11b2e49868 in /usr/local/lib/python3.12/dist-packages/torch/lib/libtorch_cuda.so)
frame #6: <unknown function> + 0xecdb4 (0x7b121458ddb4 in /lib/x86_64-linux-gnu/libstdc++.so.6)
frame #7: <unknown function> + 0x9caa4 (0x7b121700caa4 in /lib/x86_64-linux-gnu/libc.so.6)
frame #8: __clone + 0x44 (0x7b1217099a64 in /lib/x86_64-linux-gnu/libc.so.6)

[rank4]:[W421 05:05:21.802048795 ProcessGroupNCCL.cpp:1771] [PG ID 0 PG GUID 0(default_pg) Rank 4] Failed to check the "should dump" flag on TCPStore, (maybe TCPStore server has shut down too early), with error: Broken pipe
[rank0]:[W421 05:05:21.889942198 TCPStore.cpp:106] [c10d] sendBytes failed on SocketImpl(fd=90, addr=[8f9e71dd3259]:34854, remote=[8f9e71dd3259]:42409): Broken pipe
Exception raised from sendBytes at /pytorch/torch/csrc/distributed/c10d/Utils.hpp:653 (most recent call first):
frame #0: c10::Error::Error(c10::SourceLocation, std::__cxx11::basic_string<char, std::char_traits<char>, std::allocator<char> >) + 0x80 (0x7c8c8677cb80 in /usr/local/lib/python3.12/dist-packages/torch/lib/libc10.so)
frame #1: <unknown function> + 0x5ffc5b1 (0x7c8c69acd5b1 in /usr/local/lib/python3.12/dist-packages/torch/lib/libtorch_cpu.so)
frame #2: <unknown function> + 0x5ffce42 (0x7c8c69acde42 in /usr/local/lib/python3.12/dist-packages/torch/lib/libtorch_cpu.so)
frame #3: <unknown function> + 0x5ffe94e (0x7c8c69acf94e in /usr/local/lib/python3.12/dist-packages/torch/lib/libtorch_cpu.so)
frame #4: c10d::TCPStore::check(std::vector<std::__cxx11::basic_string<char, std::char_traits<char>, std::allocator<char> >, std::allocator<std::__cxx11::basic_string<char, std::char_traits<char>, std::allocator<char> > > > const&) + 0x30e (0x7c8c69aca26e in /usr/local/lib/python3.12/dist-packages/torch/lib/libtorch_cpu.so)
frame #5: c10d::ProcessGroupNCCL::HeartbeatMonitor::runLoop() + 0x3c8 (0x7c8c28649868 in /usr/local/lib/python3.12/dist-packages/torch/lib/libtorch_cuda.so)
frame #6: <unknown function> + 0xecdb4 (0x7c8c89d10db4 in /lib/x86_64-linux-gnu/libstdc++.so.6)
frame #7: <unknown function> + 0x9caa4 (0x7c8c8c78faa4 in /lib/x86_64-linux-gnu/libc.so.6)
frame #8: __clone + 0x44 (0x7c8c8c81ca64 in /lib/x86_64-linux-gnu/libc.so.6)

[rank0]:[W421 05:05:21.902971940 ProcessGroupNCCL.cpp:1771] [PG ID 0 PG GUID 0(default_pg) Rank 0] Failed to check the "should dump" flag on TCPStore, (maybe TCPStore server has shut down too early), with error: Broken pipe
[rank1]:[W421 05:05:21.898494485 TCPStore.cpp:106] [c10d] sendBytes failed on SocketImpl(fd=90, addr=[8f9e71dd3259]:34844, remote=[8f9e71dd3259]:42409): Broken pipe
Exception raised from sendBytes at /pytorch/torch/csrc/distributed/c10d/Utils.hpp:653 (most recent call first):
frame #0: c10::Error::Error(c10::SourceLocation, std::__cxx11::basic_string<char, std::char_traits<char>, std::allocator<char> >) + 0x80 (0x71a805570b80 in /usr/local/lib/python3.12/dist-packages/torch/lib/libc10.so)
frame #1: <unknown function> + 0x5ffc5b1 (0x71a8478cd5b1 in /usr/local/lib/python3.12/dist-packages/torch/lib/libtorch_cpu.so)
frame #2: <unknown function> + 0x5ffce42 (0x71a8478cde42 in /usr/local/lib/python3.12/dist-packages/torch/lib/libtorch_cpu.so)
frame #3: <unknown function> + 0x5ffe94e (0x71a8478cf94e in /usr/local/lib/python3.12/dist-packages/torch/lib/libtorch_cpu.so)
frame #4: c10d::TCPStore::check(std::vector<std::__cxx11::basic_string<char, std::char_traits<char>, std::allocator<char> >, std::allocator<std::__cxx11::basic_string<char, std::char_traits<char>, std::allocator<char> > > > const&) + 0x30e (0x71a8478ca26e in /usr/local/lib/python3.12/dist-packages/torch/lib/libtorch_cpu.so)
frame #5: c10d::ProcessGroupNCCL::HeartbeatMonitor::runLoop() + 0x3c8 (0x71a806449868 in /usr/local/lib/python3.12/dist-packages/torch/lib/libtorch_cuda.so)
frame #6: <unknown function> + 0xecdb4 (0x71a867a0cdb4 in /lib/x86_64-linux-gnu/libstdc++.so.6)
frame #7: <unknown function> + 0x9caa4 (0x71a86a48baa4 in /lib/x86_64-linux-gnu/libc.so.6)
frame #8: __clone + 0x44 (0x71a86a518a64 in /lib/x86_64-linux-gnu/libc.so.6)

[rank1]:[W421 05:05:21.911504281 ProcessGroupNCCL.cpp:1771] [PG ID 0 PG GUID 0(default_pg) Rank 1] Failed to check the "should dump" flag on TCPStore, (maybe TCPStore server has shut down too early), with error: Broken pipe
[rank2]:[W421 05:05:21.900887900 TCPStore.cpp:106] [c10d] sendBytes failed on SocketImpl(fd=90, addr=[8f9e71dd3259]:34868, remote=[8f9e71dd3259]:42409): Broken pipe
Exception raised from sendBytes at /pytorch/torch/csrc/distributed/c10d/Utils.hpp:653 (most recent call first):
frame #0: c10::Error::Error(c10::SourceLocation, std::__cxx11::basic_string<char, std::char_traits<char>, std::allocator<char> >) + 0x80 (0x7676c2970b80 in /usr/local/lib/python3.12/dist-packages/torch/lib/libc10.so)
frame #1: <unknown function> + 0x5ffc5b1 (0x767704ccd5b1 in /usr/local/lib/python3.12/dist-packages/torch/lib/libtorch_cpu.so)
frame #2: <unknown function> + 0x5ffce42 (0x767704ccde42 in /usr/local/lib/python3.12/dist-packages/torch/lib/libtorch_cpu.so)
frame #3: <unknown function> + 0x5ffe94e (0x767704ccf94e in /usr/local/lib/python3.12/dist-packages/torch/lib/libtorch_cpu.so)
frame #4: c10d::TCPStore::check(std::vector<std::__cxx11::basic_string<char, std::char_traits<char>, std::allocator<char> >, std::allocator<std::__cxx11::basic_string<char, std::char_traits<char>, std::allocator<char> > > > const&) + 0x30e (0x767704cca26e in /usr/local/lib/python3.12/dist-packages/torch/lib/libtorch_cpu.so)
frame #5: c10d::ProcessGroupNCCL::HeartbeatMonitor::runLoop() + 0x3c8 (0x7676c3849868 in /usr/local/lib/python3.12/dist-packages/torch/lib/libtorch_cuda.so)
frame #6: <unknown function> + 0xecdb4 (0x767724e02db4 in /lib/x86_64-linux-gnu/libstdc++.so.6)
frame #7: <unknown function> + 0x9caa4 (0x767727881aa4 in /lib/x86_64-linux-gnu/libc.so.6)
frame #8: __clone + 0x44 (0x76772790ea64 in /lib/x86_64-linux-gnu/libc.so.6)

[rank2]:[W421 05:05:21.913680677 ProcessGroupNCCL.cpp:1771] [PG ID 0 PG GUID 0(default_pg) Rank 2] Failed to check the "should dump" flag on TCPStore, (maybe TCPStore server has shut down too early), with error: Broken pipe
[rank7]:[W421 05:05:21.909822641 TCPStore.cpp:106] [c10d] sendBytes failed on SocketImpl(fd=90, addr=[8f9e71dd3259]:34862, remote=[8f9e71dd3259]:42409): Broken pipe
Exception raised from sendBytes at /pytorch/torch/csrc/distributed/c10d/Utils.hpp:653 (most recent call first):
frame #0: c10::Error::Error(c10::SourceLocation, std::__cxx11::basic_string<char, std::char_traits<char>, std::allocator<char> >) + 0x80 (0x73ea2317cb80 in /usr/local/lib/python3.12/dist-packages/torch/lib/libc10.so)
frame #1: <unknown function> + 0x5ffc5b1 (0x73ea064cd5b1 in /usr/local/lib/python3.12/dist-packages/torch/lib/libtorch_cpu.so)
frame #2: <unknown function> + 0x5ffce42 (0x73ea064cde42 in /usr/local/lib/python3.12/dist-packages/torch/lib/libtorch_cpu.so)
frame #3: <unknown function> + 0x5ffe94e (0x73ea064cf94e in /usr/local/lib/python3.12/dist-packages/torch/lib/libtorch_cpu.so)
frame #4: c10d::TCPStore::check(std::vector<std::__cxx11::basic_string<char, std::char_traits<char>, std::allocator<char> >, std::allocator<std::__cxx11::basic_string<char, std::char_traits<char>, std::allocator<char> > > > const&) + 0x30e (0x73ea064ca26e in /usr/local/lib/python3.12/dist-packages/torch/lib/libtorch_cpu.so)
frame #5: c10d::ProcessGroupNCCL::HeartbeatMonitor::runLoop() + 0x3c8 (0x73e9c5049868 in /usr/local/lib/python3.12/dist-packages/torch/lib/libtorch_cuda.so)
frame #6: <unknown function> + 0xecdb4 (0x73ea2670adb4 in /lib/x86_64-linux-gnu/libstdc++.so.6)
frame #7: <unknown function> + 0x9caa4 (0x73ea29189aa4 in /lib/x86_64-linux-gnu/libc.so.6)
frame #8: __clone + 0x44 (0x73ea29216a64 in /lib/x86_64-linux-gnu/libc.so.6)

[rank7]:[W421 05:05:21.922499997 ProcessGroupNCCL.cpp:1771] [PG ID 0 PG GUID 0(default_pg) Rank 7] Failed to check the "should dump" flag on TCPStore, (maybe TCPStore server has shut down too early), with error: Broken pipe

--- COMPILE MODES (from sanity probe) ---
[compile] train_model -> torch.compile succeeded (fullgraph=True)
[compile] Startup compile mode: train_model=compiled_fullgraph (logits/eval_model compile deferred until used)
[compile] train_model -> torch.compile succeeded (fullgraph=True)
[compile] Startup compile mode: train_model=compiled_fullgraph (logits/eval_model compile deferred until used)
[compile] train_model -> torch.compile succeeded (fullgraph=True)
[compile] Startup compile mode: train_model=compiled_fullgraph (logits/eval_model compile deferred until used)
[compile] train_model -> torch.compile succeeded (fullgraph=True)
[compile] Startup compile mode: train_model=compiled_fullgraph (logits/eval_model compile deferred until used)
[compile] train_model -> torch.compile succeeded (fullgraph=True)
[compile] Startup compile mode: train_model=compiled_fullgraph (logits/eval_model compile deferred until used)

SANITY PROBE passed. Starting full run.
==========================================
Launching torchrun nproc_per_node=8
Branch: forgefuse-phase3a  RUN_ID: h100_phase3a_fullrun_20260421_045319
==========================================
W0421 05:05:23.794000 4242 torch/distributed/run.py:803] 
W0421 05:05:23.794000 4242 torch/distributed/run.py:803] *****************************************
W0421 05:05:23.794000 4242 torch/distributed/run.py:803] Setting OMP_NUM_THREADS environment variable for each process to be 1 in default, to avoid your system being overloaded, please further tune the variable for optimal performance in your application as needed. 
W0421 05:05:23.794000 4242 torch/distributed/run.py:803] *****************************************
logs/h100_phase3a_fullrun_20260421_045319.txt
val_bpb:enabled tokenizer_kind=sentencepiece tokenizer_path=./data/tokenizers/fineweb_1024_bpe.model
train_loader:dataset:fineweb10B_sp1024 train_shards:10
val_loader:shards pattern=./data/datasets/fineweb10B_sp1024/fineweb_val_*.bin tokens:62021632
[compile] train_model -> torch.compile succeeded (fullgraph=True)
[compile] Startup compile mode: train_model=compiled_fullgraph (logits/eval_model compile deferred until used)
[compile] train_model -> torch.compile succeeded (fullgraph=True)
[compile] Startup compile mode: train_model=compiled_fullgraph (logits/eval_model compile deferred until used)
model_params:26993756
mtp_num_heads:0 mtp_loss_weight:0.2 mtp_params:0
XSA:last_11 active_layers:[0, 1, 2, 3, 4, 5, 6, 7, 8, 9, 10]
world_size:8 grad_accum_steps:1
sdp_backends:cudnn=False flash=True mem_efficient=False math=False
attention_mode:gqa num_heads:8 num_kv_heads:4
tie_embeddings:True embed_lr:0.035 head_lr:0.0 matrix_lr:0.022 scalar_lr:0.025
train_batch_tokens:786432 train_seq_len:2048 iterations:20000 warmup_steps:20 max_wallclock_seconds:600.000
seed:1337
[compile] train_model -> torch.compile succeeded (fullgraph=True)
[compile] Startup compile mode: train_model=compiled_fullgraph (logits/eval_model compile deferred until used)
[compile] train_model -> torch.compile succeeded (fullgraph=True)
[compile] Startup compile mode: train_model=compiled_fullgraph (logits/eval_model compile deferred until used)
[compile] train_model -> torch.compile succeeded (fullgraph=True)
[compile] Startup compile mode: train_model=compiled_fullgraph (logits/eval_model compile deferred until used)
[compile] train_model -> torch.compile succeeded (fullgraph=True)
[compile] Startup compile mode: train_model=compiled_fullgraph (logits/eval_model compile deferred until used)
[compile] train_model -> torch.compile succeeded (fullgraph=True)
[compile] Startup compile mode: train_model=compiled_fullgraph (logits/eval_model compile deferred until used)
[compile] train_model -> torch.compile succeeded (fullgraph=True)
[compile] Startup compile mode: train_model=compiled_fullgraph (logits/eval_model compile deferred until used)
warmup_step:1/20
warmup_step:2/20
warmup_step:3/20
warmup_step:4/20
warmup_step:5/20
warmup_step:6/20
warmup_step:7/20
warmup_step:8/20
warmup_step:9/20
warmup_step:10/20
warmup_step:11/20
warmup_step:12/20
warmup_step:13/20
warmup_step:14/20
warmup_step:15/20
warmup_step:16/20
warmup_step:17/20
warmup_step:18/20
warmup_step:19/20
warmup_step:20/20
step:0/20000 val_loss:6.9309 val_bpb:4.1049 train_time:0ms step_avg:0.02ms
step:1/20000 train_loss:6.9317 train_time:302ms step_avg:302.29ms
step:2/20000 train_loss:8.6869 train_time:547ms step_avg:273.52ms
step:3/20000 train_loss:7.8801 train_time:829ms step_avg:276.33ms
step:4/20000 train_loss:7.0134 train_time:1111ms step_avg:277.63ms
step:5/20000 train_loss:6.5943 train_time:1392ms step_avg:278.32ms
step:6/20000 train_loss:6.4148 train_time:1673ms step_avg:278.77ms
step:7/20000 train_loss:6.3850 train_time:1954ms step_avg:279.10ms
step:8/20000 train_loss:6.5063 train_time:2235ms step_avg:279.37ms
step:9/20000 train_loss:6.3771 train_time:2516ms step_avg:279.54ms
step:10/20000 train_loss:6.1403 train_time:2797ms step_avg:279.69ms
step:500/20000 train_loss:2.4186 train_time:140732ms step_avg:281.46ms
step:1000/20000 train_loss:2.2588 train_time:281614ms step_avg:281.61ms
swa:start step:1450
step:1500/20000 train_loss:2.1439 train_time:422507ms step_avg:281.67ms
late_qat:enabled step:1604 scale:0.1499
step:2000/20000 train_loss:2.1055 train_time:564143ms step_avg:282.07ms
step:2127/20000 val_loss:2.0607 val_bpb:1.2204 train_time:600216ms step_avg:282.19ms
stopping_early: wallclock_cap train_time:600216ms step:2127/20000
peak memory allocated: 19373 MiB reserved: 20236 MiB
ema:applying EMA weights
DIAGNOSTIC post_ema val_loss:2.0639 val_bpb:1.2224 eval_time:9044ms
Serialized model: 106158518 bytes
Code size: 123299 bytes
gptq:building non-banked model for Hessian collection...
gptq:generating autoregressive calibration data (64 seqs x 2048 tokens, temp=0.8)...
gptq:generated 64 sequences in 319.7s
gptq:collecting hessians from autoregressive data...
gptq:collected hessians for 68 layers (AR self-gen)
selective_prune: 10063613 ±1 candidates, unpruned=10.68MB target=15.9MB
selective_prune: already fits, no pruning needed
Serialized model int6+lzma: 11074204 bytes
Total submission size int6+lzma: 11197503 bytes
[compile] eval_model -> torch.compile succeeded (fullgraph=True)
[compile] eval_model -> torch.compile succeeded (fullgraph=True)
[compile] eval_model -> torch.compile succeeded (fullgraph=True)
[compile] eval_model -> torch.compile succeeded (fullgraph=True)
[compile] eval_model -> torch.compile succeeded (fullgraph=True)
[compile] eval_model -> torch.compile succeeded (fullgraph=True)
[compile] eval_model -> torch.compile succeeded (fullgraph=True)
[compile] eval_model -> torch.compile succeeded (fullgraph=True)
final_int6_roundtrip val_loss:2.1188 val_bpb:1.2549 eval_time:9002ms
final_int6_roundtrip_exact val_loss:2.11884952 val_bpb:1.25490203
[compile] logits -> torch.compile succeeded (fullgraph=True)
[compile] logits -> torch.compile succeeded (fullgraph=True)
[compile] logits -> torch.compile succeeded (fullgraph=True)
[compile] logits -> torch.compile succeeded (fullgraph=True)
[compile] logits -> torch.compile succeeded (fullgraph=True)
[compile] logits -> torch.compile succeeded (fullgraph=True)
[compile] logits -> torch.compile succeeded (fullgraph=True)
[compile] logits -> torch.compile succeeded (fullgraph=True)
W0421 05:26:27.245000 4242 torch/distributed/elastic/multiprocessing/api.py:908] Sending process 4318 closing signal SIGTERM
W0421 05:26:27.246000 4242 torch/distributed/elastic/multiprocessing/api.py:908] Sending process 4319 closing signal SIGTERM
W0421 05:26:27.246000 4242 torch/distributed/elastic/multiprocessing/api.py:908] Sending process 4321 closing signal SIGTERM
W0421 05:26:27.246000 4242 torch/distributed/elastic/multiprocessing/api.py:908] Sending process 4322 closing signal SIGTERM
W0421 05:26:27.247000 4242 torch/distributed/elastic/multiprocessing/api.py:908] Sending process 4323 closing signal SIGTERM
W0421 05:26:27.247000 4242 torch/distributed/elastic/multiprocessing/api.py:908] Sending process 4324 closing signal SIGTERM
W0421 05:26:27.247000 4242 torch/distributed/elastic/multiprocessing/api.py:908] Sending process 4325 closing signal SIGTERM
E0421 05:26:28.176000 4242 torch/distributed/elastic/multiprocessing/api.py:882] failed (exitcode: -9) local_rank: 2 (pid: 4320) of binary: /usr/local/bin/python
Traceback (most recent call last):
  File "/usr/local/bin/torchrun", line 7, in <module>
    sys.exit(main())
             ^^^^^^
  File "/usr/local/lib/python3.12/dist-packages/torch/distributed/elastic/multiprocessing/errors/__init__.py", line 357, in wrapper
    return f(*args, **kwargs)
           ^^^^^^^^^^^^^^^^^^
  File "/usr/local/lib/python3.12/dist-packages/torch/distributed/run.py", line 936, in main
    run(args)
  File "/usr/local/lib/python3.12/dist-packages/torch/distributed/run.py", line 927, in run
    elastic_launch(
  File "/usr/local/lib/python3.12/dist-packages/torch/distributed/launcher/api.py", line 156, in __call__
    return launch_agent(self._config, self._entrypoint, list(args))
           ^^^^^^^^^^^^^^^^^^^^^^^^^^^^^^^^^^^^^^^^^^^^^^^^^^^^^^^^
  File "/usr/local/lib/python3.12/dist-packages/torch/distributed/launcher/api.py", line 293, in launch_agent
    raise ChildFailedError(
torch.distributed.elastic.multiprocessing.errors.ChildFailedError: 
=====================================================
train_gpt.py FAILED
-----------------------------------------------------
Failures:
  <NO_OTHER_FAILURES>
-----------------------------------------------------
Root Cause (first observed failure):
[0]:
  time      : 2026-04-21_05:26:27
  host      : 8f9e71dd3259
  rank      : 2 (local_rank: 2)
  exitcode  : -9 (pid: 4320)
  error_file: <N/A>
  traceback : Signal 9 (SIGKILL) received by PID 4320
=====================================================

==========================================
FINAL RESULTS (h100_phase3a_fullrun_20260421_045319)
==========================================
step:0/20000 val_loss:6.9309 val_bpb:4.1049 train_time:0ms step_avg:0.02ms
step:2127/20000 val_loss:2.0607 val_bpb:1.2204 train_time:600216ms step_avg:282.19ms

--- DIAGNOSTIC / FINAL BPB LINES ---
        torch.save(export_sd, "final_model.pt")
        model_bytes = os.path.getsize("final_model.pt")
        with open("final_model.int6.ptz", "wb") as f:
    with open("final_model.int6.ptz", "rb") as f:
        f"final_int6_roundtrip val_loss:{q_val_loss:.4f} val_bpb:{q_val_bpb:.4f} "
    log0(f"final_int6_roundtrip_exact val_loss:{q_val_loss:.8f} val_bpb:{q_val_bpb:.8f}")
            f"final_int6_sliding_window val_loss:{sw_val_loss:.4f} val_bpb:{sw_val_bpb:.4f} "
        log0(f"final_int6_sliding_window_exact val_loss:{sw_val_loss:.8f} val_bpb:{sw_val_bpb:.8f}")
        log0(f"final_int8_zlib_roundtrip_exact val_loss:{sw_val_loss:.8f} val_bpb:{sw_val_bpb:.8f}")
            f"final_int6_sliding_window_s64 val_loss:{sw64_val_loss:.4f} val_bpb:{sw64_val_bpb:.4f} "
        log0(f"final_int6_sliding_window_s64_exact val_loss:{sw64_val_loss:.8f} val_bpb:{sw64_val_bpb:.8f}")
        log0(f"final_int8_zlib_roundtrip_exact val_loss:{sw64_val_loss:.8f} val_bpb:{sw64_val_bpb:.8f}")
DIAGNOSTIC post_ema val_loss:2.0639 val_bpb:1.2224 eval_time:9044ms
final_int6_roundtrip val_loss:2.1188 val_bpb:1.2549 eval_time:9002ms
final_int6_roundtrip_exact val_loss:2.11884952 val_bpb:1.25490203

--- LAST 60 LINES OF CONSOLE LOG ---
Serialized model int6+lzma: 11074204 bytes
Total submission size int6+lzma: 11197503 bytes
[compile] eval_model -> torch.compile succeeded (fullgraph=True)
[compile] eval_model -> torch.compile succeeded (fullgraph=True)
[compile] eval_model -> torch.compile succeeded (fullgraph=True)
[compile] eval_model -> torch.compile succeeded (fullgraph=True)
[compile] eval_model -> torch.compile succeeded (fullgraph=True)
[compile] eval_model -> torch.compile succeeded (fullgraph=True)
[compile] eval_model -> torch.compile succeeded (fullgraph=True)
[compile] eval_model -> torch.compile succeeded (fullgraph=True)
final_int6_roundtrip val_loss:2.1188 val_bpb:1.2549 eval_time:9002ms
final_int6_roundtrip_exact val_loss:2.11884952 val_bpb:1.25490203
[compile] logits -> torch.compile succeeded (fullgraph=True)
[compile] logits -> torch.compile succeeded (fullgraph=True)
[compile] logits -> torch.compile succeeded (fullgraph=True)
[compile] logits -> torch.compile succeeded (fullgraph=True)
[compile] logits -> torch.compile succeeded (fullgraph=True)
[compile] logits -> torch.compile succeeded (fullgraph=True)
[compile] logits -> torch.compile succeeded (fullgraph=True)
[compile] logits -> torch.compile succeeded (fullgraph=True)
W0421 05:26:27.245000 4242 torch/distributed/elastic/multiprocessing/api.py:908] Sending process 4318 closing signal SIGTERM
W0421 05:26:27.246000 4242 torch/distributed/elastic/multiprocessing/api.py:908] Sending process 4319 closing signal SIGTERM
W0421 05:26:27.246000 4242 torch/distributed/elastic/multiprocessing/api.py:908] Sending process 4321 closing signal SIGTERM
W0421 05:26:27.246000 4242 torch/distributed/elastic/multiprocessing/api.py:908] Sending process 4322 closing signal SIGTERM
W0421 05:26:27.247000 4242 torch/distributed/elastic/multiprocessing/api.py:908] Sending process 4323 closing signal SIGTERM
W0421 05:26:27.247000 4242 torch/distributed/elastic/multiprocessing/api.py:908] Sending process 4324 closing signal SIGTERM
W0421 05:26:27.247000 4242 torch/distributed/elastic/multiprocessing/api.py:908] Sending process 4325 closing signal SIGTERM
E0421 05:26:28.176000 4242 torch/distributed/elastic/multiprocessing/api.py:882] failed (exitcode: -9) local_rank: 2 (pid: 4320) of binary: /usr/local/bin/python
Traceback (most recent call last):
  File "/usr/local/bin/torchrun", line 7, in <module>
    sys.exit(main())
             ^^^^^^
  File "/usr/local/lib/python3.12/dist-packages/torch/distributed/elastic/multiprocessing/errors/__init__.py", line 357, in wrapper
    return f(*args, **kwargs)
           ^^^^^^^^^^^^^^^^^^
  File "/usr/local/lib/python3.12/dist-packages/torch/distributed/run.py", line 936, in main
    run(args)
  File "/usr/local/lib/python3.12/dist-packages/torch/distributed/run.py", line 927, in run
    elastic_launch(
  File "/usr/local/lib/python3.12/dist-packages/torch/distributed/launcher/api.py", line 156, in __call__
    return launch_agent(self._config, self._entrypoint, list(args))
           ^^^^^^^^^^^^^^^^^^^^^^^^^^^^^^^^^^^^^^^^^^^^^^^^^^^^^^^^
  File "/usr/local/lib/python3.12/dist-packages/torch/distributed/launcher/api.py", line 293, in launch_agent
    raise ChildFailedError(
torch.distributed.elastic.multiprocessing.errors.ChildFailedError: 
=====================================================
train_gpt.py FAILED
-----------------------------------------------------
Failures:
  <NO_OTHER_FAILURES>
-----------------------------------------------------
Root Cause (first observed failure):
[0]:
  time      : 2026-04-21_05:26:27
  host      : 8f9e71dd3259
  rank      : 2 (local_rank: 2)
  exitcode  : -9 (pid: 4320)
  error_file: <N/A>
  traceback : Signal 9 (SIGKILL) received by PID 4320
=====================================================
Snapshots: logs/h100_phase3a_fullrun_20260421_045319.snapshot.log  logs/h100_phase3a_fullrun_20260421_045319.full.log
